session_id,customer_id,session_date,device,pages_viewed,duration_minutes,resulted_in_purchase
SESS0000001,CUST00001,2026-03-10,Website - Desktop,11,16.9,True
SESS0000002,CUST00001,2026-06-06,Website - Desktop,25,25.0,True
SESS0000003,CUST00002,2026-04-18,Website - Desktop,9,22.6,False
SESS0000004,CUST00002,2026-05-05,Website - Desktop,4,18.7,False
SESS0000005,CUST00002,2026-07-12,Website - Mobile Browser,2,26.3,False
SESS0000006,CUST00002,2026-06-04,Website - Desktop,1,23.7,False
SESS0000007,CUST00002,2026-01-19,Mobile App,16,22.8,False
SESS0000008,CUST00002,2025-11-06,Website - Mobile Browser,3,23.3,True
SESS0000009,CUST00002,2025-12-13,Website - Desktop,20,16.4,False
SESS0000010,CUST00002,2025-09-09,Website - Mobile Browser,2,16.6,False
SESS0000011,CUST00002,2025-12-25,Website - Mobile Browser,1,26.1,False
SESS0000012,CUST00002,2026-05-15,Website - Mobile Browser,5,3.4,True
SESS0000013,CUST00003,2026-05-20,Website - Desktop,17,25.5,True
SESS0000014,CUST00003,2025-10-11,Mobile App,11,18.9,False
SESS0000015,CUST00003,2026-08-19,Website - Mobile Browser,13,28.4,False
SESS0000016,CUST00003,2025-12-07,Website - Mobile Browser,22,16.4,False
SESS0000017,CUST00003,2025-09-29,Mobile App,23,29.3,False
SESS0000018,CUST00003,2026-03-13,Website - Mobile Browser,18,13.5,False
SESS0000019,CUST00003,2026-03-02,Website - Desktop,19,9.7,False
SESS0000020,CUST00003,2026-05-26,Mobile App,11,10.5,False
SESS0000021,CUST00003,2025-10-23,Website - Desktop,22,2.0,True
SESS0000022,CUST00003,2025-09-06,Mobile App,24,18.2,True
SESS0000023,CUST00003,2026-06-09,Website - Mobile Browser,25,14.6,False
SESS0000024,CUST00003,2026-03-28,Website - Mobile Browser,13,26.7,True
SESS0000025,CUST00003,2025-11-21,Mobile App,3,14.5,False
SESS0000026,CUST00003,2026-06-01,Website - Mobile Browser,2,7.2,False
SESS0000027,CUST00003,2026-05-15,Website - Mobile Browser,13,6.6,False
SESS0000028,CUST00003,2026-08-17,Website - Desktop,23,19.6,True
SESS0000029,CUST00003,2025-10-05,Website - Mobile Browser,9,10.2,False
SESS0000030,CUST00004,2025-09-17,Website - Desktop,1,1.9,False
SESS0000031,CUST00004,2026-01-08,Website - Mobile Browser,19,9.4,True
SESS0000032,CUST00004,2026-04-09,Website - Mobile Browser,19,7.9,True
SESS0000033,CUST00004,2026-01-01,Website - Desktop,13,20.6,False
SESS0000034,CUST00004,2025-09-13,Website - Mobile Browser,18,18.6,False
SESS0000035,CUST00004,2026-04-18,Website - Desktop,2,10.1,False
SESS0000036,CUST00004,2025-10-10,Mobile App,1,24.7,False
SESS0000037,CUST00004,2025-12-12,Website - Desktop,14,26.0,False
SESS0000038,CUST00004,2026-05-19,Website - Desktop,11,16.4,True
SESS0000039,CUST00004,2026-02-06,Website - Desktop,10,23.2,False
SESS0000040,CUST00004,2026-08-15,Mobile App,17,24.3,True
SESS0000041,CUST00004,2026-06-12,Mobile App,8,25.8,False
SESS0000042,CUST00004,2026-08-18,Website - Desktop,13,23.6,False
SESS0000043,CUST00004,2026-03-18,Mobile App,25,12.9,False
SESS0000044,CUST00004,2026-07-14,Mobile App,4,12.2,False
SESS0000045,CUST00004,2026-04-09,Website - Mobile Browser,12,7.3,True
SESS0000046,CUST00004,2026-03-06,Website - Mobile Browser,22,13.1,False
SESS0000047,CUST00004,2026-03-29,Mobile App,6,5.0,True
SESS0000048,CUST00004,2025-12-31,Website - Desktop,14,28.9,False
SESS0000049,CUST00004,2025-12-07,Website - Mobile Browser,16,9.7,True
SESS0000050,CUST00004,2026-06-05,Website - Desktop,20,2.5,True
SESS0000051,CUST00004,2026-05-11,Mobile App,6,8.8,False
SESS0000052,CUST00004,2026-04-26,Mobile App,12,27.4,False
SESS0000053,CUST00004,2026-05-11,Website - Desktop,18,24.0,False
SESS0000054,CUST00005,2026-03-02,Mobile App,25,27.2,False
SESS0000055,CUST00005,2025-11-24,Mobile App,16,17.9,False
SESS0000056,CUST00005,2025-12-23,Website - Desktop,23,15.1,False
SESS0000057,CUST00006,2026-03-24,Mobile App,6,17.5,False
SESS0000058,CUST00006,2026-06-19,Website - Desktop,15,28.0,False
SESS0000059,CUST00006,2026-01-04,Website - Desktop,15,4.5,False
SESS0000060,CUST00006,2025-10-01,Website - Desktop,6,19.3,False
SESS0000061,CUST00006,2026-05-10,Mobile App,24,3.8,True
SESS0000062,CUST00006,2026-06-21,Mobile App,17,7.9,False
SESS0000063,CUST00006,2025-09-25,Website - Desktop,11,7.2,False
SESS0000064,CUST00006,2025-09-18,Website - Mobile Browser,24,11.9,False
SESS0000065,CUST00006,2026-07-12,Mobile App,15,16.8,False
SESS0000066,CUST00006,2026-02-14,Website - Mobile Browser,6,11.4,False
SESS0000067,CUST00006,2026-02-03,Website - Mobile Browser,6,9.6,True
SESS0000068,CUST00006,2026-01-06,Website - Mobile Browser,23,22.7,False
SESS0000069,CUST00007,2026-03-04,Website - Desktop,25,29.4,False
SESS0000070,CUST00007,2026-03-26,Mobile App,22,28.4,False
SESS0000071,CUST00007,2026-03-01,Website - Mobile Browser,12,8.9,False
SESS0000072,CUST00007,2026-01-16,Website - Mobile Browser,5,26.2,False
SESS0000073,CUST00007,2025-11-29,Mobile App,4,4.6,True
SESS0000074,CUST00007,2026-02-22,Website - Mobile Browser,15,8.9,False
SESS0000075,CUST00007,2026-01-26,Website - Mobile Browser,24,29.3,False
SESS0000076,CUST00007,2026-02-01,Website - Mobile Browser,24,24.6,True
SESS0000077,CUST00007,2026-07-28,Website - Desktop,25,12.2,True
SESS0000078,CUST00007,2026-02-19,Website - Mobile Browser,10,19.5,False
SESS0000079,CUST00007,2026-08-12,Mobile App,16,5.5,True
SESS0000080,CUST00007,2026-06-19,Website - Mobile Browser,18,11.7,True
SESS0000081,CUST00007,2025-10-17,Mobile App,16,10.9,True
SESS0000082,CUST00007,2025-10-11,Website - Mobile Browser,2,24.1,True
SESS0000083,CUST00007,2026-05-10,Website - Desktop,8,24.9,False
SESS0000084,CUST00007,2025-10-12,Website - Mobile Browser,21,6.2,False
SESS0000085,CUST00008,2026-05-07,Website - Desktop,24,16.6,False
SESS0000086,CUST00008,2026-07-03,Website - Desktop,20,26.9,False
SESS0000087,CUST00008,2025-10-08,Mobile App,10,0.8,False
SESS0000088,CUST00008,2025-11-11,Website - Mobile Browser,21,22.3,False
SESS0000089,CUST00008,2026-02-13,Website - Mobile Browser,13,13.5,False
SESS0000090,CUST00008,2026-05-22,Website - Mobile Browser,3,25.4,False
SESS0000091,CUST00008,2026-08-01,Mobile App,9,8.0,False
SESS0000092,CUST00008,2026-01-06,Website - Desktop,9,8.2,True
SESS0000093,CUST00008,2026-08-04,Website - Mobile Browser,7,24.7,False
SESS0000094,CUST00008,2026-03-31,Website - Mobile Browser,3,14.5,False
SESS0000095,CUST00008,2026-01-21,Website - Desktop,23,23.6,True
SESS0000096,CUST00008,2025-10-09,Website - Mobile Browser,22,19.7,False
SESS0000097,CUST00008,2026-03-20,Website - Mobile Browser,22,10.0,False
SESS0000098,CUST00008,2025-09-10,Mobile App,5,16.3,False
SESS0000099,CUST00009,2026-04-22,Website - Mobile Browser,9,26.3,False
SESS0000100,CUST00009,2026-05-24,Website - Mobile Browser,19,17.6,False
SESS0000101,CUST00009,2026-08-20,Website - Mobile Browser,17,23.4,False
SESS0000102,CUST00009,2026-05-14,Website - Mobile Browser,20,2.3,False
SESS0000103,CUST00009,2026-06-09,Website - Desktop,16,17.6,True
SESS0000104,CUST00009,2026-07-23,Website - Desktop,4,8.6,False
SESS0000105,CUST00009,2026-04-21,Mobile App,9,11.6,True
SESS0000106,CUST00009,2026-06-24,Mobile App,24,29.6,False
SESS0000107,CUST00009,2026-04-07,Website - Desktop,23,8.0,False
SESS0000108,CUST00009,2026-08-06,Mobile App,18,19.6,False
SESS0000109,CUST00009,2026-08-06,Mobile App,17,7.4,False
SESS0000110,CUST00009,2026-05-01,Mobile App,5,29.3,False
SESS0000111,CUST00009,2026-07-27,Website - Mobile Browser,18,15.2,False
SESS0000112,CUST00009,2026-06-09,Mobile App,19,6.7,True
SESS0000113,CUST00009,2026-04-18,Website - Mobile Browser,2,21.5,False
SESS0000114,CUST00009,2026-05-20,Mobile App,6,4.8,True
SESS0000115,CUST00009,2026-08-03,Mobile App,1,6.0,True
SESS0000116,CUST00009,2026-05-30,Mobile App,1,2.4,False
SESS0000117,CUST00009,2026-06-21,Website - Desktop,14,11.7,True
SESS0000118,CUST00009,2026-06-20,Mobile App,17,25.3,False
SESS0000119,CUST00009,2026-08-07,Website - Mobile Browser,22,14.7,False
SESS0000120,CUST00009,2026-07-21,Mobile App,18,3.0,False
SESS0000121,CUST00009,2026-06-07,Website - Desktop,13,24.0,False
SESS0000122,CUST00009,2026-07-12,Website - Mobile Browser,8,27.0,False
SESS0000123,CUST00009,2026-06-26,Website - Desktop,21,7.7,False
SESS0000124,CUST00009,2026-07-18,Website - Mobile Browser,17,22.8,False
SESS0000125,CUST00009,2026-06-12,Website - Desktop,14,23.6,False
SESS0000126,CUST00009,2026-06-05,Website - Mobile Browser,21,4.6,False
SESS0000127,CUST00009,2026-06-04,Website - Desktop,19,9.8,False
SESS0000128,CUST00009,2026-06-04,Mobile App,2,0.6,False
SESS0000129,CUST00009,2026-08-02,Mobile App,15,25.1,False
SESS0000130,CUST00009,2026-05-17,Mobile App,1,11.4,False
SESS0000131,CUST00010,2026-08-13,Website - Mobile Browser,19,11.7,False
SESS0000132,CUST00010,2026-08-08,Website - Desktop,1,27.1,True
SESS0000133,CUST00010,2026-07-28,Website - Desktop,22,12.0,False
SESS0000134,CUST00010,2026-07-21,Mobile App,1,27.2,False
SESS0000135,CUST00010,2026-07-28,Website - Desktop,10,26.1,False
SESS0000136,CUST00010,2026-08-03,Website - Mobile Browser,8,29.6,True
SESS0000137,CUST00010,2026-08-20,Website - Desktop,18,10.1,False
SESS0000138,CUST00010,2026-08-17,Website - Mobile Browser,9,23.3,False
SESS0000139,CUST00010,2026-08-11,Website - Mobile Browser,20,0.9,False
SESS0000140,CUST00010,2026-08-07,Mobile App,14,12.9,True
SESS0000141,CUST00010,2026-08-16,Website - Mobile Browser,5,11.6,False
SESS0000142,CUST00010,2026-08-09,Website - Mobile Browser,20,12.5,False
SESS0000143,CUST00010,2026-08-04,Website - Desktop,1,16.1,False
SESS0000144,CUST00010,2026-08-13,Website - Mobile Browser,18,15.8,False
SESS0000145,CUST00010,2026-08-10,Mobile App,16,16.1,False
SESS0000146,CUST00010,2026-08-04,Website - Mobile Browser,16,23.6,True
SESS0000147,CUST00010,2026-07-17,Mobile App,12,24.2,False
SESS0000148,CUST00010,2026-08-03,Website - Desktop,15,25.4,False
SESS0000149,CUST00010,2026-07-19,Website - Desktop,1,20.9,False
SESS0000150,CUST00010,2026-08-06,Mobile App,3,4.4,False
SESS0000151,CUST00010,2026-08-04,Website - Desktop,15,25.6,False
SESS0000152,CUST00011,2026-05-06,Website - Mobile Browser,6,11.7,False
SESS0000153,CUST00011,2026-07-04,Mobile App,18,25.7,False
SESS0000154,CUST00011,2026-05-22,Website - Mobile Browser,12,28.1,False
SESS0000155,CUST00011,2026-06-23,Website - Desktop,12,10.4,False
SESS0000156,CUST00011,2026-08-10,Mobile App,15,14.9,False
SESS0000157,CUST00011,2026-05-14,Mobile App,22,22.6,False
SESS0000158,CUST00011,2026-08-14,Website - Desktop,20,6.0,True
SESS0000159,CUST00011,2026-05-21,Website - Mobile Browser,22,24.0,False
SESS0000160,CUST00011,2026-05-03,Mobile App,9,3.2,False
SESS0000161,CUST00011,2026-07-28,Website - Desktop,5,13.4,True
SESS0000162,CUST00011,2026-05-28,Mobile App,20,28.3,False
SESS0000163,CUST00011,2026-07-19,Website - Mobile Browser,3,13.8,False
SESS0000164,CUST00011,2026-08-09,Website - Desktop,24,22.1,False
SESS0000165,CUST00011,2026-06-20,Mobile App,4,24.8,False
SESS0000166,CUST00011,2026-07-31,Website - Desktop,12,14.8,False
SESS0000167,CUST00011,2026-07-08,Website - Desktop,14,23.5,True
SESS0000168,CUST00011,2026-06-15,Website - Mobile Browser,5,4.2,False
SESS0000169,CUST00011,2026-05-06,Website - Desktop,1,21.5,True
SESS0000170,CUST00011,2026-08-06,Website - Mobile Browser,2,2.4,False
SESS0000171,CUST00011,2026-05-03,Website - Mobile Browser,11,12.6,False
SESS0000172,CUST00011,2026-06-19,Website - Desktop,6,6.7,True
SESS0000173,CUST00011,2026-06-16,Website - Desktop,6,15.3,False
SESS0000174,CUST00011,2026-08-06,Website - Mobile Browser,11,26.7,False
SESS0000175,CUST00011,2026-06-05,Website - Desktop,1,2.2,False
SESS0000176,CUST00011,2026-05-30,Website - Mobile Browser,17,5.9,False
SESS0000177,CUST00011,2026-05-13,Website - Mobile Browser,15,7.6,True
SESS0000178,CUST00011,2026-05-12,Website - Desktop,3,12.0,False
SESS0000179,CUST00011,2026-05-20,Website - Desktop,1,14.7,True
SESS0000180,CUST00011,2026-05-17,Website - Desktop,18,19.4,False
SESS0000181,CUST00011,2026-05-29,Mobile App,3,3.9,False
SESS0000182,CUST00011,2026-05-11,Mobile App,20,5.8,False
SESS0000183,CUST00011,2026-06-04,Mobile App,22,3.0,True
SESS0000184,CUST00011,2026-06-16,Mobile App,24,26.5,False
SESS0000185,CUST00011,2026-05-20,Mobile App,15,2.1,False
SESS0000186,CUST00011,2026-07-09,Mobile App,2,1.5,True
SESS0000187,CUST00011,2026-06-06,Website - Desktop,19,9.8,True
SESS0000188,CUST00012,2025-09-05,Website - Desktop,23,25.0,False
SESS0000189,CUST00012,2025-09-17,Website - Mobile Browser,19,23.7,False
SESS0000190,CUST00012,2026-01-14,Website - Desktop,23,9.1,False
SESS0000191,CUST00012,2025-12-20,Mobile App,19,15.9,False
SESS0000192,CUST00012,2026-01-22,Website - Mobile Browser,19,6.8,False
SESS0000193,CUST00012,2025-12-21,Website - Desktop,5,18.1,False
SESS0000194,CUST00012,2026-01-09,Website - Desktop,25,3.9,False
SESS0000195,CUST00012,2026-06-20,Mobile App,20,23.9,False
SESS0000196,CUST00012,2025-10-09,Mobile App,16,6.5,False
SESS0000197,CUST00012,2025-11-07,Website - Mobile Browser,3,6.8,False
SESS0000198,CUST00012,2026-05-24,Mobile App,2,8.1,True
SESS0000199,CUST00012,2026-03-25,Website - Desktop,25,17.1,False
SESS0000200,CUST00012,2026-02-20,Mobile App,22,5.9,False
SESS0000201,CUST00012,2026-05-24,Website - Desktop,7,29.1,False
SESS0000202,CUST00012,2026-01-12,Website - Mobile Browser,12,13.4,False
SESS0000203,CUST00012,2025-10-07,Mobile App,11,26.2,True
SESS0000204,CUST00012,2025-09-17,Website - Mobile Browser,2,12.5,False
SESS0000205,CUST00012,2026-02-10,Website - Mobile Browser,14,1.6,False
SESS0000206,CUST00012,2026-01-20,Mobile App,19,16.7,False
SESS0000207,CUST00012,2026-02-17,Website - Desktop,10,28.0,False
SESS0000208,CUST00012,2026-01-20,Website - Mobile Browser,10,29.0,False
SESS0000209,CUST00012,2025-11-19,Mobile App,13,27.7,False
SESS0000210,CUST00012,2026-07-12,Website - Mobile Browser,10,12.5,True
SESS0000211,CUST00012,2025-12-01,Mobile App,11,10.4,False
SESS0000212,CUST00012,2026-08-08,Website - Desktop,9,21.3,False
SESS0000213,CUST00012,2026-04-27,Website - Desktop,20,10.4,True
SESS0000214,CUST00012,2025-11-23,Website - Desktop,6,6.6,True
SESS0000215,CUST00012,2026-03-14,Mobile App,20,1.5,False
SESS0000216,CUST00012,2026-06-05,Website - Desktop,4,1.8,False
SESS0000217,CUST00012,2025-12-14,Website - Desktop,24,1.3,False
SESS0000218,CUST00013,2026-07-28,Mobile App,4,28.6,False
SESS0000219,CUST00013,2026-07-15,Website - Desktop,25,15.5,False
SESS0000220,CUST00013,2026-08-07,Website - Mobile Browser,22,1.1,False
SESS0000221,CUST00013,2026-07-20,Website - Desktop,23,28.3,False
SESS0000222,CUST00013,2026-08-20,Mobile App,22,21.2,True
SESS0000223,CUST00013,2026-07-27,Mobile App,13,21.7,False
SESS0000224,CUST00014,2026-08-20,Website - Desktop,9,21.1,True
SESS0000225,CUST00014,2026-08-01,Mobile App,1,26.8,False
SESS0000226,CUST00014,2026-07-09,Mobile App,15,27.1,False
SESS0000227,CUST00014,2026-06-28,Website - Mobile Browser,12,26.2,True
SESS0000228,CUST00014,2026-08-13,Mobile App,14,22.9,False
SESS0000229,CUST00014,2026-06-30,Mobile App,3,9.9,False
SESS0000230,CUST00014,2026-05-19,Website - Mobile Browser,6,27.2,False
SESS0000231,CUST00014,2026-07-02,Website - Mobile Browser,22,20.7,False
SESS0000232,CUST00014,2026-08-05,Website - Mobile Browser,20,10.5,False
SESS0000233,CUST00014,2026-06-15,Mobile App,16,3.4,False
SESS0000234,CUST00014,2026-08-19,Mobile App,5,14.2,False
SESS0000235,CUST00014,2026-05-19,Website - Desktop,23,22.4,False
SESS0000236,CUST00014,2026-08-15,Website - Mobile Browser,1,27.4,False
SESS0000237,CUST00014,2026-07-03,Mobile App,2,0.8,False
SESS0000238,CUST00015,2026-03-30,Mobile App,10,23.3,True
SESS0000239,CUST00015,2026-06-25,Website - Mobile Browser,19,4.0,False
SESS0000240,CUST00015,2026-01-11,Mobile App,2,26.4,False
SESS0000241,CUST00015,2026-01-01,Website - Mobile Browser,20,21.1,False
SESS0000242,CUST00015,2026-04-11,Mobile App,3,16.5,False
SESS0000243,CUST00015,2026-03-26,Mobile App,8,29.7,False
SESS0000244,CUST00015,2026-02-27,Website - Mobile Browser,20,26.8,False
SESS0000245,CUST00015,2025-09-13,Website - Desktop,12,22.9,False
SESS0000246,CUST00015,2026-05-20,Website - Desktop,22,17.2,True
SESS0000247,CUST00015,2026-03-18,Website - Desktop,13,2.6,True
SESS0000248,CUST00015,2025-12-13,Website - Desktop,19,28.2,True
SESS0000249,CUST00015,2026-01-16,Mobile App,13,17.4,False
SESS0000250,CUST00015,2025-10-11,Website - Mobile Browser,2,2.7,False
SESS0000251,CUST00015,2025-10-17,Website - Desktop,16,8.3,False
SESS0000252,CUST00015,2026-03-15,Mobile App,16,15.3,False
SESS0000253,CUST00015,2025-12-06,Mobile App,23,26.7,True
SESS0000254,CUST00015,2026-01-30,Mobile App,19,25.5,False
SESS0000255,CUST00015,2026-04-04,Website - Mobile Browser,12,25.9,True
SESS0000256,CUST00015,2026-08-06,Website - Desktop,16,14.0,False
SESS0000257,CUST00015,2025-12-20,Mobile App,11,10.2,True
SESS0000258,CUST00015,2026-04-29,Website - Mobile Browser,12,24.9,True
SESS0000259,CUST00015,2025-12-29,Mobile App,13,9.7,True
SESS0000260,CUST00015,2025-11-29,Website - Desktop,6,8.9,False
SESS0000261,CUST00015,2026-05-25,Website - Desktop,6,17.7,False
SESS0000262,CUST00015,2026-02-06,Website - Mobile Browser,19,21.2,True
SESS0000263,CUST00015,2025-11-24,Mobile App,10,10.3,True
SESS0000264,CUST00015,2026-08-15,Mobile App,24,23.7,False
SESS0000265,CUST00015,2025-12-28,Website - Mobile Browser,14,25.2,True
SESS0000266,CUST00015,2026-02-09,Mobile App,1,19.3,False
SESS0000267,CUST00015,2026-03-31,Website - Mobile Browser,14,15.6,False
SESS0000268,CUST00015,2025-09-02,Mobile App,4,3.1,False
SESS0000269,CUST00015,2026-05-03,Mobile App,5,18.7,True
SESS0000270,CUST00015,2026-04-17,Website - Mobile Browser,11,28.8,False
SESS0000271,CUST00015,2025-08-28,Website - Desktop,11,22.7,False
SESS0000272,CUST00015,2026-02-15,Website - Mobile Browser,18,13.8,False
SESS0000273,CUST00015,2026-07-17,Mobile App,3,5.5,False
SESS0000274,CUST00015,2026-04-26,Website - Desktop,10,5.4,True
SESS0000275,CUST00015,2026-01-23,Mobile App,14,20.3,False
SESS0000276,CUST00015,2026-07-15,Mobile App,23,4.7,False
SESS0000277,CUST00016,2026-05-07,Mobile App,3,8.0,False
SESS0000278,CUST00016,2026-05-28,Mobile App,23,18.1,True
SESS0000279,CUST00016,2026-03-08,Website - Desktop,4,3.2,False
SESS0000280,CUST00016,2026-06-06,Mobile App,8,21.6,False
SESS0000281,CUST00016,2026-04-17,Mobile App,7,13.2,False
SESS0000282,CUST00016,2025-09-23,Mobile App,21,24.0,False
SESS0000283,CUST00016,2025-09-07,Mobile App,3,10.9,False
SESS0000284,CUST00016,2026-06-22,Mobile App,17,17.4,False
SESS0000285,CUST00016,2026-04-25,Mobile App,22,11.3,True
SESS0000286,CUST00016,2026-04-26,Mobile App,25,3.8,False
SESS0000287,CUST00016,2026-01-01,Website - Mobile Browser,12,10.3,False
SESS0000288,CUST00016,2026-06-15,Website - Mobile Browser,19,26.5,False
SESS0000289,CUST00016,2026-06-20,Website - Desktop,23,29.2,True
SESS0000290,CUST00016,2026-01-02,Website - Mobile Browser,4,11.8,False
SESS0000291,CUST00016,2025-10-29,Website - Mobile Browser,2,22.6,False
SESS0000292,CUST00016,2026-05-30,Mobile App,16,16.3,False
SESS0000293,CUST00016,2026-05-04,Website - Mobile Browser,7,2.5,False
SESS0000294,CUST00016,2025-08-30,Website - Mobile Browser,5,15.5,False
SESS0000295,CUST00016,2026-02-09,Mobile App,17,8.6,False
SESS0000296,CUST00016,2026-07-30,Website - Desktop,2,19.9,False
SESS0000297,CUST00016,2026-02-03,Mobile App,6,21.8,False
SESS0000298,CUST00016,2025-11-14,Mobile App,2,5.7,True
SESS0000299,CUST00016,2025-09-03,Website - Desktop,18,4.3,False
SESS0000300,CUST00016,2025-12-06,Mobile App,5,20.0,True
SESS0000301,CUST00016,2026-07-24,Website - Desktop,3,8.7,False
SESS0000302,CUST00016,2026-01-02,Website - Desktop,21,6.7,True
SESS0000303,CUST00016,2025-09-28,Website - Mobile Browser,17,22.6,True
SESS0000304,CUST00016,2026-04-04,Website - Desktop,19,18.3,True
SESS0000305,CUST00016,2025-12-14,Mobile App,22,4.2,False
SESS0000306,CUST00016,2026-05-12,Mobile App,5,1.6,True
SESS0000307,CUST00016,2025-11-19,Mobile App,9,28.1,False
SESS0000308,CUST00016,2026-02-20,Mobile App,5,4.4,False
SESS0000309,CUST00016,2026-01-04,Website - Desktop,5,21.0,True
SESS0000310,CUST00017,2025-12-06,Website - Mobile Browser,7,1.7,False
SESS0000311,CUST00017,2026-07-18,Mobile App,17,3.3,False
SESS0000312,CUST00017,2026-05-08,Mobile App,14,8.0,True
SESS0000313,CUST00017,2025-11-10,Website - Mobile Browser,2,10.7,False
SESS0000314,CUST00017,2025-11-05,Mobile App,15,14.0,False
SESS0000315,CUST00017,2026-06-18,Website - Mobile Browser,4,18.5,False
SESS0000316,CUST00017,2026-01-16,Mobile App,22,1.2,True
SESS0000317,CUST00017,2026-07-06,Website - Mobile Browser,3,12.8,False
SESS0000318,CUST00017,2026-03-19,Website - Mobile Browser,24,2.7,False
SESS0000319,CUST00017,2026-02-20,Website - Mobile Browser,2,25.9,True
SESS0000320,CUST00017,2026-03-13,Website - Mobile Browser,17,6.9,False
SESS0000321,CUST00017,2026-04-21,Mobile App,9,7.8,False
SESS0000322,CUST00017,2026-03-18,Website - Mobile Browser,9,2.5,False
SESS0000323,CUST00017,2026-04-29,Mobile App,5,17.2,False
SESS0000324,CUST00017,2026-03-18,Mobile App,4,12.9,True
SESS0000325,CUST00017,2025-09-19,Mobile App,12,12.5,False
SESS0000326,CUST00017,2025-10-12,Website - Desktop,13,14.1,False
SESS0000327,CUST00017,2025-09-19,Mobile App,13,7.4,False
SESS0000328,CUST00017,2025-11-28,Mobile App,3,17.3,False
SESS0000329,CUST00017,2026-03-20,Website - Desktop,12,2.3,False
SESS0000330,CUST00017,2025-11-17,Website - Desktop,10,19.9,False
SESS0000331,CUST00017,2026-03-03,Website - Desktop,13,29.4,False
SESS0000332,CUST00017,2026-06-04,Website - Mobile Browser,25,6.1,False
SESS0000333,CUST00018,2025-11-04,Website - Desktop,1,9.4,False
SESS0000334,CUST00018,2026-04-28,Mobile App,15,6.1,False
SESS0000335,CUST00018,2026-08-19,Website - Desktop,5,13.3,False
SESS0000336,CUST00018,2026-05-03,Mobile App,10,29.1,False
SESS0000337,CUST00018,2026-03-06,Website - Desktop,22,4.6,False
SESS0000338,CUST00018,2025-11-26,Website - Desktop,21,16.9,False
SESS0000339,CUST00018,2026-03-16,Website - Mobile Browser,5,3.5,False
SESS0000340,CUST00018,2026-02-06,Website - Mobile Browser,21,26.6,True
SESS0000341,CUST00018,2026-07-30,Website - Mobile Browser,16,28.5,False
SESS0000342,CUST00018,2026-04-14,Website - Mobile Browser,20,3.4,False
SESS0000343,CUST00018,2026-08-01,Website - Desktop,5,19.4,False
SESS0000344,CUST00018,2025-09-14,Website - Mobile Browser,3,19.9,False
SESS0000345,CUST00018,2026-07-30,Website - Desktop,9,7.0,False
SESS0000346,CUST00018,2026-01-29,Mobile App,5,21.7,False
SESS0000347,CUST00018,2026-08-20,Website - Desktop,15,29.2,True
SESS0000348,CUST00018,2025-12-03,Website - Desktop,22,2.2,False
SESS0000349,CUST00018,2026-04-28,Mobile App,8,8.2,True
SESS0000350,CUST00018,2026-02-10,Mobile App,23,7.6,True
SESS0000351,CUST00018,2026-01-04,Website - Desktop,22,16.1,False
SESS0000352,CUST00018,2026-05-27,Website - Desktop,24,8.4,False
SESS0000353,CUST00018,2026-07-11,Website - Mobile Browser,13,27.5,False
SESS0000354,CUST00018,2025-11-15,Website - Desktop,16,10.3,False
SESS0000355,CUST00018,2025-12-05,Website - Mobile Browser,23,26.9,False
SESS0000356,CUST00018,2026-01-25,Website - Desktop,24,23.3,False
SESS0000357,CUST00018,2026-02-04,Website - Mobile Browser,11,28.4,False
SESS0000358,CUST00018,2025-08-28,Mobile App,14,11.4,False
SESS0000359,CUST00019,2026-05-03,Website - Desktop,13,28.0,False
SESS0000360,CUST00019,2026-04-18,Website - Mobile Browser,13,28.9,True
SESS0000361,CUST00019,2026-06-24,Mobile App,9,4.2,True
SESS0000362,CUST00019,2026-04-10,Website - Desktop,12,1.2,False
SESS0000363,CUST00019,2026-07-17,Mobile App,19,10.3,False
SESS0000364,CUST00019,2026-08-18,Website - Mobile Browser,10,15.5,False
SESS0000365,CUST00019,2026-06-04,Mobile App,25,12.3,True
SESS0000366,CUST00019,2026-04-17,Website - Desktop,19,11.7,False
SESS0000367,CUST00019,2026-05-11,Website - Desktop,6,3.8,False
SESS0000368,CUST00019,2026-04-29,Mobile App,15,26.2,False
SESS0000369,CUST00019,2026-05-19,Mobile App,12,23.4,False
SESS0000370,CUST00019,2026-07-01,Mobile App,9,5.9,True
SESS0000371,CUST00019,2026-04-20,Website - Desktop,2,29.9,False
SESS0000372,CUST00019,2026-06-11,Website - Mobile Browser,18,17.7,False
SESS0000373,CUST00019,2026-07-26,Mobile App,14,24.6,False
SESS0000374,CUST00019,2026-06-27,Website - Desktop,10,6.8,False
SESS0000375,CUST00019,2026-07-01,Website - Desktop,19,12.7,False
SESS0000376,CUST00020,2025-12-25,Mobile App,4,28.9,False
SESS0000377,CUST00020,2025-11-25,Mobile App,1,16.3,False
SESS0000378,CUST00020,2025-10-04,Mobile App,16,28.2,False
SESS0000379,CUST00020,2025-11-20,Mobile App,5,28.0,True
SESS0000380,CUST00020,2025-12-27,Website - Mobile Browser,18,13.7,False
SESS0000381,CUST00020,2025-09-15,Website - Mobile Browser,9,9.9,True
SESS0000382,CUST00020,2025-12-25,Website - Mobile Browser,9,22.3,True
SESS0000383,CUST00020,2026-06-08,Website - Mobile Browser,15,8.2,False
SESS0000384,CUST00020,2026-08-01,Website - Mobile Browser,22,15.2,True
SESS0000385,CUST00020,2026-06-02,Mobile App,21,29.0,False
SESS0000386,CUST00020,2026-04-07,Website - Mobile Browser,1,20.9,False
SESS0000387,CUST00020,2026-05-29,Website - Desktop,24,24.7,False
SESS0000388,CUST00020,2026-04-09,Website - Desktop,15,13.9,False
SESS0000389,CUST00020,2026-03-23,Website - Desktop,22,10.1,True
SESS0000390,CUST00020,2025-09-26,Website - Desktop,1,3.8,False
SESS0000391,CUST00020,2025-09-17,Website - Mobile Browser,2,27.8,False
SESS0000392,CUST00020,2025-09-08,Website - Desktop,5,24.5,False
SESS0000393,CUST00020,2025-12-17,Mobile App,1,27.9,False
SESS0000394,CUST00020,2026-06-28,Website - Mobile Browser,17,19.9,True
SESS0000395,CUST00020,2025-09-19,Mobile App,5,14.8,False
SESS0000396,CUST00020,2025-10-11,Website - Mobile Browser,5,2.4,True
SESS0000397,CUST00020,2026-07-23,Website - Desktop,22,25.5,True
SESS0000398,CUST00020,2026-02-02,Website - Desktop,1,18.3,False
SESS0000399,CUST00020,2025-12-13,Website - Mobile Browser,23,23.9,False
SESS0000400,CUST00020,2026-04-09,Mobile App,25,12.2,False
SESS0000401,CUST00020,2025-09-19,Website - Mobile Browser,3,15.1,True
SESS0000402,CUST00020,2026-04-27,Mobile App,7,4.1,False
SESS0000403,CUST00020,2026-03-16,Website - Desktop,12,21.4,False
SESS0000404,CUST00020,2025-12-11,Website - Desktop,6,27.2,True
SESS0000405,CUST00021,2026-01-11,Website - Mobile Browser,24,19.1,False
SESS0000406,CUST00021,2025-09-30,Mobile App,12,4.3,False
SESS0000407,CUST00021,2026-05-24,Website - Mobile Browser,12,24.9,False
SESS0000408,CUST00021,2025-11-18,Website - Mobile Browser,7,27.3,True
SESS0000409,CUST00021,2026-03-30,Mobile App,21,21.0,False
SESS0000410,CUST00021,2026-04-21,Mobile App,23,18.7,False
SESS0000411,CUST00021,2025-08-30,Website - Mobile Browser,20,5.6,False
SESS0000412,CUST00021,2026-01-12,Website - Desktop,23,21.0,False
SESS0000413,CUST00021,2026-06-09,Mobile App,12,7.2,False
SESS0000414,CUST00021,2026-07-09,Website - Desktop,3,15.5,False
SESS0000415,CUST00021,2026-04-06,Website - Desktop,13,3.2,True
SESS0000416,CUST00022,2025-12-27,Mobile App,17,6.0,False
SESS0000417,CUST00022,2026-07-30,Mobile App,25,15.4,True
SESS0000418,CUST00022,2026-06-04,Mobile App,13,1.6,True
SESS0000419,CUST00022,2026-02-06,Mobile App,5,12.2,False
SESS0000420,CUST00022,2025-12-23,Website - Mobile Browser,8,26.8,False
SESS0000421,CUST00022,2025-11-04,Website - Mobile Browser,21,28.9,False
SESS0000422,CUST00022,2025-10-02,Website - Desktop,22,23.9,False
SESS0000423,CUST00022,2026-03-29,Website - Mobile Browser,25,8.2,False
SESS0000424,CUST00022,2025-09-20,Website - Desktop,16,6.4,False
SESS0000425,CUST00022,2026-06-07,Website - Desktop,5,4.8,False
SESS0000426,CUST00022,2025-11-04,Mobile App,23,29.5,True
SESS0000427,CUST00022,2026-03-21,Mobile App,23,15.5,False
SESS0000428,CUST00022,2026-04-13,Website - Mobile Browser,10,8.0,True
SESS0000429,CUST00022,2025-11-27,Website - Mobile Browser,22,25.8,False
SESS0000430,CUST00022,2026-01-25,Website - Mobile Browser,22,29.7,False
SESS0000431,CUST00022,2026-05-14,Mobile App,6,22.2,False
SESS0000432,CUST00022,2026-02-03,Mobile App,13,5.9,False
SESS0000433,CUST00022,2025-11-22,Website - Desktop,7,11.5,True
SESS0000434,CUST00022,2026-06-09,Website - Desktop,8,25.1,False
SESS0000435,CUST00022,2025-09-17,Website - Mobile Browser,16,26.0,False
SESS0000436,CUST00022,2025-12-17,Website - Mobile Browser,4,16.2,False
SESS0000437,CUST00022,2026-01-30,Website - Mobile Browser,16,8.6,False
SESS0000438,CUST00022,2026-08-07,Mobile App,16,20.2,False
SESS0000439,CUST00022,2026-05-25,Website - Mobile Browser,10,23.3,False
SESS0000440,CUST00022,2025-12-17,Website - Desktop,5,0.9,False
SESS0000441,CUST00022,2026-07-11,Mobile App,25,11.9,False
SESS0000442,CUST00022,2026-06-02,Mobile App,17,23.6,False
SESS0000443,CUST00022,2025-10-19,Mobile App,19,24.9,False
SESS0000444,CUST00022,2025-12-16,Website - Desktop,13,2.4,False
SESS0000445,CUST00023,2025-12-28,Mobile App,12,9.9,False
SESS0000446,CUST00023,2026-01-06,Mobile App,21,20.0,False
SESS0000447,CUST00023,2025-08-29,Website - Desktop,24,8.4,True
SESS0000448,CUST00023,2026-03-26,Website - Mobile Browser,11,10.2,False
SESS0000449,CUST00023,2026-04-28,Website - Mobile Browser,22,3.2,False
SESS0000450,CUST00023,2025-09-16,Website - Mobile Browser,7,17.9,False
SESS0000451,CUST00023,2026-02-25,Website - Desktop,12,24.2,True
SESS0000452,CUST00023,2026-06-23,Mobile App,5,1.0,True
SESS0000453,CUST00023,2026-07-02,Mobile App,22,0.9,False
SESS0000454,CUST00023,2026-01-25,Website - Mobile Browser,16,3.3,False
SESS0000455,CUST00023,2025-11-05,Mobile App,5,9.6,False
SESS0000456,CUST00023,2025-11-07,Website - Mobile Browser,8,22.7,False
SESS0000457,CUST00023,2026-07-20,Website - Mobile Browser,13,14.2,False
SESS0000458,CUST00023,2026-06-05,Website - Desktop,13,1.6,False
SESS0000459,CUST00023,2025-12-27,Website - Desktop,7,2.7,False
SESS0000460,CUST00023,2026-04-24,Website - Desktop,8,2.9,False
SESS0000461,CUST00023,2026-05-04,Mobile App,5,13.4,False
SESS0000462,CUST00023,2026-08-15,Mobile App,15,28.8,False
SESS0000463,CUST00023,2026-03-30,Website - Mobile Browser,18,18.8,False
SESS0000464,CUST00023,2025-12-24,Website - Desktop,12,7.5,False
SESS0000465,CUST00023,2026-03-23,Mobile App,21,20.7,False
SESS0000466,CUST00023,2026-08-08,Website - Mobile Browser,23,9.6,True
SESS0000467,CUST00023,2026-04-05,Mobile App,21,23.2,False
SESS0000468,CUST00023,2026-01-24,Mobile App,1,28.6,False
SESS0000469,CUST00023,2025-10-24,Website - Mobile Browser,21,10.4,False
SESS0000470,CUST00023,2026-02-06,Mobile App,2,5.2,False
SESS0000471,CUST00023,2026-06-07,Website - Desktop,1,23.4,False
SESS0000472,CUST00023,2025-09-11,Website - Desktop,9,29.8,False
SESS0000473,CUST00023,2025-11-13,Website - Desktop,10,14.7,False
SESS0000474,CUST00023,2025-08-28,Mobile App,5,12.9,False
SESS0000475,CUST00024,2025-11-15,Website - Desktop,10,16.6,False
SESS0000476,CUST00024,2025-11-17,Website - Desktop,13,9.3,False
SESS0000477,CUST00024,2026-04-08,Website - Desktop,10,26.6,True
SESS0000478,CUST00024,2025-11-21,Mobile App,13,26.8,False
SESS0000479,CUST00024,2026-05-18,Mobile App,9,25.8,True
SESS0000480,CUST00024,2026-08-04,Website - Desktop,8,10.9,False
SESS0000481,CUST00024,2025-12-24,Website - Desktop,7,1.6,False
SESS0000482,CUST00024,2026-05-20,Website - Desktop,19,13.1,True
SESS0000483,CUST00024,2025-11-08,Website - Desktop,15,2.8,False
SESS0000484,CUST00024,2025-11-01,Website - Mobile Browser,21,11.1,False
SESS0000485,CUST00024,2026-08-18,Website - Desktop,8,10.0,True
SESS0000486,CUST00024,2026-01-04,Website - Desktop,19,14.2,True
SESS0000487,CUST00024,2025-09-22,Website - Desktop,12,3.7,False
SESS0000488,CUST00024,2025-09-06,Website - Desktop,14,20.4,False
SESS0000489,CUST00024,2025-10-07,Mobile App,3,25.7,False
SESS0000490,CUST00024,2025-12-09,Website - Mobile Browser,20,25.6,False
SESS0000491,CUST00024,2025-11-04,Website - Desktop,20,12.1,False
SESS0000492,CUST00024,2026-03-25,Website - Desktop,22,13.3,False
SESS0000493,CUST00024,2026-05-29,Website - Desktop,25,8.2,False
SESS0000494,CUST00024,2025-09-11,Website - Desktop,24,7.0,False
SESS0000495,CUST00024,2025-09-06,Mobile App,10,18.6,False
SESS0000496,CUST00024,2025-11-06,Website - Mobile Browser,19,7.7,False
SESS0000497,CUST00024,2025-10-28,Website - Mobile Browser,9,8.6,False
SESS0000498,CUST00024,2026-07-11,Mobile App,19,26.5,False
SESS0000499,CUST00024,2026-05-12,Website - Desktop,1,16.0,False
SESS0000500,CUST00025,2025-12-27,Mobile App,5,7.1,False
SESS0000501,CUST00025,2026-03-14,Website - Mobile Browser,14,4.3,False
SESS0000502,CUST00025,2025-10-30,Website - Mobile Browser,7,29.7,False
SESS0000503,CUST00025,2025-09-03,Website - Mobile Browser,21,23.2,False
SESS0000504,CUST00025,2026-06-26,Website - Desktop,4,7.9,True
SESS0000505,CUST00025,2026-07-20,Mobile App,25,17.3,True
SESS0000506,CUST00025,2025-09-03,Website - Mobile Browser,6,3.9,False
SESS0000507,CUST00025,2026-04-27,Mobile App,16,10.1,False
SESS0000508,CUST00025,2026-01-10,Website - Mobile Browser,12,6.2,False
SESS0000509,CUST00025,2026-06-06,Website - Desktop,12,10.4,False
SESS0000510,CUST00025,2025-10-05,Mobile App,25,4.2,False
SESS0000511,CUST00025,2026-07-30,Mobile App,10,8.7,False
SESS0000512,CUST00025,2025-12-14,Website - Desktop,13,27.9,True
SESS0000513,CUST00025,2025-11-21,Website - Mobile Browser,8,17.2,False
SESS0000514,CUST00025,2026-06-14,Mobile App,24,26.3,True
SESS0000515,CUST00025,2026-04-21,Mobile App,7,22.1,False
SESS0000516,CUST00025,2026-07-31,Website - Desktop,12,16.1,False
SESS0000517,CUST00025,2026-08-13,Mobile App,11,17.7,False
SESS0000518,CUST00025,2026-08-21,Website - Desktop,1,16.9,False
SESS0000519,CUST00025,2026-07-10,Mobile App,19,18.5,False
SESS0000520,CUST00025,2026-07-09,Website - Desktop,23,11.1,False
SESS0000521,CUST00025,2025-09-19,Website - Desktop,23,10.2,False
SESS0000522,CUST00025,2025-10-17,Mobile App,3,7.1,False
SESS0000523,CUST00025,2026-07-25,Website - Desktop,2,26.6,False
SESS0000524,CUST00025,2026-06-09,Mobile App,7,25.0,True
SESS0000525,CUST00025,2025-11-04,Website - Mobile Browser,24,4.5,False
SESS0000526,CUST00025,2026-01-10,Mobile App,10,14.0,True
SESS0000527,CUST00025,2026-01-08,Website - Desktop,7,19.9,True
SESS0000528,CUST00025,2026-03-30,Mobile App,22,13.8,False
SESS0000529,CUST00025,2026-08-13,Website - Mobile Browser,24,20.9,False
SESS0000530,CUST00025,2025-11-23,Website - Desktop,18,25.0,True
SESS0000531,CUST00025,2025-09-12,Website - Mobile Browser,11,21.5,False
SESS0000532,CUST00025,2026-04-05,Website - Mobile Browser,9,11.8,False
SESS0000533,CUST00025,2025-11-03,Mobile App,5,26.6,False
SESS0000534,CUST00025,2026-03-07,Website - Mobile Browser,22,29.2,False
SESS0000535,CUST00026,2026-07-28,Mobile App,15,8.3,False
SESS0000536,CUST00026,2026-06-04,Website - Desktop,7,25.3,True
SESS0000537,CUST00026,2026-05-03,Mobile App,18,23.9,False
SESS0000538,CUST00026,2026-07-29,Mobile App,6,5.3,False
SESS0000539,CUST00026,2026-08-07,Website - Desktop,14,12.0,True
SESS0000540,CUST00026,2026-08-04,Website - Desktop,24,26.2,False
SESS0000541,CUST00026,2026-08-18,Mobile App,7,6.4,False
SESS0000542,CUST00026,2026-08-08,Mobile App,20,23.9,True
SESS0000543,CUST00026,2026-05-21,Mobile App,5,10.2,False
SESS0000544,CUST00026,2026-05-06,Mobile App,7,6.5,True
SESS0000545,CUST00026,2026-06-21,Mobile App,8,6.3,False
SESS0000546,CUST00026,2026-07-13,Website - Desktop,3,22.2,True
SESS0000547,CUST00026,2026-05-04,Website - Desktop,15,11.3,False
SESS0000548,CUST00026,2026-06-25,Website - Desktop,14,4.7,False
SESS0000549,CUST00026,2026-07-23,Website - Mobile Browser,12,22.7,False
SESS0000550,CUST00026,2026-07-11,Website - Mobile Browser,2,5.6,False
SESS0000551,CUST00026,2026-06-25,Mobile App,2,2.8,False
SESS0000552,CUST00026,2026-06-24,Mobile App,24,17.7,False
SESS0000553,CUST00027,2026-04-12,Mobile App,8,1.4,False
SESS0000554,CUST00027,2026-03-08,Mobile App,2,4.2,False
SESS0000555,CUST00027,2026-03-20,Mobile App,19,24.4,False
SESS0000556,CUST00027,2026-06-07,Mobile App,3,13.9,True
SESS0000557,CUST00027,2026-06-13,Mobile App,22,24.0,False
SESS0000558,CUST00027,2026-04-19,Website - Desktop,2,13.5,False
SESS0000559,CUST00027,2026-02-23,Website - Desktop,9,20.0,False
SESS0000560,CUST00027,2026-03-27,Website - Mobile Browser,25,28.8,False
SESS0000561,CUST00027,2026-08-02,Website - Desktop,21,19.3,False
SESS0000562,CUST00027,2026-05-11,Website - Desktop,14,3.6,False
SESS0000563,CUST00027,2025-12-28,Website - Mobile Browser,6,27.8,True
SESS0000564,CUST00027,2026-02-11,Website - Desktop,21,16.5,False
SESS0000565,CUST00027,2026-02-06,Website - Desktop,5,23.8,False
SESS0000566,CUST00027,2026-07-19,Mobile App,11,15.4,False
SESS0000567,CUST00027,2026-03-26,Mobile App,5,9.8,True
SESS0000568,CUST00027,2026-03-04,Website - Mobile Browser,23,10.6,False
SESS0000569,CUST00027,2026-07-25,Website - Mobile Browser,10,21.5,False
SESS0000570,CUST00027,2026-05-08,Website - Mobile Browser,24,4.8,False
SESS0000571,CUST00027,2026-08-06,Mobile App,21,6.0,False
SESS0000572,CUST00027,2026-03-21,Mobile App,6,3.4,True
SESS0000573,CUST00027,2026-05-03,Mobile App,4,16.2,False
SESS0000574,CUST00027,2026-01-21,Mobile App,8,21.1,False
SESS0000575,CUST00027,2026-01-08,Website - Mobile Browser,14,24.3,False
SESS0000576,CUST00027,2026-04-07,Mobile App,22,27.5,False
SESS0000577,CUST00027,2026-03-15,Mobile App,15,25.7,False
SESS0000578,CUST00027,2026-05-11,Website - Desktop,10,21.0,False
SESS0000579,CUST00027,2026-04-12,Mobile App,20,5.0,True
SESS0000580,CUST00027,2026-05-20,Website - Mobile Browser,20,7.9,False
SESS0000581,CUST00027,2026-04-02,Website - Mobile Browser,11,22.2,False
SESS0000582,CUST00027,2026-04-13,Mobile App,16,3.5,True
SESS0000583,CUST00027,2026-03-29,Website - Desktop,13,22.6,False
SESS0000584,CUST00028,2026-08-15,Website - Desktop,6,5.3,False
SESS0000585,CUST00028,2026-07-30,Website - Desktop,5,4.8,False
SESS0000586,CUST00028,2026-08-01,Website - Desktop,22,10.0,False
SESS0000587,CUST00028,2026-07-25,Website - Mobile Browser,21,11.8,False
SESS0000588,CUST00028,2026-07-27,Mobile App,24,22.2,False
SESS0000589,CUST00028,2026-08-10,Mobile App,7,29.3,False
SESS0000590,CUST00028,2026-07-31,Website - Desktop,1,9.5,False
SESS0000591,CUST00028,2026-07-22,Website - Desktop,17,18.2,False
SESS0000592,CUST00028,2026-08-16,Mobile App,9,14.2,False
SESS0000593,CUST00028,2026-08-05,Mobile App,12,18.6,False
SESS0000594,CUST00028,2026-08-10,Website - Mobile Browser,22,10.8,False
SESS0000595,CUST00028,2026-08-14,Website - Desktop,7,23.7,False
SESS0000596,CUST00028,2026-08-19,Website - Desktop,20,21.2,True
SESS0000597,CUST00028,2026-07-23,Website - Desktop,21,19.9,True
SESS0000598,CUST00028,2026-07-22,Website - Mobile Browser,24,9.8,False
SESS0000599,CUST00028,2026-07-21,Mobile App,15,27.7,False
SESS0000600,CUST00028,2026-07-26,Mobile App,6,27.4,False
SESS0000601,CUST00028,2026-07-26,Mobile App,14,2.9,False
SESS0000602,CUST00028,2026-07-30,Website - Mobile Browser,3,4.7,False
SESS0000603,CUST00028,2026-07-29,Mobile App,21,11.4,False
SESS0000604,CUST00028,2026-08-15,Mobile App,5,18.0,True
SESS0000605,CUST00028,2026-08-11,Website - Desktop,25,12.6,True
SESS0000606,CUST00028,2026-07-29,Website - Mobile Browser,11,9.8,False
SESS0000607,CUST00028,2026-08-12,Website - Mobile Browser,13,7.4,False
SESS0000608,CUST00028,2026-08-21,Website - Mobile Browser,24,24.5,False
SESS0000609,CUST00028,2026-08-21,Mobile App,20,21.8,False
SESS0000610,CUST00028,2026-08-13,Mobile App,2,13.2,True
SESS0000611,CUST00028,2026-08-13,Website - Mobile Browser,9,18.9,True
SESS0000612,CUST00028,2026-08-19,Website - Mobile Browser,18,10.5,True
SESS0000613,CUST00028,2026-07-20,Website - Mobile Browser,4,7.1,False
SESS0000614,CUST00028,2026-07-29,Mobile App,2,8.5,False
SESS0000615,CUST00028,2026-08-16,Mobile App,23,25.7,True
SESS0000616,CUST00028,2026-08-14,Website - Mobile Browser,3,5.7,True
SESS0000617,CUST00028,2026-08-02,Mobile App,3,11.5,False
SESS0000618,CUST00028,2026-08-02,Website - Mobile Browser,4,21.5,False
SESS0000619,CUST00029,2026-05-20,Website - Mobile Browser,14,16.3,False
SESS0000620,CUST00029,2026-06-06,Website - Desktop,1,3.6,False
SESS0000621,CUST00029,2026-04-26,Website - Mobile Browser,11,8.2,False
SESS0000622,CUST00029,2026-05-05,Website - Desktop,10,29.7,False
SESS0000623,CUST00029,2026-06-29,Website - Mobile Browser,1,1.8,False
SESS0000624,CUST00029,2026-02-14,Website - Mobile Browser,17,27.5,False
SESS0000625,CUST00029,2026-04-10,Website - Mobile Browser,17,14.7,False
SESS0000626,CUST00029,2026-03-03,Website - Mobile Browser,11,23.4,False
SESS0000627,CUST00029,2026-06-27,Website - Mobile Browser,13,8.8,False
SESS0000628,CUST00029,2026-04-27,Website - Mobile Browser,10,23.4,True
SESS0000629,CUST00029,2026-05-06,Website - Desktop,24,4.3,False
SESS0000630,CUST00029,2026-07-05,Mobile App,4,18.5,False
SESS0000631,CUST00029,2026-06-29,Website - Desktop,5,5.8,True
SESS0000632,CUST00029,2026-06-21,Mobile App,10,20.9,True
SESS0000633,CUST00029,2026-04-24,Mobile App,20,8.0,True
SESS0000634,CUST00029,2026-07-06,Mobile App,10,22.1,False
SESS0000635,CUST00029,2026-03-22,Website - Mobile Browser,25,25.9,False
SESS0000636,CUST00029,2026-02-22,Mobile App,16,25.9,False
SESS0000637,CUST00029,2026-07-01,Website - Desktop,19,18.5,False
SESS0000638,CUST00029,2026-06-15,Website - Desktop,19,20.9,True
SESS0000639,CUST00029,2026-02-27,Mobile App,17,21.1,True
SESS0000640,CUST00029,2026-04-21,Website - Mobile Browser,1,2.2,False
SESS0000641,CUST00029,2026-05-15,Website - Desktop,14,1.1,False
SESS0000642,CUST00029,2026-04-05,Mobile App,23,0.6,True
SESS0000643,CUST00029,2026-05-20,Mobile App,24,5.3,False
SESS0000644,CUST00029,2026-02-09,Website - Mobile Browser,13,6.1,True
SESS0000645,CUST00029,2026-08-09,Website - Desktop,21,1.9,False
SESS0000646,CUST00030,2026-03-15,Mobile App,17,27.0,False
SESS0000647,CUST00030,2026-07-22,Mobile App,12,16.8,True
SESS0000648,CUST00030,2026-07-26,Website - Desktop,20,5.5,False
SESS0000649,CUST00030,2026-05-07,Website - Mobile Browser,2,2.3,False
SESS0000650,CUST00030,2026-05-20,Website - Mobile Browser,14,5.3,False
SESS0000651,CUST00030,2026-07-02,Website - Desktop,8,25.8,True
SESS0000652,CUST00030,2026-05-17,Website - Mobile Browser,7,26.5,False
SESS0000653,CUST00030,2026-07-17,Website - Desktop,22,23.8,False
SESS0000654,CUST00030,2026-06-08,Mobile App,16,12.5,False
SESS0000655,CUST00030,2026-05-05,Website - Mobile Browser,11,19.2,False
SESS0000656,CUST00030,2026-03-17,Website - Mobile Browser,25,24.9,False
SESS0000657,CUST00030,2026-07-18,Website - Desktop,15,3.6,False
SESS0000658,CUST00030,2026-08-09,Website - Desktop,25,3.7,False
SESS0000659,CUST00030,2026-04-07,Mobile App,5,20.1,False
SESS0000660,CUST00030,2026-08-14,Mobile App,8,21.6,True
SESS0000661,CUST00030,2026-05-06,Website - Mobile Browser,18,25.5,False
SESS0000662,CUST00030,2026-06-23,Mobile App,12,27.0,False
SESS0000663,CUST00031,2026-04-01,Website - Mobile Browser,3,16.1,False
SESS0000664,CUST00031,2026-04-02,Website - Mobile Browser,23,1.1,False
SESS0000665,CUST00031,2026-07-05,Website - Desktop,16,11.9,False
SESS0000666,CUST00031,2026-08-14,Website - Desktop,25,19.1,False
SESS0000667,CUST00031,2025-11-08,Website - Mobile Browser,6,0.7,False
SESS0000668,CUST00031,2026-01-14,Website - Mobile Browser,17,3.5,False
SESS0000669,CUST00031,2026-03-07,Website - Desktop,8,23.2,False
SESS0000670,CUST00031,2025-11-02,Website - Desktop,20,13.6,False
SESS0000671,CUST00031,2025-10-05,Website - Desktop,17,21.0,False
SESS0000672,CUST00031,2026-03-20,Website - Mobile Browser,14,17.6,False
SESS0000673,CUST00031,2026-02-05,Mobile App,18,20.9,False
SESS0000674,CUST00031,2026-07-15,Website - Desktop,6,22.2,True
SESS0000675,CUST00031,2025-09-29,Website - Mobile Browser,24,4.9,False
SESS0000676,CUST00031,2025-10-03,Website - Desktop,23,28.6,False
SESS0000677,CUST00031,2026-03-14,Website - Desktop,25,5.5,False
SESS0000678,CUST00031,2025-09-07,Website - Mobile Browser,4,4.6,False
SESS0000679,CUST00031,2026-05-02,Website - Desktop,20,15.5,False
SESS0000680,CUST00031,2026-02-18,Mobile App,11,10.1,False
SESS0000681,CUST00031,2025-11-02,Website - Mobile Browser,14,19.0,True
SESS0000682,CUST00031,2025-09-21,Website - Desktop,24,9.3,True
SESS0000683,CUST00031,2026-08-08,Website - Mobile Browser,1,13.6,False
SESS0000684,CUST00031,2025-12-07,Mobile App,25,18.7,False
SESS0000685,CUST00031,2025-11-18,Website - Desktop,3,23.1,False
SESS0000686,CUST00031,2026-04-21,Website - Desktop,16,1.1,True
SESS0000687,CUST00031,2025-09-21,Website - Mobile Browser,15,9.6,False
SESS0000688,CUST00031,2025-09-16,Website - Desktop,18,10.9,False
SESS0000689,CUST00031,2026-03-01,Website - Mobile Browser,10,12.5,True
SESS0000690,CUST00031,2025-10-27,Website - Mobile Browser,7,24.2,False
SESS0000691,CUST00031,2026-07-02,Website - Desktop,4,12.6,False
SESS0000692,CUST00031,2026-01-21,Website - Desktop,17,28.3,False
SESS0000693,CUST00031,2025-10-22,Website - Desktop,24,17.7,False
SESS0000694,CUST00031,2025-10-05,Mobile App,13,9.1,False
SESS0000695,CUST00031,2026-03-08,Mobile App,9,9.1,True
SESS0000696,CUST00031,2026-02-15,Website - Mobile Browser,6,20.1,False
SESS0000697,CUST00031,2025-09-20,Website - Desktop,1,10.1,True
SESS0000698,CUST00031,2026-08-05,Mobile App,6,12.3,False
SESS0000699,CUST00031,2026-07-04,Mobile App,13,12.3,False
SESS0000700,CUST00031,2025-10-12,Mobile App,1,25.3,True
SESS0000701,CUST00032,2025-11-09,Website - Desktop,12,15.8,False
SESS0000702,CUST00032,2026-01-29,Mobile App,18,26.4,False
SESS0000703,CUST00032,2026-05-09,Mobile App,22,24.2,False
SESS0000704,CUST00032,2026-02-13,Website - Desktop,22,24.5,False
SESS0000705,CUST00032,2026-04-01,Website - Mobile Browser,20,22.2,False
SESS0000706,CUST00032,2026-07-31,Website - Mobile Browser,4,16.8,False
SESS0000707,CUST00032,2026-03-26,Mobile App,1,4.9,False
SESS0000708,CUST00032,2026-02-23,Website - Desktop,1,1.9,True
SESS0000709,CUST00032,2026-04-30,Website - Mobile Browser,12,21.7,False
SESS0000710,CUST00032,2025-12-04,Website - Desktop,4,18.0,False
SESS0000711,CUST00032,2025-08-29,Website - Mobile Browser,12,19.5,True
SESS0000712,CUST00032,2025-10-17,Website - Desktop,13,9.1,False
SESS0000713,CUST00032,2025-09-19,Website - Mobile Browser,7,24.9,False
SESS0000714,CUST00032,2026-01-17,Website - Mobile Browser,10,13.2,False
SESS0000715,CUST00032,2026-06-13,Website - Mobile Browser,25,14.7,False
SESS0000716,CUST00032,2026-03-04,Mobile App,21,4.0,False
SESS0000717,CUST00032,2026-07-20,Website - Desktop,21,24.2,True
SESS0000718,CUST00032,2026-07-09,Website - Mobile Browser,25,6.5,False
SESS0000719,CUST00032,2026-02-08,Website - Mobile Browser,4,1.9,False
SESS0000720,CUST00032,2026-03-22,Website - Desktop,10,28.5,False
SESS0000721,CUST00032,2026-05-19,Website - Mobile Browser,20,28.2,False
SESS0000722,CUST00032,2025-12-08,Website - Desktop,22,10.6,False
SESS0000723,CUST00032,2026-07-10,Website - Desktop,12,5.4,False
SESS0000724,CUST00032,2026-02-07,Website - Desktop,5,23.7,True
SESS0000725,CUST00032,2026-05-06,Website - Desktop,12,18.5,False
SESS0000726,CUST00032,2026-05-10,Website - Desktop,5,9.8,False
SESS0000727,CUST00032,2025-12-12,Mobile App,6,28.2,True
SESS0000728,CUST00032,2026-04-04,Website - Mobile Browser,1,10.3,True
SESS0000729,CUST00032,2026-06-14,Website - Mobile Browser,21,20.0,False
SESS0000730,CUST00032,2025-10-29,Mobile App,9,15.2,False
SESS0000731,CUST00032,2025-11-24,Website - Desktop,10,16.5,False
SESS0000732,CUST00032,2026-07-16,Website - Desktop,12,18.1,False
SESS0000733,CUST00032,2026-05-17,Website - Desktop,6,3.3,False
SESS0000734,CUST00032,2026-02-07,Mobile App,18,7.1,True
SESS0000735,CUST00033,2026-07-20,Mobile App,10,10.3,False
SESS0000736,CUST00033,2025-11-01,Mobile App,6,21.2,False
SESS0000737,CUST00033,2026-03-19,Website - Mobile Browser,2,0.6,False
SESS0000738,CUST00033,2026-01-15,Mobile App,22,6.0,True
SESS0000739,CUST00033,2026-08-02,Mobile App,23,23.5,False
SESS0000740,CUST00034,2025-11-21,Mobile App,21,29.1,False
SESS0000741,CUST00034,2026-07-06,Website - Desktop,25,8.5,False
SESS0000742,CUST00034,2025-12-03,Website - Mobile Browser,8,18.7,False
SESS0000743,CUST00034,2026-04-10,Website - Mobile Browser,22,10.0,False
SESS0000744,CUST00034,2025-12-10,Mobile App,19,20.2,True
SESS0000745,CUST00034,2026-07-22,Website - Desktop,5,21.5,False
SESS0000746,CUST00034,2026-05-05,Website - Desktop,4,29.3,False
SESS0000747,CUST00034,2026-05-14,Website - Desktop,20,3.0,True
SESS0000748,CUST00034,2025-11-13,Website - Desktop,2,16.1,False
SESS0000749,CUST00034,2026-02-20,Website - Desktop,10,18.2,False
SESS0000750,CUST00034,2026-08-19,Website - Desktop,10,8.4,False
SESS0000751,CUST00034,2026-03-14,Website - Desktop,21,6.8,False
SESS0000752,CUST00034,2026-08-20,Website - Desktop,15,26.3,False
SESS0000753,CUST00034,2025-09-23,Website - Mobile Browser,10,3.8,False
SESS0000754,CUST00034,2025-10-03,Website - Desktop,4,11.0,False
SESS0000755,CUST00034,2026-05-29,Website - Mobile Browser,15,6.4,False
SESS0000756,CUST00034,2025-12-22,Website - Mobile Browser,7,1.6,False
SESS0000757,CUST00034,2026-02-05,Website - Mobile Browser,18,1.4,True
SESS0000758,CUST00034,2025-11-25,Website - Mobile Browser,7,12.9,False
SESS0000759,CUST00034,2026-02-25,Mobile App,23,6.4,False
SESS0000760,CUST00034,2026-02-09,Website - Mobile Browser,20,29.4,False
SESS0000761,CUST00034,2025-09-22,Mobile App,17,14.5,False
SESS0000762,CUST00034,2026-05-04,Mobile App,18,2.5,False
SESS0000763,CUST00034,2026-05-23,Website - Desktop,18,14.5,True
SESS0000764,CUST00034,2026-01-11,Website - Mobile Browser,14,5.9,False
SESS0000765,CUST00034,2026-05-22,Website - Desktop,6,4.1,False
SESS0000766,CUST00034,2026-07-01,Website - Desktop,11,25.0,True
SESS0000767,CUST00034,2026-01-16,Website - Desktop,24,7.2,False
SESS0000768,CUST00034,2025-08-30,Website - Mobile Browser,2,3.5,False
SESS0000769,CUST00034,2025-10-07,Mobile App,12,13.0,False
SESS0000770,CUST00034,2026-07-23,Website - Desktop,9,26.1,False
SESS0000771,CUST00034,2025-12-22,Website - Mobile Browser,16,13.6,False
SESS0000772,CUST00034,2026-05-23,Mobile App,19,24.4,False
SESS0000773,CUST00034,2026-02-17,Mobile App,10,7.1,False
SESS0000774,CUST00034,2025-09-20,Mobile App,19,18.3,False
SESS0000775,CUST00034,2026-03-12,Website - Desktop,21,23.9,False
SESS0000776,CUST00034,2025-11-22,Website - Desktop,2,18.5,False
SESS0000777,CUST00034,2026-08-04,Mobile App,23,1.6,True
SESS0000778,CUST00034,2025-10-16,Website - Mobile Browser,18,10.5,False
SESS0000779,CUST00034,2026-06-18,Mobile App,18,27.2,False
SESS0000780,CUST00035,2026-06-25,Mobile App,4,21.3,False
SESS0000781,CUST00035,2025-10-27,Website - Desktop,22,15.9,False
SESS0000782,CUST00035,2025-09-02,Mobile App,21,9.2,False
SESS0000783,CUST00035,2025-10-02,Website - Mobile Browser,25,15.7,False
SESS0000784,CUST00035,2025-12-10,Website - Mobile Browser,20,21.9,False
SESS0000785,CUST00035,2026-03-07,Website - Desktop,6,17.1,False
SESS0000786,CUST00035,2026-01-14,Website - Desktop,11,19.2,False
SESS0000787,CUST00035,2025-09-23,Website - Mobile Browser,5,28.4,False
SESS0000788,CUST00035,2026-05-28,Website - Mobile Browser,2,5.8,True
SESS0000789,CUST00035,2026-04-27,Website - Mobile Browser,19,14.2,False
SESS0000790,CUST00035,2025-10-21,Website - Mobile Browser,22,25.4,False
SESS0000791,CUST00035,2026-01-02,Mobile App,10,16.1,True
SESS0000792,CUST00035,2025-11-13,Website - Mobile Browser,15,27.0,False
SESS0000793,CUST00035,2025-09-08,Website - Desktop,25,17.6,False
SESS0000794,CUST00035,2026-04-27,Website - Desktop,11,24.4,False
SESS0000795,CUST00035,2025-11-12,Mobile App,14,15.1,False
SESS0000796,CUST00035,2026-05-04,Website - Mobile Browser,13,29.5,True
SESS0000797,CUST00035,2026-06-24,Mobile App,24,6.9,True
SESS0000798,CUST00035,2026-06-15,Website - Mobile Browser,17,10.6,False
SESS0000799,CUST00035,2026-04-14,Website - Mobile Browser,4,23.4,False
SESS0000800,CUST00035,2026-05-11,Website - Mobile Browser,16,25.1,True
SESS0000801,CUST00036,2026-08-12,Website - Mobile Browser,1,26.7,True
SESS0000802,CUST00036,2026-06-26,Website - Mobile Browser,22,27.5,False
SESS0000803,CUST00036,2026-06-18,Website - Mobile Browser,19,19.1,True
SESS0000804,CUST00036,2026-05-25,Mobile App,15,14.3,True
SESS0000805,CUST00036,2026-05-21,Website - Desktop,5,17.0,False
SESS0000806,CUST00036,2026-07-31,Website - Desktop,19,6.6,False
SESS0000807,CUST00036,2026-07-31,Website - Desktop,3,19.0,False
SESS0000808,CUST00036,2026-08-15,Website - Mobile Browser,17,16.4,True
SESS0000809,CUST00036,2026-06-24,Website - Mobile Browser,15,28.9,True
SESS0000810,CUST00036,2026-06-12,Website - Mobile Browser,11,6.3,False
SESS0000811,CUST00036,2026-05-29,Mobile App,24,22.5,True
SESS0000812,CUST00036,2026-06-29,Mobile App,19,2.9,False
SESS0000813,CUST00036,2026-08-21,Website - Mobile Browser,5,25.7,False
SESS0000814,CUST00036,2026-06-21,Website - Desktop,5,19.6,False
SESS0000815,CUST00036,2026-06-07,Mobile App,8,21.8,True
SESS0000816,CUST00036,2026-07-22,Mobile App,23,16.2,False
SESS0000817,CUST00036,2026-06-10,Mobile App,17,21.7,True
SESS0000818,CUST00036,2026-08-11,Website - Desktop,2,26.4,False
SESS0000819,CUST00036,2026-08-03,Website - Mobile Browser,15,6.6,True
SESS0000820,CUST00036,2026-08-06,Website - Desktop,23,24.0,False
SESS0000821,CUST00036,2026-06-05,Mobile App,13,22.8,True
SESS0000822,CUST00037,2025-10-26,Mobile App,7,20.9,False
SESS0000823,CUST00037,2026-01-23,Website - Mobile Browser,13,17.3,True
SESS0000824,CUST00037,2025-10-04,Mobile App,20,2.3,True
SESS0000825,CUST00037,2025-12-22,Website - Desktop,18,10.0,False
SESS0000826,CUST00037,2026-03-17,Website - Desktop,3,11.3,False
SESS0000827,CUST00037,2025-11-03,Website - Desktop,22,7.8,False
SESS0000828,CUST00037,2025-11-09,Website - Desktop,13,7.6,False
SESS0000829,CUST00037,2026-03-10,Mobile App,12,10.7,False
SESS0000830,CUST00037,2026-07-31,Mobile App,13,9.1,False
SESS0000831,CUST00037,2025-10-09,Website - Mobile Browser,20,1.8,True
SESS0000832,CUST00037,2025-11-11,Website - Mobile Browser,8,14.4,True
SESS0000833,CUST00037,2026-01-02,Mobile App,6,16.6,False
SESS0000834,CUST00037,2025-10-28,Website - Mobile Browser,13,12.6,False
SESS0000835,CUST00037,2026-01-18,Mobile App,10,5.7,True
SESS0000836,CUST00037,2025-12-18,Website - Desktop,9,2.5,False
SESS0000837,CUST00037,2026-01-14,Website - Desktop,3,1.5,True
SESS0000838,CUST00037,2026-02-08,Website - Mobile Browser,15,28.8,False
SESS0000839,CUST00037,2025-09-19,Mobile App,11,16.3,False
SESS0000840,CUST00037,2026-06-16,Website - Desktop,14,24.9,True
SESS0000841,CUST00037,2026-04-17,Website - Desktop,4,1.6,False
SESS0000842,CUST00037,2026-01-06,Website - Mobile Browser,1,4.5,False
SESS0000843,CUST00037,2025-09-20,Mobile App,9,4.7,False
SESS0000844,CUST00037,2025-11-13,Website - Desktop,5,28.0,False
SESS0000845,CUST00037,2025-12-13,Mobile App,9,19.2,False
SESS0000846,CUST00037,2026-03-30,Website - Desktop,4,16.1,False
SESS0000847,CUST00037,2026-08-15,Website - Mobile Browser,11,23.9,False
SESS0000848,CUST00037,2025-10-02,Website - Mobile Browser,14,17.5,True
SESS0000849,CUST00037,2026-03-08,Website - Desktop,13,8.2,False
SESS0000850,CUST00038,2026-08-18,Website - Mobile Browser,23,27.6,False
SESS0000851,CUST00038,2026-06-29,Mobile App,17,16.3,False
SESS0000852,CUST00038,2025-10-30,Website - Mobile Browser,17,13.9,False
SESS0000853,CUST00038,2026-08-07,Website - Desktop,25,28.8,True
SESS0000854,CUST00038,2026-04-01,Website - Mobile Browser,8,25.0,False
SESS0000855,CUST00038,2026-08-15,Website - Mobile Browser,24,26.8,True
SESS0000856,CUST00038,2026-05-05,Website - Desktop,4,13.9,False
SESS0000857,CUST00038,2026-04-29,Mobile App,21,29.1,False
SESS0000858,CUST00038,2026-08-12,Website - Mobile Browser,4,23.8,False
SESS0000859,CUST00038,2026-05-04,Website - Desktop,25,21.8,False
SESS0000860,CUST00038,2025-12-26,Mobile App,10,28.4,False
SESS0000861,CUST00038,2026-04-13,Website - Mobile Browser,3,15.5,True
SESS0000862,CUST00038,2026-07-11,Website - Desktop,15,19.7,False
SESS0000863,CUST00038,2025-12-21,Website - Mobile Browser,8,22.1,True
SESS0000864,CUST00038,2026-06-30,Website - Desktop,25,14.5,True
SESS0000865,CUST00038,2026-02-18,Website - Desktop,4,7.4,True
SESS0000866,CUST00038,2025-12-27,Mobile App,20,27.4,False
SESS0000867,CUST00038,2026-04-04,Website - Desktop,7,15.6,False
SESS0000868,CUST00038,2026-03-26,Website - Desktop,1,6.0,True
SESS0000869,CUST00038,2026-01-13,Mobile App,12,8.3,True
SESS0000870,CUST00038,2026-04-15,Mobile App,9,2.5,False
SESS0000871,CUST00038,2025-11-20,Mobile App,3,18.5,False
SESS0000872,CUST00038,2026-03-27,Website - Desktop,15,14.1,True
SESS0000873,CUST00038,2026-08-17,Website - Desktop,3,1.1,False
SESS0000874,CUST00038,2025-11-21,Website - Desktop,23,18.0,False
SESS0000875,CUST00038,2026-04-07,Mobile App,19,6.8,False
SESS0000876,CUST00038,2026-07-16,Mobile App,18,19.5,True
SESS0000877,CUST00038,2025-12-18,Website - Desktop,23,18.7,True
SESS0000878,CUST00038,2026-05-20,Website - Mobile Browser,5,4.8,False
SESS0000879,CUST00038,2026-05-27,Website - Desktop,1,17.8,False
SESS0000880,CUST00038,2026-04-08,Website - Desktop,5,22.5,False
SESS0000881,CUST00038,2025-09-20,Website - Mobile Browser,14,6.5,True
SESS0000882,CUST00038,2026-01-10,Mobile App,16,25.3,False
SESS0000883,CUST00038,2025-12-13,Mobile App,10,0.9,False
SESS0000884,CUST00038,2025-10-23,Website - Mobile Browser,21,20.4,True
SESS0000885,CUST00038,2025-11-10,Mobile App,4,16.2,False
SESS0000886,CUST00038,2025-09-12,Mobile App,7,9.5,False
SESS0000887,CUST00038,2026-07-25,Mobile App,23,11.8,True
SESS0000888,CUST00040,2026-03-30,Website - Mobile Browser,13,13.7,False
SESS0000889,CUST00040,2026-08-02,Mobile App,5,23.5,True
SESS0000890,CUST00040,2026-05-20,Website - Desktop,25,23.9,False
SESS0000891,CUST00040,2025-12-23,Website - Desktop,24,4.5,False
SESS0000892,CUST00040,2025-12-05,Mobile App,14,28.8,False
SESS0000893,CUST00040,2026-04-15,Mobile App,11,14.2,False
SESS0000894,CUST00040,2026-05-27,Mobile App,2,3.3,False
SESS0000895,CUST00040,2026-03-02,Website - Desktop,19,29.0,True
SESS0000896,CUST00040,2026-08-13,Website - Desktop,7,18.7,True
SESS0000897,CUST00041,2026-04-17,Website - Mobile Browser,15,5.6,True
SESS0000898,CUST00041,2025-12-08,Mobile App,18,24.5,False
SESS0000899,CUST00042,2025-09-04,Website - Desktop,3,19.8,False
SESS0000900,CUST00042,2026-06-27,Mobile App,4,1.2,False
SESS0000901,CUST00042,2025-12-24,Website - Desktop,23,23.3,False
SESS0000902,CUST00042,2025-11-22,Mobile App,16,3.8,True
SESS0000903,CUST00042,2026-03-09,Mobile App,16,25.1,False
SESS0000904,CUST00042,2026-07-19,Website - Desktop,8,12.5,False
SESS0000905,CUST00042,2026-04-23,Mobile App,8,22.9,False
SESS0000906,CUST00042,2025-11-24,Mobile App,6,11.1,True
SESS0000907,CUST00042,2026-05-01,Website - Desktop,1,4.8,True
SESS0000908,CUST00042,2026-05-13,Website - Mobile Browser,9,22.8,True
SESS0000909,CUST00042,2026-04-02,Website - Mobile Browser,22,22.0,False
SESS0000910,CUST00042,2026-01-11,Website - Desktop,24,24.8,False
SESS0000911,CUST00042,2025-12-20,Website - Desktop,6,11.6,True
SESS0000912,CUST00042,2026-02-02,Website - Mobile Browser,6,12.9,False
SESS0000913,CUST00042,2025-08-29,Website - Desktop,4,7.1,True
SESS0000914,CUST00042,2026-07-06,Website - Desktop,3,19.7,False
SESS0000915,CUST00042,2025-09-21,Website - Desktop,24,16.9,False
SESS0000916,CUST00042,2025-11-04,Website - Mobile Browser,5,8.5,False
SESS0000917,CUST00042,2026-04-12,Website - Mobile Browser,12,17.7,False
SESS0000918,CUST00042,2025-10-16,Website - Desktop,2,4.4,True
SESS0000919,CUST00042,2025-11-08,Website - Mobile Browser,4,9.9,False
SESS0000920,CUST00042,2025-09-29,Website - Mobile Browser,3,5.5,False
SESS0000921,CUST00042,2026-03-28,Website - Desktop,25,21.2,False
SESS0000922,CUST00042,2026-06-22,Website - Mobile Browser,14,8.0,False
SESS0000923,CUST00042,2026-07-28,Website - Mobile Browser,22,12.9,True
SESS0000924,CUST00042,2025-11-20,Website - Desktop,2,27.3,False
SESS0000925,CUST00042,2025-09-24,Website - Desktop,10,14.0,True
SESS0000926,CUST00042,2026-05-14,Website - Mobile Browser,8,13.4,False
SESS0000927,CUST00042,2025-12-17,Mobile App,19,3.7,True
SESS0000928,CUST00042,2026-05-13,Website - Desktop,20,25.5,True
SESS0000929,CUST00042,2025-11-23,Website - Desktop,10,1.8,False
SESS0000930,CUST00042,2025-10-29,Website - Mobile Browser,24,23.0,False
SESS0000931,CUST00043,2025-11-24,Website - Desktop,20,28.9,False
SESS0000932,CUST00043,2025-12-07,Mobile App,11,29.4,False
SESS0000933,CUST00043,2026-02-04,Website - Desktop,17,13.4,False
SESS0000934,CUST00043,2026-04-12,Mobile App,17,5.2,False
SESS0000935,CUST00043,2025-12-02,Website - Mobile Browser,14,9.9,False
SESS0000936,CUST00043,2026-06-04,Mobile App,23,25.7,True
SESS0000937,CUST00043,2025-09-24,Mobile App,7,22.4,False
SESS0000938,CUST00043,2026-08-12,Website - Mobile Browser,5,26.1,False
SESS0000939,CUST00043,2026-01-17,Website - Desktop,1,26.4,False
SESS0000940,CUST00043,2025-10-26,Mobile App,2,1.1,False
SESS0000941,CUST00043,2026-02-01,Website - Desktop,8,23.9,False
SESS0000942,CUST00043,2026-02-24,Website - Desktop,15,7.6,True
SESS0000943,CUST00046,2026-07-20,Website - Mobile Browser,19,23.2,False
SESS0000944,CUST00046,2026-07-23,Mobile App,4,7.9,False
SESS0000945,CUST00046,2026-07-30,Mobile App,1,17.6,False
SESS0000946,CUST00046,2026-07-27,Mobile App,13,17.2,False
SESS0000947,CUST00046,2026-04-22,Mobile App,8,4.6,False
SESS0000948,CUST00046,2026-06-06,Website - Desktop,24,25.0,False
SESS0000949,CUST00046,2026-08-03,Website - Mobile Browser,24,14.1,False
SESS0000950,CUST00046,2026-07-23,Mobile App,13,0.8,False
SESS0000951,CUST00046,2026-08-12,Website - Desktop,10,16.5,False
SESS0000952,CUST00046,2026-07-02,Mobile App,18,13.0,False
SESS0000953,CUST00046,2026-05-08,Website - Desktop,8,1.7,True
SESS0000954,CUST00046,2026-07-19,Website - Mobile Browser,19,15.7,False
SESS0000955,CUST00046,2026-05-21,Mobile App,14,4.0,True
SESS0000956,CUST00046,2026-06-16,Mobile App,15,2.9,True
SESS0000957,CUST00046,2026-06-15,Mobile App,11,3.2,False
SESS0000958,CUST00046,2026-06-05,Website - Mobile Browser,12,21.0,False
SESS0000959,CUST00046,2026-07-04,Mobile App,25,17.4,False
SESS0000960,CUST00046,2026-04-28,Mobile App,1,6.1,False
SESS0000961,CUST00046,2026-05-06,Website - Mobile Browser,1,2.5,True
SESS0000962,CUST00046,2026-06-17,Mobile App,9,12.7,True
SESS0000963,CUST00046,2026-05-09,Website - Desktop,13,28.3,False
SESS0000964,CUST00046,2026-05-13,Website - Desktop,10,17.7,False
SESS0000965,CUST00046,2026-04-21,Website - Desktop,14,13.5,False
SESS0000966,CUST00046,2026-06-21,Mobile App,2,16.7,False
SESS0000967,CUST00046,2026-07-18,Website - Mobile Browser,24,1.0,True
SESS0000968,CUST00046,2026-06-19,Website - Mobile Browser,3,20.8,True
SESS0000969,CUST00046,2026-08-12,Mobile App,21,7.1,False
SESS0000970,CUST00046,2026-08-14,Website - Desktop,1,4.9,False
SESS0000971,CUST00046,2026-08-18,Mobile App,2,16.2,False
SESS0000972,CUST00046,2026-06-05,Mobile App,16,8.2,False
SESS0000973,CUST00046,2026-06-19,Mobile App,15,7.2,False
SESS0000974,CUST00046,2026-07-08,Website - Mobile Browser,7,12.6,True
SESS0000975,CUST00046,2026-07-01,Mobile App,12,29.9,True
SESS0000976,CUST00047,2026-01-21,Mobile App,6,18.8,False
SESS0000977,CUST00047,2025-09-09,Website - Mobile Browser,5,16.8,False
SESS0000978,CUST00047,2026-07-24,Website - Mobile Browser,4,20.8,False
SESS0000979,CUST00047,2026-01-12,Website - Mobile Browser,6,23.7,False
SESS0000980,CUST00047,2026-03-18,Website - Desktop,19,1.0,False
SESS0000981,CUST00047,2025-11-04,Website - Desktop,4,26.6,True
SESS0000982,CUST00047,2026-01-31,Website - Mobile Browser,6,7.0,False
SESS0000983,CUST00047,2025-11-26,Website - Desktop,1,2.1,True
SESS0000984,CUST00047,2026-07-21,Mobile App,17,4.7,True
SESS0000985,CUST00047,2026-05-14,Mobile App,24,26.4,False
SESS0000986,CUST00047,2026-02-26,Mobile App,5,17.3,False
SESS0000987,CUST00047,2026-02-18,Website - Mobile Browser,14,2.5,True
SESS0000988,CUST00047,2026-05-01,Mobile App,21,27.2,False
SESS0000989,CUST00047,2026-05-04,Website - Mobile Browser,12,0.8,False
SESS0000990,CUST00047,2026-04-18,Website - Desktop,25,10.1,False
SESS0000991,CUST00047,2026-07-26,Website - Mobile Browser,25,8.1,False
SESS0000992,CUST00047,2026-05-18,Mobile App,10,19.8,False
SESS0000993,CUST00047,2025-11-22,Website - Desktop,14,29.6,False
SESS0000994,CUST00048,2025-09-08,Website - Desktop,1,3.7,True
SESS0000995,CUST00048,2026-06-15,Mobile App,1,11.3,False
SESS0000996,CUST00048,2026-04-11,Website - Mobile Browser,7,28.9,False
SESS0000997,CUST00048,2026-04-27,Mobile App,9,7.4,False
SESS0000998,CUST00048,2026-05-05,Website - Desktop,3,15.0,False
SESS0000999,CUST00048,2026-04-16,Mobile App,6,28.2,False
SESS0001000,CUST00048,2025-11-29,Website - Mobile Browser,22,4.2,False
SESS0001001,CUST00048,2026-02-06,Mobile App,13,13.9,True
SESS0001002,CUST00048,2026-04-29,Website - Desktop,14,21.3,False
SESS0001003,CUST00048,2025-11-26,Website - Desktop,23,23.6,False
SESS0001004,CUST00048,2026-03-31,Mobile App,9,29.5,False
SESS0001005,CUST00048,2026-08-04,Website - Mobile Browser,15,26.6,False
SESS0001006,CUST00048,2026-06-25,Website - Mobile Browser,15,15.6,False
SESS0001007,CUST00048,2025-08-31,Website - Mobile Browser,10,14.5,False
SESS0001008,CUST00048,2026-05-31,Website - Mobile Browser,6,17.6,False
SESS0001009,CUST00048,2026-04-15,Website - Desktop,1,1.6,False
SESS0001010,CUST00048,2026-07-23,Mobile App,17,9.4,False
SESS0001011,CUST00048,2026-01-17,Website - Desktop,5,4.2,False
SESS0001012,CUST00048,2026-03-26,Website - Desktop,7,9.6,False
SESS0001013,CUST00049,2026-07-17,Website - Mobile Browser,25,11.7,True
SESS0001014,CUST00049,2026-03-01,Mobile App,5,3.1,False
SESS0001015,CUST00049,2025-11-02,Website - Desktop,9,18.3,False
SESS0001016,CUST00049,2026-01-26,Mobile App,12,8.1,False
SESS0001017,CUST00049,2026-06-21,Mobile App,13,20.0,False
SESS0001018,CUST00049,2025-11-26,Website - Desktop,21,24.6,False
SESS0001019,CUST00049,2025-12-13,Mobile App,22,21.5,False
SESS0001020,CUST00049,2026-08-10,Mobile App,18,16.7,False
SESS0001021,CUST00049,2026-04-21,Website - Desktop,8,0.6,False
SESS0001022,CUST00049,2026-01-11,Mobile App,10,7.1,False
SESS0001023,CUST00049,2025-12-15,Website - Desktop,17,26.3,False
SESS0001024,CUST00049,2026-01-22,Mobile App,24,2.4,False
SESS0001025,CUST00049,2026-07-08,Website - Mobile Browser,14,16.3,False
SESS0001026,CUST00049,2026-05-15,Website - Desktop,9,26.1,True
SESS0001027,CUST00049,2025-09-27,Mobile App,4,29.8,True
SESS0001028,CUST00049,2026-04-13,Mobile App,12,9.7,False
SESS0001029,CUST00049,2026-06-02,Website - Desktop,3,24.2,True
SESS0001030,CUST00049,2025-12-28,Mobile App,4,21.4,True
SESS0001031,CUST00049,2025-10-17,Website - Mobile Browser,24,28.6,False
SESS0001032,CUST00049,2026-05-23,Mobile App,16,4.7,False
SESS0001033,CUST00049,2026-07-27,Website - Mobile Browser,17,11.9,False
SESS0001034,CUST00049,2026-01-17,Mobile App,6,2.3,False
SESS0001035,CUST00049,2025-12-15,Mobile App,20,13.7,False
SESS0001036,CUST00049,2026-08-17,Website - Mobile Browser,20,27.4,True
SESS0001037,CUST00049,2026-06-16,Mobile App,9,1.5,True
SESS0001038,CUST00049,2025-08-27,Website - Desktop,16,24.5,False
SESS0001039,CUST00050,2025-09-21,Website - Mobile Browser,4,17.9,False
SESS0001040,CUST00050,2026-05-04,Website - Mobile Browser,18,12.7,False
SESS0001041,CUST00050,2026-03-03,Mobile App,21,22.9,False
SESS0001042,CUST00050,2026-04-19,Mobile App,25,29.6,False
SESS0001043,CUST00050,2026-05-17,Website - Mobile Browser,20,29.3,False
SESS0001044,CUST00050,2025-10-27,Website - Mobile Browser,17,8.1,False
SESS0001045,CUST00050,2026-01-08,Website - Desktop,21,14.3,False
SESS0001046,CUST00050,2026-05-07,Website - Desktop,1,19.0,True
SESS0001047,CUST00050,2025-11-06,Website - Desktop,11,7.1,False
SESS0001048,CUST00050,2025-10-31,Website - Mobile Browser,4,1.2,False
SESS0001049,CUST00050,2026-08-03,Website - Mobile Browser,17,20.4,False
SESS0001050,CUST00050,2026-02-05,Website - Mobile Browser,24,0.6,True
SESS0001051,CUST00050,2026-06-16,Website - Desktop,20,22.9,False
SESS0001052,CUST00050,2025-11-01,Website - Desktop,4,28.4,True
SESS0001053,CUST00050,2025-09-17,Mobile App,18,20.9,True
SESS0001054,CUST00050,2025-10-31,Website - Mobile Browser,16,29.3,True
SESS0001055,CUST00050,2026-05-27,Mobile App,22,18.1,False
SESS0001056,CUST00050,2025-11-28,Website - Mobile Browser,13,7.9,False
SESS0001057,CUST00050,2026-07-17,Mobile App,18,6.3,False
SESS0001058,CUST00050,2026-01-21,Mobile App,2,13.7,False
SESS0001059,CUST00050,2026-04-09,Mobile App,1,5.9,False
SESS0001060,CUST00050,2026-04-08,Mobile App,22,21.8,False
SESS0001061,CUST00050,2026-07-05,Website - Desktop,15,26.1,False
SESS0001062,CUST00050,2025-10-25,Mobile App,6,19.7,False
SESS0001063,CUST00050,2025-12-10,Website - Desktop,7,24.1,True
SESS0001064,CUST00050,2026-01-09,Website - Desktop,6,5.3,False
SESS0001065,CUST00050,2025-12-04,Website - Desktop,19,1.6,False
SESS0001066,CUST00050,2025-12-28,Website - Mobile Browser,22,23.0,False
SESS0001067,CUST00050,2026-03-25,Website - Desktop,9,12.3,False
SESS0001068,CUST00050,2026-02-15,Website - Desktop,15,20.6,False
SESS0001069,CUST00050,2026-04-26,Website - Desktop,20,20.9,False
SESS0001070,CUST00051,2026-06-23,Website - Mobile Browser,24,28.2,False
SESS0001071,CUST00051,2026-06-21,Mobile App,11,2.1,True
SESS0001072,CUST00051,2026-08-05,Website - Desktop,10,24.8,False
SESS0001073,CUST00051,2026-06-17,Mobile App,16,27.9,True
SESS0001074,CUST00051,2026-07-25,Website - Desktop,2,29.4,False
SESS0001075,CUST00051,2026-08-21,Website - Mobile Browser,17,23.1,False
SESS0001076,CUST00051,2026-06-23,Mobile App,10,25.5,False
SESS0001077,CUST00051,2026-07-21,Website - Mobile Browser,4,18.8,False
SESS0001078,CUST00051,2026-06-17,Website - Mobile Browser,5,9.0,False
SESS0001079,CUST00051,2026-07-26,Website - Mobile Browser,3,7.0,True
SESS0001080,CUST00051,2026-08-21,Mobile App,24,13.0,False
SESS0001081,CUST00051,2026-08-06,Mobile App,1,9.8,False
SESS0001082,CUST00051,2026-08-17,Mobile App,4,11.4,True
SESS0001083,CUST00051,2026-07-18,Website - Desktop,24,11.3,False
SESS0001084,CUST00051,2026-07-09,Website - Mobile Browser,13,21.1,False
SESS0001085,CUST00051,2026-07-15,Mobile App,8,20.2,False
SESS0001086,CUST00051,2026-07-11,Website - Desktop,8,9.6,True
SESS0001087,CUST00051,2026-08-14,Mobile App,11,1.0,True
SESS0001088,CUST00051,2026-08-21,Website - Desktop,16,12.9,False
SESS0001089,CUST00051,2026-08-09,Mobile App,16,15.4,False
SESS0001090,CUST00051,2026-08-18,Website - Desktop,4,9.9,False
SESS0001091,CUST00051,2026-07-30,Website - Desktop,11,22.5,False
SESS0001092,CUST00051,2026-07-11,Mobile App,5,16.6,True
SESS0001093,CUST00052,2025-12-06,Website - Desktop,11,24.3,True
SESS0001094,CUST00052,2026-02-26,Website - Mobile Browser,12,23.1,False
SESS0001095,CUST00052,2026-02-19,Mobile App,11,11.2,True
SESS0001096,CUST00052,2025-12-18,Website - Mobile Browser,2,23.0,False
SESS0001097,CUST00052,2026-03-26,Website - Desktop,6,7.2,False
SESS0001098,CUST00052,2026-05-31,Mobile App,10,23.7,False
SESS0001099,CUST00052,2026-06-07,Website - Mobile Browser,12,23.3,False
SESS0001100,CUST00052,2026-07-22,Website - Desktop,15,4.7,False
SESS0001101,CUST00052,2025-12-29,Website - Desktop,4,1.3,True
SESS0001102,CUST00052,2026-05-04,Website - Mobile Browser,15,4.1,False
SESS0001103,CUST00052,2026-07-17,Website - Desktop,25,19.7,False
SESS0001104,CUST00052,2026-02-05,Website - Mobile Browser,25,7.3,False
SESS0001105,CUST00052,2026-05-31,Mobile App,7,3.4,False
SESS0001106,CUST00052,2026-07-02,Mobile App,17,1.0,True
SESS0001107,CUST00052,2026-03-01,Website - Desktop,10,24.7,False
SESS0001108,CUST00052,2026-05-09,Website - Mobile Browser,11,21.3,False
SESS0001109,CUST00052,2026-05-20,Website - Desktop,2,5.3,True
SESS0001110,CUST00052,2026-03-31,Website - Desktop,25,22.7,False
SESS0001111,CUST00052,2026-03-14,Website - Desktop,5,26.9,True
SESS0001112,CUST00052,2026-01-11,Website - Mobile Browser,10,29.9,False
SESS0001113,CUST00052,2026-08-18,Website - Desktop,9,4.5,False
SESS0001114,CUST00052,2026-08-10,Website - Desktop,22,6.6,False
SESS0001115,CUST00052,2026-07-01,Mobile App,23,6.6,False
SESS0001116,CUST00052,2025-11-25,Website - Mobile Browser,18,29.0,False
SESS0001117,CUST00052,2026-02-27,Website - Desktop,23,4.6,False
SESS0001118,CUST00052,2025-12-03,Mobile App,17,13.2,False
SESS0001119,CUST00052,2026-06-30,Website - Desktop,20,2.0,False
SESS0001120,CUST00052,2026-02-18,Website - Mobile Browser,1,24.0,False
SESS0001121,CUST00053,2026-04-19,Website - Desktop,19,20.5,True
SESS0001122,CUST00053,2026-05-25,Website - Mobile Browser,11,23.5,False
SESS0001123,CUST00053,2026-04-09,Website - Desktop,1,10.7,True
SESS0001124,CUST00053,2026-05-27,Website - Mobile Browser,20,23.3,False
SESS0001125,CUST00053,2026-01-28,Website - Mobile Browser,14,22.4,False
SESS0001126,CUST00053,2026-04-15,Website - Desktop,20,25.7,False
SESS0001127,CUST00053,2026-08-06,Website - Desktop,25,0.8,True
SESS0001128,CUST00053,2026-08-06,Website - Mobile Browser,24,10.0,False
SESS0001129,CUST00053,2026-08-19,Website - Mobile Browser,16,15.3,False
SESS0001130,CUST00053,2026-07-20,Website - Desktop,23,10.5,False
SESS0001131,CUST00053,2026-07-31,Website - Desktop,3,17.8,False
SESS0001132,CUST00053,2026-06-23,Mobile App,17,8.2,False
SESS0001133,CUST00053,2026-03-16,Website - Desktop,7,25.9,False
SESS0001134,CUST00053,2026-02-22,Mobile App,15,22.0,True
SESS0001135,CUST00053,2026-02-11,Website - Mobile Browser,6,5.7,False
SESS0001136,CUST00053,2026-05-06,Website - Desktop,4,3.6,True
SESS0001137,CUST00053,2026-05-18,Website - Desktop,12,19.7,False
SESS0001138,CUST00053,2026-07-20,Website - Mobile Browser,4,29.1,True
SESS0001139,CUST00053,2026-05-03,Mobile App,2,23.5,True
SESS0001140,CUST00053,2026-02-07,Website - Mobile Browser,12,3.9,False
SESS0001141,CUST00053,2026-07-07,Website - Mobile Browser,13,17.5,False
SESS0001142,CUST00053,2026-03-18,Website - Desktop,6,28.2,False
SESS0001143,CUST00053,2026-06-09,Website - Mobile Browser,1,6.6,False
SESS0001144,CUST00053,2026-05-12,Mobile App,6,1.4,True
SESS0001145,CUST00053,2026-07-24,Website - Desktop,19,23.9,True
SESS0001146,CUST00053,2026-02-16,Website - Desktop,6,20.5,False
SESS0001147,CUST00053,2026-04-19,Mobile App,2,13.0,True
SESS0001148,CUST00053,2026-02-04,Mobile App,15,14.2,False
SESS0001149,CUST00053,2026-06-07,Mobile App,7,24.3,True
SESS0001150,CUST00053,2026-03-04,Mobile App,15,26.7,True
SESS0001151,CUST00053,2026-02-26,Website - Desktop,22,0.8,True
SESS0001152,CUST00053,2026-06-27,Website - Mobile Browser,7,6.7,False
SESS0001153,CUST00053,2026-06-06,Website - Desktop,6,8.0,False
SESS0001154,CUST00054,2025-09-28,Mobile App,4,26.0,False
SESS0001155,CUST00054,2026-01-30,Website - Mobile Browser,9,23.6,False
SESS0001156,CUST00054,2026-05-11,Mobile App,18,0.7,False
SESS0001157,CUST00054,2025-10-23,Website - Mobile Browser,2,22.4,False
SESS0001158,CUST00054,2026-07-27,Website - Desktop,9,2.3,False
SESS0001159,CUST00054,2026-07-17,Website - Mobile Browser,24,18.6,False
SESS0001160,CUST00054,2026-05-29,Website - Desktop,4,21.1,True
SESS0001161,CUST00054,2025-11-14,Website - Mobile Browser,8,4.3,False
SESS0001162,CUST00054,2025-11-27,Website - Desktop,6,16.5,True
SESS0001163,CUST00054,2026-02-14,Website - Mobile Browser,4,24.8,False
SESS0001164,CUST00054,2026-07-16,Website - Mobile Browser,2,9.3,False
SESS0001165,CUST00054,2025-10-10,Website - Desktop,2,4.2,False
SESS0001166,CUST00054,2025-10-14,Website - Desktop,15,12.2,False
SESS0001167,CUST00054,2026-03-07,Mobile App,15,26.0,False
SESS0001168,CUST00054,2026-05-15,Website - Desktop,12,29.3,False
SESS0001169,CUST00054,2025-09-28,Website - Desktop,20,22.6,False
SESS0001170,CUST00054,2026-05-03,Mobile App,15,21.8,False
SESS0001171,CUST00054,2026-07-06,Website - Mobile Browser,14,9.4,True
SESS0001172,CUST00054,2026-07-28,Website - Mobile Browser,16,29.8,False
SESS0001173,CUST00054,2026-05-29,Mobile App,6,1.8,True
SESS0001174,CUST00054,2026-03-31,Website - Mobile Browser,4,17.2,False
SESS0001175,CUST00054,2026-04-15,Mobile App,20,1.9,True
SESS0001176,CUST00054,2026-01-09,Mobile App,12,23.4,False
SESS0001177,CUST00054,2026-05-12,Mobile App,20,1.5,False
SESS0001178,CUST00054,2026-05-18,Website - Mobile Browser,2,17.8,True
SESS0001179,CUST00054,2026-01-11,Mobile App,12,28.7,False
SESS0001180,CUST00054,2026-04-15,Mobile App,1,28.7,False
SESS0001181,CUST00054,2026-03-17,Mobile App,2,5.0,False
SESS0001182,CUST00054,2026-07-01,Website - Mobile Browser,11,10.6,False
SESS0001183,CUST00054,2026-06-14,Mobile App,20,26.6,False
SESS0001184,CUST00054,2025-11-15,Website - Desktop,10,10.2,False
SESS0001185,CUST00054,2025-10-07,Mobile App,8,25.7,False
SESS0001186,CUST00054,2025-09-27,Website - Mobile Browser,18,8.9,False
SESS0001187,CUST00054,2025-09-28,Website - Mobile Browser,7,22.8,False
SESS0001188,CUST00054,2026-05-20,Mobile App,10,25.6,False
SESS0001189,CUST00054,2026-07-30,Mobile App,19,13.1,True
SESS0001190,CUST00055,2026-05-22,Mobile App,12,17.1,False
SESS0001191,CUST00055,2025-10-07,Website - Mobile Browser,8,4.1,False
SESS0001192,CUST00055,2026-01-06,Website - Desktop,25,8.5,True
SESS0001193,CUST00055,2026-06-30,Website - Mobile Browser,2,13.6,False
SESS0001194,CUST00055,2026-08-05,Website - Mobile Browser,13,9.7,False
SESS0001195,CUST00055,2026-03-22,Website - Mobile Browser,20,4.4,True
SESS0001196,CUST00055,2025-08-27,Mobile App,8,29.0,False
SESS0001197,CUST00055,2025-09-18,Mobile App,16,14.1,False
SESS0001198,CUST00055,2026-03-07,Website - Desktop,6,2.4,True
SESS0001199,CUST00055,2026-06-27,Mobile App,20,23.4,False
SESS0001200,CUST00055,2026-08-14,Mobile App,19,6.5,False
SESS0001201,CUST00055,2025-12-20,Website - Mobile Browser,4,17.8,True
SESS0001202,CUST00055,2026-01-05,Website - Desktop,3,21.2,True
SESS0001203,CUST00055,2026-04-28,Website - Desktop,8,21.8,True
SESS0001204,CUST00055,2026-06-09,Website - Desktop,9,14.5,True
SESS0001205,CUST00055,2026-03-02,Website - Mobile Browser,21,27.6,False
SESS0001206,CUST00055,2026-03-31,Mobile App,5,21.2,False
SESS0001207,CUST00055,2025-11-14,Website - Desktop,4,13.7,False
SESS0001208,CUST00055,2026-01-16,Mobile App,1,17.3,True
SESS0001209,CUST00055,2026-03-08,Website - Mobile Browser,18,27.1,False
SESS0001210,CUST00055,2026-02-08,Mobile App,9,2.3,True
SESS0001211,CUST00055,2025-10-18,Mobile App,3,10.9,False
SESS0001212,CUST00055,2026-08-01,Website - Desktop,12,0.8,True
SESS0001213,CUST00055,2026-06-24,Mobile App,24,23.3,True
SESS0001214,CUST00055,2026-02-22,Website - Mobile Browser,4,9.3,False
SESS0001215,CUST00055,2026-02-07,Mobile App,17,25.6,False
SESS0001216,CUST00055,2026-03-31,Website - Mobile Browser,15,19.3,False
SESS0001217,CUST00055,2025-10-18,Website - Mobile Browser,5,11.5,False
SESS0001218,CUST00055,2026-04-23,Mobile App,5,29.1,False
SESS0001219,CUST00055,2026-06-11,Mobile App,23,24.6,False
SESS0001220,CUST00055,2026-05-07,Website - Mobile Browser,11,21.2,False
SESS0001221,CUST00055,2026-03-30,Mobile App,19,5.8,False
SESS0001222,CUST00055,2025-12-16,Mobile App,10,23.3,False
SESS0001223,CUST00055,2026-08-18,Mobile App,14,15.0,False
SESS0001224,CUST00056,2025-10-10,Mobile App,7,26.5,False
SESS0001225,CUST00056,2026-08-20,Website - Mobile Browser,19,29.6,False
SESS0001226,CUST00056,2026-05-08,Mobile App,12,26.2,False
SESS0001227,CUST00056,2026-02-15,Mobile App,11,14.3,False
SESS0001228,CUST00056,2026-06-21,Website - Desktop,14,8.6,False
SESS0001229,CUST00056,2026-02-21,Website - Desktop,21,15.4,False
SESS0001230,CUST00056,2026-05-07,Website - Mobile Browser,17,16.1,False
SESS0001231,CUST00056,2026-01-09,Website - Mobile Browser,6,29.2,False
SESS0001232,CUST00056,2026-08-15,Website - Desktop,23,23.9,True
SESS0001233,CUST00056,2025-12-24,Mobile App,1,22.3,False
SESS0001234,CUST00056,2026-06-21,Website - Desktop,5,19.9,False
SESS0001235,CUST00056,2025-11-10,Website - Desktop,10,27.8,False
SESS0001236,CUST00056,2026-05-17,Website - Mobile Browser,11,22.2,True
SESS0001237,CUST00056,2026-06-14,Website - Mobile Browser,13,5.5,True
SESS0001238,CUST00056,2026-05-06,Mobile App,12,0.8,True
SESS0001239,CUST00056,2025-09-14,Mobile App,12,22.0,False
SESS0001240,CUST00056,2026-07-04,Website - Mobile Browser,13,5.5,False
SESS0001241,CUST00056,2025-10-30,Website - Desktop,15,5.6,False
SESS0001242,CUST00056,2026-02-18,Website - Mobile Browser,25,7.9,True
SESS0001243,CUST00056,2026-01-15,Mobile App,3,25.6,True
SESS0001244,CUST00056,2026-08-16,Mobile App,8,27.7,True
SESS0001245,CUST00056,2026-04-21,Website - Mobile Browser,19,5.7,True
SESS0001246,CUST00056,2026-06-28,Mobile App,20,21.2,False
SESS0001247,CUST00056,2026-08-18,Mobile App,23,13.6,True
SESS0001248,CUST00056,2026-03-12,Website - Desktop,1,8.2,False
SESS0001249,CUST00056,2025-12-26,Website - Desktop,2,28.9,False
SESS0001250,CUST00056,2026-04-28,Mobile App,6,2.5,False
SESS0001251,CUST00056,2026-08-18,Website - Mobile Browser,2,1.1,False
SESS0001252,CUST00056,2026-05-26,Mobile App,2,22.3,True
SESS0001253,CUST00056,2026-01-14,Mobile App,8,11.4,True
SESS0001254,CUST00056,2026-03-05,Website - Mobile Browser,6,4.5,False
SESS0001255,CUST00056,2025-12-06,Website - Desktop,3,3.1,False
SESS0001256,CUST00056,2026-05-04,Website - Desktop,1,21.0,False
SESS0001257,CUST00056,2025-11-05,Mobile App,17,4.7,False
SESS0001258,CUST00056,2026-07-01,Mobile App,11,12.3,False
SESS0001259,CUST00056,2026-01-15,Website - Mobile Browser,24,12.8,False
SESS0001260,CUST00057,2025-10-13,Website - Desktop,5,12.0,True
SESS0001261,CUST00057,2026-05-24,Website - Mobile Browser,23,28.2,True
SESS0001262,CUST00057,2026-03-23,Website - Mobile Browser,11,7.2,True
SESS0001263,CUST00057,2026-06-12,Website - Desktop,14,3.2,False
SESS0001264,CUST00057,2026-06-28,Website - Mobile Browser,5,25.8,False
SESS0001265,CUST00057,2026-05-09,Mobile App,7,23.7,True
SESS0001266,CUST00057,2026-02-07,Website - Mobile Browser,20,8.1,False
SESS0001267,CUST00057,2025-10-24,Website - Desktop,10,4.5,True
SESS0001268,CUST00057,2025-10-15,Mobile App,13,10.8,False
SESS0001269,CUST00057,2026-05-04,Website - Desktop,4,27.5,True
SESS0001270,CUST00057,2025-12-09,Mobile App,15,14.4,False
SESS0001271,CUST00057,2025-10-18,Website - Mobile Browser,12,14.6,False
SESS0001272,CUST00057,2025-11-13,Mobile App,14,25.8,True
SESS0001273,CUST00057,2026-05-23,Website - Desktop,20,9.1,False
SESS0001274,CUST00057,2026-05-18,Mobile App,9,26.5,False
SESS0001275,CUST00057,2025-08-30,Website - Desktop,11,25.8,True
SESS0001276,CUST00057,2026-05-15,Website - Mobile Browser,15,1.1,True
SESS0001277,CUST00057,2026-03-22,Website - Desktop,20,18.7,True
SESS0001278,CUST00057,2026-04-28,Website - Desktop,23,5.9,False
SESS0001279,CUST00057,2026-08-17,Website - Desktop,18,7.0,False
SESS0001280,CUST00057,2025-10-19,Website - Desktop,3,23.2,True
SESS0001281,CUST00057,2026-08-04,Website - Desktop,12,13.1,False
SESS0001282,CUST00057,2026-01-27,Mobile App,17,24.8,False
SESS0001283,CUST00057,2026-06-25,Website - Desktop,19,22.9,True
SESS0001284,CUST00057,2026-07-26,Website - Desktop,10,23.3,False
SESS0001285,CUST00057,2025-09-30,Mobile App,13,25.3,True
SESS0001286,CUST00057,2026-08-12,Website - Mobile Browser,19,1.7,False
SESS0001287,CUST00057,2025-10-30,Mobile App,7,15.7,False
SESS0001288,CUST00057,2025-09-14,Website - Desktop,3,19.8,False
SESS0001289,CUST00057,2026-08-14,Mobile App,20,10.5,False
SESS0001290,CUST00058,2026-08-19,Website - Mobile Browser,11,14.7,False
SESS0001291,CUST00058,2026-08-18,Mobile App,3,12.0,False
SESS0001292,CUST00058,2026-08-21,Website - Desktop,25,17.9,True
SESS0001293,CUST00058,2026-08-19,Mobile App,19,23.5,False
SESS0001294,CUST00058,2026-08-17,Mobile App,9,20.3,True
SESS0001295,CUST00058,2026-08-14,Website - Desktop,21,19.2,False
SESS0001296,CUST00058,2026-08-15,Website - Desktop,8,13.9,False
SESS0001297,CUST00058,2026-08-17,Website - Mobile Browser,9,8.6,False
SESS0001298,CUST00058,2026-08-19,Website - Desktop,24,11.6,False
SESS0001299,CUST00058,2026-08-21,Website - Desktop,21,28.9,False
SESS0001300,CUST00058,2026-08-19,Website - Desktop,9,26.9,False
SESS0001301,CUST00058,2026-08-17,Mobile App,22,26.4,False
SESS0001302,CUST00058,2026-08-19,Website - Desktop,18,27.8,False
SESS0001303,CUST00058,2026-08-20,Mobile App,12,19.9,False
SESS0001304,CUST00058,2026-08-19,Mobile App,17,11.5,False
SESS0001305,CUST00058,2026-08-20,Website - Mobile Browser,19,1.5,True
SESS0001306,CUST00058,2026-08-20,Website - Desktop,16,27.8,True
SESS0001307,CUST00058,2026-08-19,Mobile App,1,23.4,False
SESS0001308,CUST00058,2026-08-16,Mobile App,23,13.9,False
SESS0001309,CUST00058,2026-08-19,Website - Mobile Browser,13,1.1,False
SESS0001310,CUST00058,2026-08-16,Website - Desktop,14,22.7,False
SESS0001311,CUST00059,2026-03-14,Mobile App,8,21.3,False
SESS0001312,CUST00059,2026-03-08,Website - Desktop,19,15.5,True
SESS0001313,CUST00059,2026-05-21,Website - Desktop,16,19.5,False
SESS0001314,CUST00059,2026-06-22,Mobile App,13,14.4,False
SESS0001315,CUST00059,2026-05-24,Mobile App,18,28.0,True
SESS0001316,CUST00059,2026-02-25,Mobile App,14,12.6,False
SESS0001317,CUST00059,2026-06-05,Website - Mobile Browser,21,8.8,True
SESS0001318,CUST00059,2026-06-05,Mobile App,25,15.6,False
SESS0001319,CUST00059,2026-04-11,Website - Mobile Browser,14,10.2,False
SESS0001320,CUST00059,2026-07-06,Website - Desktop,22,18.1,False
SESS0001321,CUST00059,2026-07-15,Website - Desktop,16,22.7,False
SESS0001322,CUST00059,2026-03-25,Mobile App,10,20.6,True
SESS0001323,CUST00059,2026-05-20,Website - Mobile Browser,23,18.7,False
SESS0001324,CUST00059,2026-06-18,Website - Desktop,13,1.2,False
SESS0001325,CUST00059,2026-05-10,Website - Mobile Browser,11,25.5,False
SESS0001326,CUST00059,2026-06-04,Website - Mobile Browser,10,17.3,True
SESS0001327,CUST00059,2026-03-11,Mobile App,23,13.9,False
SESS0001328,CUST00059,2026-03-04,Website - Mobile Browser,14,23.1,False
SESS0001329,CUST00059,2026-08-05,Website - Mobile Browser,13,20.6,False
SESS0001330,CUST00059,2026-07-15,Website - Desktop,13,6.6,False
SESS0001331,CUST00059,2026-03-26,Mobile App,13,23.0,False
SESS0001332,CUST00061,2026-06-15,Mobile App,19,17.6,False
SESS0001333,CUST00061,2025-09-03,Website - Mobile Browser,20,2.9,False
SESS0001334,CUST00061,2026-03-15,Website - Mobile Browser,6,15.0,False
SESS0001335,CUST00061,2026-03-08,Website - Desktop,23,10.0,False
SESS0001336,CUST00061,2026-06-15,Mobile App,25,24.2,False
SESS0001337,CUST00061,2026-02-18,Website - Desktop,24,27.5,True
SESS0001338,CUST00061,2026-03-01,Website - Desktop,10,18.5,True
SESS0001339,CUST00061,2026-03-25,Website - Mobile Browser,10,5.2,True
SESS0001340,CUST00061,2026-05-10,Website - Mobile Browser,19,16.3,False
SESS0001341,CUST00061,2026-06-07,Mobile App,3,20.4,False
SESS0001342,CUST00061,2025-10-10,Website - Desktop,10,20.8,False
SESS0001343,CUST00061,2026-05-25,Website - Mobile Browser,1,3.8,False
SESS0001344,CUST00061,2026-08-09,Website - Mobile Browser,20,29.4,False
SESS0001345,CUST00061,2026-07-16,Website - Desktop,20,5.8,False
SESS0001346,CUST00061,2025-10-31,Website - Mobile Browser,15,6.1,False
SESS0001347,CUST00061,2026-03-30,Website - Mobile Browser,17,5.3,False
SESS0001348,CUST00061,2025-10-30,Mobile App,18,27.4,False
SESS0001349,CUST00061,2026-03-14,Website - Desktop,22,23.7,False
SESS0001350,CUST00061,2026-06-11,Website - Mobile Browser,5,23.6,False
SESS0001351,CUST00061,2025-10-10,Website - Mobile Browser,3,14.2,False
SESS0001352,CUST00061,2025-10-12,Website - Desktop,16,15.3,False
SESS0001353,CUST00061,2025-11-09,Website - Desktop,21,11.6,False
SESS0001354,CUST00061,2025-10-24,Website - Mobile Browser,8,20.5,False
SESS0001355,CUST00061,2026-03-17,Website - Mobile Browser,17,17.6,False
SESS0001356,CUST00061,2026-06-29,Mobile App,4,11.7,False
SESS0001357,CUST00061,2025-09-08,Website - Mobile Browser,24,19.9,False
SESS0001358,CUST00061,2026-08-14,Website - Mobile Browser,17,3.2,True
SESS0001359,CUST00061,2026-02-25,Website - Desktop,25,1.9,False
SESS0001360,CUST00061,2026-01-04,Website - Mobile Browser,5,12.7,False
SESS0001361,CUST00061,2026-03-10,Website - Desktop,2,6.5,False
SESS0001362,CUST00062,2026-01-26,Mobile App,17,19.4,False
SESS0001363,CUST00062,2026-08-02,Mobile App,15,5.2,True
SESS0001364,CUST00062,2025-08-27,Mobile App,20,28.4,False
SESS0001365,CUST00062,2025-12-13,Website - Mobile Browser,25,9.2,False
SESS0001366,CUST00062,2026-08-02,Website - Mobile Browser,11,22.7,True
SESS0001367,CUST00062,2026-03-01,Mobile App,15,4.8,False
SESS0001368,CUST00062,2026-06-04,Website - Mobile Browser,11,28.6,True
SESS0001369,CUST00062,2026-04-21,Website - Mobile Browser,15,19.1,True
SESS0001370,CUST00062,2026-02-03,Website - Desktop,18,0.6,False
SESS0001371,CUST00062,2026-03-22,Website - Mobile Browser,4,21.7,False
SESS0001372,CUST00062,2026-05-04,Website - Desktop,4,5.6,False
SESS0001373,CUST00062,2026-03-03,Website - Desktop,5,1.0,True
SESS0001374,CUST00062,2026-08-16,Mobile App,1,7.6,True
SESS0001375,CUST00062,2025-12-31,Mobile App,21,22.8,True
SESS0001376,CUST00062,2026-03-08,Website - Desktop,7,20.3,False
SESS0001377,CUST00062,2025-11-10,Website - Desktop,9,6.9,False
SESS0001378,CUST00062,2025-10-01,Website - Desktop,21,19.7,False
SESS0001379,CUST00062,2026-06-18,Website - Desktop,17,20.6,False
SESS0001380,CUST00062,2025-11-20,Mobile App,3,5.8,False
SESS0001381,CUST00062,2025-11-02,Website - Desktop,22,27.9,True
SESS0001382,CUST00062,2025-12-12,Mobile App,22,26.4,True
SESS0001383,CUST00062,2026-06-22,Website - Mobile Browser,1,17.8,False
SESS0001384,CUST00062,2026-08-06,Mobile App,8,14.0,False
SESS0001385,CUST00062,2026-03-31,Mobile App,18,27.3,False
SESS0001386,CUST00062,2025-11-12,Website - Desktop,23,2.2,False
SESS0001387,CUST00062,2026-01-03,Website - Mobile Browser,25,13.7,True
SESS0001388,CUST00062,2025-10-12,Website - Desktop,8,11.6,True
SESS0001389,CUST00062,2026-04-08,Website - Mobile Browser,10,1.7,False
SESS0001390,CUST00062,2025-09-22,Website - Mobile Browser,25,13.0,False
SESS0001391,CUST00062,2025-11-26,Mobile App,23,16.2,False
SESS0001392,CUST00062,2026-01-11,Website - Desktop,25,28.3,False
SESS0001393,CUST00062,2026-07-18,Mobile App,13,24.9,False
SESS0001394,CUST00062,2026-01-18,Website - Mobile Browser,18,4.8,False
SESS0001395,CUST00062,2025-09-25,Website - Mobile Browser,19,13.8,False
SESS0001396,CUST00063,2025-11-26,Website - Desktop,9,28.2,False
SESS0001397,CUST00063,2026-01-27,Mobile App,7,28.8,False
SESS0001398,CUST00063,2026-05-04,Mobile App,13,12.4,False
SESS0001399,CUST00063,2026-03-07,Website - Mobile Browser,17,12.5,False
SESS0001400,CUST00063,2025-09-21,Mobile App,12,17.7,False
SESS0001401,CUST00063,2026-05-17,Website - Desktop,22,27.2,True
SESS0001402,CUST00063,2026-08-20,Mobile App,9,6.0,False
SESS0001403,CUST00063,2026-05-04,Mobile App,6,28.9,False
SESS0001404,CUST00063,2025-11-04,Mobile App,1,11.8,False
SESS0001405,CUST00063,2026-01-07,Website - Desktop,19,17.7,True
SESS0001406,CUST00063,2026-04-20,Website - Desktop,13,18.5,False
SESS0001407,CUST00063,2026-06-18,Website - Mobile Browser,22,24.7,False
SESS0001408,CUST00063,2026-04-01,Website - Mobile Browser,20,23.8,False
SESS0001409,CUST00063,2026-01-25,Mobile App,7,10.0,False
SESS0001410,CUST00063,2025-10-21,Website - Desktop,13,16.9,False
SESS0001411,CUST00063,2026-08-19,Website - Desktop,15,18.5,False
SESS0001412,CUST00063,2026-01-30,Website - Desktop,1,9.4,False
SESS0001413,CUST00063,2025-09-05,Website - Mobile Browser,6,1.9,False
SESS0001414,CUST00063,2026-04-01,Website - Desktop,20,24.5,True
SESS0001415,CUST00063,2025-09-23,Mobile App,20,16.1,True
SESS0001416,CUST00063,2025-10-10,Website - Mobile Browser,3,5.1,True
SESS0001417,CUST00063,2025-10-05,Mobile App,1,0.6,True
SESS0001418,CUST00063,2026-03-12,Website - Desktop,2,19.7,False
SESS0001419,CUST00063,2025-09-19,Website - Desktop,13,4.8,False
SESS0001420,CUST00063,2026-04-14,Website - Mobile Browser,3,28.7,False
SESS0001421,CUST00063,2026-01-04,Website - Mobile Browser,22,7.2,True
SESS0001422,CUST00063,2025-12-25,Website - Desktop,24,28.1,True
SESS0001423,CUST00063,2025-12-03,Website - Desktop,4,1.0,False
SESS0001424,CUST00063,2026-07-05,Website - Mobile Browser,16,10.0,False
SESS0001425,CUST00063,2025-11-16,Website - Mobile Browser,16,4.4,False
SESS0001426,CUST00063,2025-08-30,Website - Mobile Browser,14,19.5,False
SESS0001427,CUST00063,2026-01-09,Website - Desktop,10,5.2,False
SESS0001428,CUST00063,2026-08-10,Website - Mobile Browser,5,9.3,True
SESS0001429,CUST00064,2026-01-10,Website - Mobile Browser,21,5.0,False
SESS0001430,CUST00064,2025-10-03,Mobile App,11,25.0,True
SESS0001431,CUST00064,2026-07-26,Website - Desktop,14,13.1,False
SESS0001432,CUST00064,2025-10-29,Mobile App,20,28.3,False
SESS0001433,CUST00064,2026-05-16,Website - Mobile Browser,13,4.2,False
SESS0001434,CUST00064,2025-12-15,Website - Mobile Browser,2,19.6,False
SESS0001435,CUST00064,2026-06-18,Website - Desktop,18,4.4,True
SESS0001436,CUST00064,2026-02-19,Website - Desktop,22,11.3,False
SESS0001437,CUST00064,2026-03-05,Mobile App,15,18.7,False
SESS0001438,CUST00064,2026-05-06,Website - Mobile Browser,14,17.4,False
SESS0001439,CUST00064,2026-07-04,Mobile App,25,23.1,False
SESS0001440,CUST00064,2026-03-13,Website - Mobile Browser,25,9.1,False
SESS0001441,CUST00064,2026-04-02,Website - Desktop,8,24.0,False
SESS0001442,CUST00064,2026-07-15,Website - Desktop,4,21.5,False
SESS0001443,CUST00064,2025-10-27,Mobile App,22,6.2,False
SESS0001444,CUST00064,2026-08-02,Website - Desktop,13,3.4,True
SESS0001445,CUST00064,2026-01-14,Website - Desktop,16,6.3,True
SESS0001446,CUST00064,2025-12-29,Website - Desktop,12,2.3,False
SESS0001447,CUST00064,2026-05-20,Website - Mobile Browser,25,20.1,False
SESS0001448,CUST00064,2026-08-10,Mobile App,23,10.3,False
SESS0001449,CUST00064,2026-03-06,Website - Mobile Browser,20,21.8,False
SESS0001450,CUST00064,2026-03-29,Website - Mobile Browser,16,6.2,False
SESS0001451,CUST00064,2026-06-28,Mobile App,10,22.1,False
SESS0001452,CUST00064,2026-02-14,Website - Desktop,9,25.5,False
SESS0001453,CUST00064,2025-10-11,Website - Mobile Browser,1,23.5,False
SESS0001454,CUST00064,2025-08-30,Mobile App,15,22.6,False
SESS0001455,CUST00064,2026-02-27,Mobile App,25,7.2,False
SESS0001456,CUST00064,2025-10-21,Mobile App,23,25.2,False
SESS0001457,CUST00064,2025-10-11,Mobile App,25,22.8,True
SESS0001458,CUST00064,2026-01-10,Website - Desktop,21,1.5,False
SESS0001459,CUST00064,2026-05-18,Website - Mobile Browser,25,29.3,True
SESS0001460,CUST00064,2025-09-15,Website - Mobile Browser,8,28.8,True
SESS0001461,CUST00064,2026-05-15,Website - Mobile Browser,19,10.7,False
SESS0001462,CUST00064,2026-08-12,Website - Desktop,7,29.2,True
SESS0001463,CUST00064,2026-05-08,Mobile App,18,23.9,False
SESS0001464,CUST00064,2025-11-24,Website - Desktop,12,16.6,True
SESS0001465,CUST00064,2026-04-03,Website - Mobile Browser,4,10.0,False
SESS0001466,CUST00064,2026-05-08,Website - Desktop,9,21.7,False
SESS0001467,CUST00064,2025-10-31,Website - Mobile Browser,12,7.8,False
SESS0001468,CUST00065,2026-08-21,Mobile App,21,15.0,False
SESS0001469,CUST00065,2026-08-11,Mobile App,10,0.8,False
SESS0001470,CUST00065,2026-07-28,Mobile App,23,9.7,False
SESS0001471,CUST00065,2026-07-16,Mobile App,18,8.7,True
SESS0001472,CUST00065,2026-07-24,Mobile App,20,27.7,False
SESS0001473,CUST00065,2026-08-19,Mobile App,6,2.9,False
SESS0001474,CUST00065,2026-08-16,Website - Mobile Browser,7,17.9,False
SESS0001475,CUST00065,2026-08-12,Mobile App,25,28.2,False
SESS0001476,CUST00065,2026-07-18,Mobile App,17,11.5,False
SESS0001477,CUST00065,2026-08-14,Website - Mobile Browser,13,20.7,False
SESS0001478,CUST00065,2026-08-19,Website - Mobile Browser,24,1.1,False
SESS0001479,CUST00065,2026-07-23,Website - Mobile Browser,1,5.0,False
SESS0001480,CUST00065,2026-07-18,Website - Mobile Browser,23,10.5,False
SESS0001481,CUST00065,2026-07-07,Website - Desktop,10,20.9,False
SESS0001482,CUST00065,2026-07-06,Mobile App,7,21.8,False
SESS0001483,CUST00065,2026-08-08,Website - Desktop,5,6.4,False
SESS0001484,CUST00065,2026-08-19,Website - Mobile Browser,15,9.3,False
SESS0001485,CUST00065,2026-07-11,Website - Mobile Browser,17,27.1,False
SESS0001486,CUST00065,2026-07-05,Website - Desktop,16,1.8,False
SESS0001487,CUST00065,2026-08-09,Website - Mobile Browser,18,14.7,False
SESS0001488,CUST00065,2026-07-30,Website - Mobile Browser,6,1.7,False
SESS0001489,CUST00065,2026-07-27,Mobile App,20,21.1,True
SESS0001490,CUST00065,2026-08-15,Website - Mobile Browser,23,19.1,False
SESS0001491,CUST00065,2026-08-20,Mobile App,3,3.2,False
SESS0001492,CUST00065,2026-07-24,Mobile App,13,11.7,True
SESS0001493,CUST00066,2026-02-26,Website - Desktop,18,10.5,True
SESS0001494,CUST00066,2026-05-17,Mobile App,13,7.6,False
SESS0001495,CUST00066,2026-02-15,Mobile App,20,19.9,True
SESS0001496,CUST00066,2026-02-28,Website - Desktop,22,20.3,True
SESS0001497,CUST00066,2026-08-21,Mobile App,11,7.2,False
SESS0001498,CUST00066,2026-07-12,Website - Mobile Browser,1,14.5,False
SESS0001499,CUST00066,2026-05-05,Website - Desktop,23,8.7,False
SESS0001500,CUST00066,2026-01-19,Website - Mobile Browser,2,26.0,False
SESS0001501,CUST00066,2026-04-05,Website - Mobile Browser,25,4.6,False
SESS0001502,CUST00066,2026-07-20,Mobile App,3,13.6,True
SESS0001503,CUST00066,2026-05-22,Website - Desktop,24,2.7,False
SESS0001504,CUST00066,2026-05-11,Website - Desktop,24,7.7,False
SESS0001505,CUST00066,2026-05-06,Website - Desktop,13,29.9,True
SESS0001506,CUST00066,2026-05-23,Website - Desktop,6,7.8,False
SESS0001507,CUST00066,2025-11-22,Website - Mobile Browser,13,27.7,False
SESS0001508,CUST00066,2026-05-20,Mobile App,5,22.6,True
SESS0001509,CUST00066,2026-08-04,Website - Mobile Browser,10,1.0,False
SESS0001510,CUST00066,2026-06-19,Website - Mobile Browser,15,0.7,False
SESS0001511,CUST00066,2026-07-09,Website - Mobile Browser,13,1.9,False
SESS0001512,CUST00066,2026-03-05,Mobile App,13,7.5,False
SESS0001513,CUST00066,2026-04-03,Mobile App,14,25.0,False
SESS0001514,CUST00066,2026-04-02,Mobile App,24,16.2,False
SESS0001515,CUST00066,2026-08-09,Website - Mobile Browser,21,13.2,False
SESS0001516,CUST00066,2026-04-26,Website - Mobile Browser,18,17.8,True
SESS0001517,CUST00066,2026-07-10,Mobile App,19,1.8,True
SESS0001518,CUST00066,2026-03-03,Mobile App,2,24.3,False
SESS0001519,CUST00066,2025-11-16,Mobile App,5,11.3,True
SESS0001520,CUST00066,2025-09-23,Website - Desktop,11,5.2,True
SESS0001521,CUST00066,2026-06-25,Website - Desktop,25,11.4,False
SESS0001522,CUST00066,2026-02-27,Website - Mobile Browser,12,7.3,True
SESS0001523,CUST00066,2026-08-04,Website - Mobile Browser,6,29.1,True
SESS0001524,CUST00066,2026-01-26,Website - Mobile Browser,23,16.2,True
SESS0001525,CUST00066,2026-01-10,Website - Desktop,12,27.6,False
SESS0001526,CUST00066,2026-01-08,Website - Desktop,22,10.0,False
SESS0001527,CUST00067,2025-10-06,Website - Mobile Browser,5,1.8,False
SESS0001528,CUST00067,2026-07-22,Website - Mobile Browser,20,8.8,False
SESS0001529,CUST00067,2025-11-24,Website - Desktop,8,15.7,True
SESS0001530,CUST00067,2026-03-09,Mobile App,21,17.1,False
SESS0001531,CUST00067,2026-05-29,Website - Mobile Browser,13,10.8,False
SESS0001532,CUST00067,2025-10-08,Mobile App,10,26.6,False
SESS0001533,CUST00067,2025-12-12,Website - Desktop,13,29.4,True
SESS0001534,CUST00067,2025-12-10,Mobile App,20,23.9,False
SESS0001535,CUST00067,2025-11-11,Mobile App,16,18.7,True
SESS0001536,CUST00067,2026-05-19,Website - Mobile Browser,14,11.7,False
SESS0001537,CUST00067,2026-03-19,Website - Desktop,4,24.4,False
SESS0001538,CUST00067,2025-11-13,Website - Desktop,18,13.0,False
SESS0001539,CUST00067,2025-12-14,Website - Desktop,15,26.0,True
SESS0001540,CUST00067,2026-07-28,Website - Desktop,13,1.0,True
SESS0001541,CUST00067,2026-04-15,Mobile App,12,15.4,True
SESS0001542,CUST00067,2026-06-20,Website - Desktop,7,20.6,True
SESS0001543,CUST00067,2025-09-08,Mobile App,22,21.9,False
SESS0001544,CUST00067,2026-02-09,Website - Desktop,16,24.4,False
SESS0001545,CUST00067,2026-04-06,Mobile App,12,16.0,False
SESS0001546,CUST00067,2026-02-18,Website - Desktop,5,5.8,False
SESS0001547,CUST00067,2026-01-02,Mobile App,8,17.9,False
SESS0001548,CUST00067,2026-04-05,Website - Mobile Browser,9,2.2,False
SESS0001549,CUST00067,2025-12-23,Website - Desktop,24,22.5,True
SESS0001550,CUST00067,2026-01-01,Website - Mobile Browser,11,21.0,False
SESS0001551,CUST00067,2025-08-28,Website - Desktop,19,2.1,False
SESS0001552,CUST00067,2026-07-13,Mobile App,19,28.0,True
SESS0001553,CUST00067,2025-11-02,Website - Mobile Browser,17,19.3,False
SESS0001554,CUST00067,2026-01-01,Website - Desktop,24,28.1,False
SESS0001555,CUST00067,2025-10-02,Website - Desktop,19,6.8,False
SESS0001556,CUST00067,2026-02-20,Mobile App,18,7.4,False
SESS0001557,CUST00067,2025-09-26,Website - Mobile Browser,20,15.1,False
SESS0001558,CUST00067,2026-02-28,Website - Mobile Browser,15,12.2,False
SESS0001559,CUST00067,2025-10-21,Website - Desktop,22,14.3,False
SESS0001560,CUST00067,2025-10-10,Mobile App,24,21.0,False
SESS0001561,CUST00067,2026-02-18,Website - Mobile Browser,3,16.5,False
SESS0001562,CUST00067,2025-10-22,Mobile App,21,3.5,True
SESS0001563,CUST00067,2026-04-20,Mobile App,20,11.1,False
SESS0001564,CUST00067,2025-11-16,Mobile App,7,25.6,True
SESS0001565,CUST00067,2026-01-16,Website - Mobile Browser,20,21.1,True
SESS0001566,CUST00067,2025-12-12,Website - Mobile Browser,5,6.7,False
SESS0001567,CUST00068,2026-01-28,Website - Desktop,9,1.7,False
SESS0001568,CUST00068,2025-10-31,Mobile App,11,7.6,True
SESS0001569,CUST00068,2026-06-15,Website - Desktop,15,11.6,False
SESS0001570,CUST00068,2025-10-05,Website - Mobile Browser,6,8.1,False
SESS0001571,CUST00068,2026-01-31,Mobile App,20,28.0,True
SESS0001572,CUST00068,2026-06-25,Website - Mobile Browser,18,26.1,False
SESS0001573,CUST00068,2025-10-24,Mobile App,5,7.5,True
SESS0001574,CUST00068,2026-01-01,Website - Mobile Browser,4,7.9,False
SESS0001575,CUST00068,2026-01-30,Mobile App,14,18.7,False
SESS0001576,CUST00068,2026-01-03,Mobile App,17,8.7,True
SESS0001577,CUST00068,2026-07-06,Website - Desktop,16,20.0,False
SESS0001578,CUST00068,2025-11-06,Website - Mobile Browser,5,26.7,True
SESS0001579,CUST00068,2025-11-03,Website - Mobile Browser,16,10.3,False
SESS0001580,CUST00068,2025-09-10,Mobile App,11,25.4,False
SESS0001581,CUST00068,2026-01-16,Mobile App,13,2.2,False
SESS0001582,CUST00068,2026-05-21,Website - Desktop,14,17.3,False
SESS0001583,CUST00068,2026-07-17,Mobile App,7,16.8,False
SESS0001584,CUST00068,2025-10-23,Mobile App,1,21.6,False
SESS0001585,CUST00068,2025-11-06,Website - Desktop,8,6.8,True
SESS0001586,CUST00068,2026-02-15,Website - Desktop,21,21.9,True
SESS0001587,CUST00068,2026-04-23,Mobile App,16,13.8,False
SESS0001588,CUST00068,2025-11-30,Mobile App,3,12.7,False
SESS0001589,CUST00068,2026-01-25,Website - Mobile Browser,2,28.7,False
SESS0001590,CUST00068,2026-03-13,Website - Desktop,24,14.6,False
SESS0001591,CUST00068,2026-06-10,Website - Desktop,1,6.6,False
SESS0001592,CUST00069,2026-05-11,Website - Desktop,2,10.4,False
SESS0001593,CUST00069,2025-12-21,Website - Mobile Browser,17,24.0,True
SESS0001594,CUST00069,2026-05-29,Website - Desktop,3,22.0,True
SESS0001595,CUST00069,2026-07-10,Website - Desktop,23,9.3,True
SESS0001596,CUST00069,2026-02-23,Website - Desktop,9,1.0,False
SESS0001597,CUST00069,2026-07-25,Website - Desktop,16,23.6,False
SESS0001598,CUST00069,2026-06-26,Mobile App,14,13.9,True
SESS0001599,CUST00069,2026-01-13,Website - Mobile Browser,1,25.3,False
SESS0001600,CUST00069,2025-10-05,Mobile App,1,25.4,False
SESS0001601,CUST00069,2025-10-04,Website - Desktop,7,24.2,False
SESS0001602,CUST00069,2025-09-03,Website - Desktop,21,25.5,False
SESS0001603,CUST00069,2025-10-21,Website - Desktop,9,28.4,False
SESS0001604,CUST00069,2026-02-23,Website - Desktop,19,13.7,False
SESS0001605,CUST00069,2026-05-30,Website - Desktop,21,17.8,True
SESS0001606,CUST00069,2025-11-20,Mobile App,19,21.1,False
SESS0001607,CUST00070,2026-04-28,Website - Mobile Browser,19,25.2,False
SESS0001608,CUST00070,2025-12-28,Website - Mobile Browser,3,8.1,False
SESS0001609,CUST00070,2026-08-13,Website - Mobile Browser,14,1.5,False
SESS0001610,CUST00070,2026-05-19,Website - Desktop,11,0.9,False
SESS0001611,CUST00070,2026-01-30,Website - Mobile Browser,22,6.6,False
SESS0001612,CUST00070,2025-12-09,Website - Desktop,10,6.9,True
SESS0001613,CUST00070,2026-02-17,Mobile App,19,8.1,False
SESS0001614,CUST00070,2026-05-27,Mobile App,4,5.1,False
SESS0001615,CUST00070,2025-11-24,Website - Mobile Browser,18,24.3,True
SESS0001616,CUST00070,2025-10-20,Mobile App,11,18.7,False
SESS0001617,CUST00070,2026-02-27,Website - Desktop,8,7.9,True
SESS0001618,CUST00070,2025-11-24,Mobile App,6,20.7,False
SESS0001619,CUST00070,2026-05-30,Website - Mobile Browser,6,4.6,True
SESS0001620,CUST00070,2026-07-04,Website - Mobile Browser,17,21.2,False
SESS0001621,CUST00070,2026-08-19,Website - Desktop,10,5.6,False
SESS0001622,CUST00070,2025-11-24,Website - Mobile Browser,6,10.6,False
SESS0001623,CUST00070,2026-06-18,Website - Mobile Browser,17,21.0,True
SESS0001624,CUST00070,2025-11-06,Website - Mobile Browser,25,15.3,True
SESS0001625,CUST00070,2026-05-08,Mobile App,7,13.8,False
SESS0001626,CUST00070,2026-06-14,Website - Mobile Browser,16,2.2,False
SESS0001627,CUST00070,2026-05-06,Website - Desktop,3,11.9,True
SESS0001628,CUST00070,2026-02-23,Website - Mobile Browser,3,29.6,True
SESS0001629,CUST00070,2025-10-31,Website - Mobile Browser,9,17.5,False
SESS0001630,CUST00070,2026-08-19,Website - Desktop,15,22.6,False
SESS0001631,CUST00070,2026-03-27,Website - Mobile Browser,9,12.0,False
SESS0001632,CUST00070,2026-04-12,Website - Desktop,17,13.1,False
SESS0001633,CUST00070,2025-11-17,Website - Desktop,19,23.4,False
SESS0001634,CUST00070,2025-10-13,Website - Mobile Browser,18,7.6,True
SESS0001635,CUST00070,2025-09-09,Website - Mobile Browser,15,5.0,False
SESS0001636,CUST00070,2026-08-18,Mobile App,2,25.3,True
SESS0001637,CUST00070,2026-07-27,Mobile App,14,3.0,False
SESS0001638,CUST00072,2026-01-27,Website - Desktop,11,11.0,False
SESS0001639,CUST00072,2026-04-05,Website - Desktop,22,15.4,False
SESS0001640,CUST00072,2025-09-28,Website - Desktop,16,20.1,False
SESS0001641,CUST00072,2025-09-14,Website - Desktop,11,10.2,False
SESS0001642,CUST00072,2026-01-20,Website - Desktop,12,3.4,False
SESS0001643,CUST00072,2025-12-15,Website - Desktop,16,13.2,True
SESS0001644,CUST00073,2026-04-11,Website - Desktop,17,13.7,False
SESS0001645,CUST00073,2025-11-18,Website - Desktop,17,25.7,False
SESS0001646,CUST00073,2025-12-26,Mobile App,12,2.6,False
SESS0001647,CUST00074,2026-03-26,Website - Desktop,4,5.0,False
SESS0001648,CUST00074,2026-04-03,Website - Desktop,9,2.5,False
SESS0001649,CUST00074,2026-05-12,Website - Mobile Browser,16,28.0,True
SESS0001650,CUST00074,2026-02-04,Mobile App,7,16.1,False
SESS0001651,CUST00074,2026-01-25,Website - Desktop,1,15.6,False
SESS0001652,CUST00074,2026-01-28,Website - Desktop,16,26.1,False
SESS0001653,CUST00074,2026-02-17,Website - Desktop,1,28.8,False
SESS0001654,CUST00074,2026-03-08,Mobile App,20,9.3,False
SESS0001655,CUST00074,2026-02-08,Mobile App,7,15.6,False
SESS0001656,CUST00074,2025-11-22,Mobile App,2,24.0,False
SESS0001657,CUST00074,2025-11-20,Mobile App,18,18.5,False
SESS0001658,CUST00074,2025-11-23,Mobile App,20,23.4,False
SESS0001659,CUST00074,2026-06-09,Mobile App,7,8.4,False
SESS0001660,CUST00074,2026-01-08,Website - Mobile Browser,25,13.3,True
SESS0001661,CUST00074,2026-03-24,Website - Mobile Browser,16,18.1,False
SESS0001662,CUST00074,2026-07-26,Website - Mobile Browser,16,4.5,False
SESS0001663,CUST00075,2025-10-02,Website - Mobile Browser,9,3.7,False
SESS0001664,CUST00075,2025-11-01,Website - Mobile Browser,9,16.0,False
SESS0001665,CUST00075,2026-08-03,Mobile App,15,6.5,False
SESS0001666,CUST00075,2026-01-04,Website - Desktop,25,20.9,False
SESS0001667,CUST00075,2025-12-14,Website - Mobile Browser,1,17.4,False
SESS0001668,CUST00075,2025-09-30,Website - Mobile Browser,8,17.4,False
SESS0001669,CUST00075,2025-08-31,Website - Desktop,19,24.9,False
SESS0001670,CUST00075,2026-03-13,Mobile App,5,19.9,False
SESS0001671,CUST00075,2026-07-03,Mobile App,23,18.7,False
SESS0001672,CUST00076,2025-12-24,Mobile App,3,10.9,False
SESS0001673,CUST00076,2026-05-20,Mobile App,11,15.9,False
SESS0001674,CUST00077,2026-01-20,Website - Desktop,7,25.4,True
SESS0001675,CUST00078,2026-06-03,Mobile App,19,22.5,False
SESS0001676,CUST00078,2026-03-05,Website - Desktop,10,16.2,False
SESS0001677,CUST00078,2026-01-07,Website - Mobile Browser,12,28.7,True
SESS0001678,CUST00078,2026-04-18,Website - Desktop,3,15.6,False
SESS0001679,CUST00078,2025-11-10,Website - Desktop,22,15.9,True
SESS0001680,CUST00078,2026-01-12,Mobile App,17,15.9,False
SESS0001681,CUST00078,2026-07-12,Website - Mobile Browser,11,23.7,False
SESS0001682,CUST00078,2025-10-12,Website - Desktop,23,15.7,False
SESS0001683,CUST00078,2026-05-21,Mobile App,19,12.9,False
SESS0001684,CUST00078,2025-10-09,Mobile App,6,29.1,False
SESS0001685,CUST00078,2026-03-26,Website - Mobile Browser,21,11.1,False
SESS0001686,CUST00078,2026-07-21,Website - Mobile Browser,20,22.8,True
SESS0001687,CUST00078,2026-04-19,Website - Desktop,16,9.1,False
SESS0001688,CUST00078,2025-11-03,Mobile App,15,6.2,True
SESS0001689,CUST00079,2026-06-23,Mobile App,19,6.8,False
SESS0001690,CUST00079,2026-08-07,Website - Mobile Browser,3,11.5,False
SESS0001691,CUST00079,2026-02-17,Website - Mobile Browser,25,3.2,False
SESS0001692,CUST00079,2026-05-23,Mobile App,10,23.5,False
SESS0001693,CUST00079,2026-04-12,Website - Desktop,11,17.1,False
SESS0001694,CUST00079,2026-06-28,Website - Mobile Browser,19,25.2,False
SESS0001695,CUST00079,2026-08-19,Mobile App,8,4.4,False
SESS0001696,CUST00079,2026-03-15,Mobile App,21,14.5,False
SESS0001697,CUST00079,2026-06-27,Website - Mobile Browser,19,1.3,True
SESS0001698,CUST00079,2026-02-11,Mobile App,8,14.4,False
SESS0001699,CUST00079,2026-03-13,Mobile App,2,21.4,False
SESS0001700,CUST00079,2026-05-24,Website - Desktop,11,24.8,False
SESS0001701,CUST00079,2026-03-25,Website - Mobile Browser,18,19.0,False
SESS0001702,CUST00079,2026-07-28,Website - Mobile Browser,18,8.8,False
SESS0001703,CUST00079,2026-07-23,Website - Desktop,19,10.0,False
SESS0001704,CUST00079,2026-08-03,Website - Mobile Browser,15,12.9,False
SESS0001705,CUST00079,2026-08-17,Mobile App,19,16.0,False
SESS0001706,CUST00079,2026-07-31,Website - Mobile Browser,18,18.9,True
SESS0001707,CUST00079,2026-05-03,Website - Desktop,24,6.7,False
SESS0001708,CUST00079,2026-06-26,Website - Desktop,19,2.4,False
SESS0001709,CUST00079,2026-08-04,Mobile App,18,17.6,False
SESS0001710,CUST00079,2026-02-16,Website - Mobile Browser,25,21.5,False
SESS0001711,CUST00079,2026-04-27,Website - Desktop,18,6.7,False
SESS0001712,CUST00079,2026-08-08,Website - Mobile Browser,15,12.6,False
SESS0001713,CUST00079,2026-05-14,Mobile App,1,20.7,False
SESS0001714,CUST00080,2025-09-03,Mobile App,19,12.3,True
SESS0001715,CUST00080,2026-03-30,Mobile App,21,23.7,False
SESS0001716,CUST00080,2026-05-04,Website - Mobile Browser,11,22.3,False
SESS0001717,CUST00080,2025-10-12,Website - Mobile Browser,4,5.1,False
SESS0001718,CUST00080,2025-09-12,Website - Mobile Browser,17,19.5,False
SESS0001719,CUST00080,2026-03-18,Mobile App,17,23.1,False
SESS0001720,CUST00080,2026-06-08,Mobile App,21,24.9,True
SESS0001721,CUST00080,2026-05-03,Website - Desktop,13,21.6,False
SESS0001722,CUST00080,2026-05-20,Website - Mobile Browser,2,26.3,True
SESS0001723,CUST00081,2026-01-17,Mobile App,8,14.7,True
SESS0001724,CUST00081,2026-04-30,Website - Mobile Browser,5,11.9,False
SESS0001725,CUST00081,2026-07-06,Mobile App,8,8.6,False
SESS0001726,CUST00081,2026-08-11,Website - Mobile Browser,14,20.0,False
SESS0001727,CUST00081,2025-10-25,Website - Desktop,2,7.7,False
SESS0001728,CUST00081,2026-05-24,Website - Desktop,16,10.2,False
SESS0001729,CUST00081,2026-01-12,Website - Desktop,17,23.6,False
SESS0001730,CUST00081,2026-06-03,Mobile App,11,11.0,False
SESS0001731,CUST00081,2026-01-18,Website - Desktop,15,7.5,True
SESS0001732,CUST00081,2025-12-02,Mobile App,22,27.0,True
SESS0001733,CUST00081,2025-11-01,Website - Desktop,11,10.5,True
SESS0001734,CUST00081,2025-10-23,Website - Desktop,15,20.4,True
SESS0001735,CUST00081,2025-11-13,Mobile App,21,3.3,False
SESS0001736,CUST00081,2026-05-04,Website - Mobile Browser,22,26.4,False
SESS0001737,CUST00081,2026-07-09,Website - Desktop,23,24.8,False
SESS0001738,CUST00081,2026-06-07,Website - Desktop,12,29.5,False
SESS0001739,CUST00081,2026-02-06,Mobile App,3,9.7,False
SESS0001740,CUST00081,2026-05-08,Website - Desktop,2,19.7,False
SESS0001741,CUST00081,2026-03-04,Mobile App,8,29.3,False
SESS0001742,CUST00081,2025-12-14,Mobile App,7,12.3,False
SESS0001743,CUST00081,2025-11-14,Mobile App,11,19.0,False
SESS0001744,CUST00081,2026-05-08,Website - Mobile Browser,20,2.7,True
SESS0001745,CUST00081,2026-03-13,Website - Mobile Browser,15,26.4,False
SESS0001746,CUST00081,2025-10-27,Website - Desktop,18,2.1,False
SESS0001747,CUST00081,2025-09-12,Mobile App,21,29.2,False
SESS0001748,CUST00081,2025-11-20,Website - Mobile Browser,9,11.0,False
SESS0001749,CUST00081,2025-09-10,Website - Desktop,14,29.3,False
SESS0001750,CUST00081,2025-10-19,Website - Desktop,1,27.5,False
SESS0001751,CUST00081,2026-07-11,Website - Desktop,24,25.8,False
SESS0001752,CUST00081,2026-07-26,Mobile App,3,13.2,False
SESS0001753,CUST00081,2025-12-02,Website - Mobile Browser,11,14.7,False
SESS0001754,CUST00081,2026-06-07,Website - Mobile Browser,22,6.6,True
SESS0001755,CUST00081,2026-04-15,Website - Mobile Browser,16,11.3,False
SESS0001756,CUST00081,2025-11-24,Mobile App,20,27.3,False
SESS0001757,CUST00081,2026-06-19,Website - Mobile Browser,15,7.4,False
SESS0001758,CUST00081,2026-03-07,Website - Mobile Browser,25,22.4,False
SESS0001759,CUST00081,2025-08-27,Mobile App,19,25.0,False
SESS0001760,CUST00082,2025-12-30,Website - Mobile Browser,22,9.5,True
SESS0001761,CUST00082,2026-04-01,Mobile App,8,5.7,True
SESS0001762,CUST00082,2026-01-06,Website - Mobile Browser,12,2.5,False
SESS0001763,CUST00082,2025-09-25,Website - Mobile Browser,9,16.4,False
SESS0001764,CUST00082,2026-05-07,Website - Desktop,1,28.4,False
SESS0001765,CUST00082,2026-03-12,Website - Desktop,10,23.9,False
SESS0001766,CUST00082,2026-05-13,Website - Mobile Browser,9,12.0,False
SESS0001767,CUST00082,2026-01-21,Website - Desktop,24,19.1,False
SESS0001768,CUST00082,2026-04-04,Website - Desktop,21,2.9,False
SESS0001769,CUST00082,2025-12-21,Website - Desktop,24,28.0,False
SESS0001770,CUST00082,2025-09-16,Mobile App,14,2.4,True
SESS0001771,CUST00082,2026-06-16,Mobile App,6,27.0,True
SESS0001772,CUST00082,2026-06-19,Website - Mobile Browser,4,12.4,False
SESS0001773,CUST00082,2025-11-13,Website - Mobile Browser,10,26.8,True
SESS0001774,CUST00082,2026-08-09,Website - Desktop,9,20.2,False
SESS0001775,CUST00082,2025-10-29,Mobile App,23,17.9,False
SESS0001776,CUST00082,2026-08-11,Mobile App,23,14.9,False
SESS0001777,CUST00082,2026-03-08,Mobile App,24,29.9,False
SESS0001778,CUST00082,2026-08-14,Website - Mobile Browser,5,16.3,False
SESS0001779,CUST00082,2026-06-03,Website - Mobile Browser,8,29.1,False
SESS0001780,CUST00082,2026-06-03,Mobile App,5,13.0,False
SESS0001781,CUST00082,2025-10-04,Website - Desktop,24,1.4,False
SESS0001782,CUST00082,2026-05-22,Website - Mobile Browser,13,21.4,True
SESS0001783,CUST00083,2026-01-11,Mobile App,14,11.6,False
SESS0001784,CUST00083,2026-04-19,Website - Mobile Browser,24,11.6,False
SESS0001785,CUST00083,2026-07-06,Website - Desktop,3,0.5,False
SESS0001786,CUST00083,2026-04-12,Website - Mobile Browser,13,27.5,False
SESS0001787,CUST00083,2026-03-13,Mobile App,5,23.9,False
SESS0001788,CUST00083,2026-06-17,Mobile App,22,21.1,False
SESS0001789,CUST00083,2025-11-14,Website - Mobile Browser,19,16.6,True
SESS0001790,CUST00083,2025-12-01,Mobile App,24,13.4,False
SESS0001791,CUST00083,2026-03-24,Mobile App,14,14.9,False
SESS0001792,CUST00083,2026-06-13,Mobile App,4,14.5,False
SESS0001793,CUST00083,2026-05-25,Mobile App,11,4.9,False
SESS0001794,CUST00083,2025-10-22,Website - Desktop,4,8.6,True
SESS0001795,CUST00083,2025-11-18,Mobile App,7,7.7,False
SESS0001796,CUST00083,2026-05-15,Mobile App,15,9.5,False
SESS0001797,CUST00083,2026-01-06,Website - Desktop,14,26.5,True
SESS0001798,CUST00083,2026-07-17,Website - Desktop,2,3.7,False
SESS0001799,CUST00083,2025-09-29,Website - Desktop,25,4.3,True
SESS0001800,CUST00083,2025-10-31,Website - Mobile Browser,19,23.6,False
SESS0001801,CUST00083,2025-11-01,Website - Mobile Browser,13,26.9,False
SESS0001802,CUST00083,2026-07-03,Website - Desktop,19,22.9,False
SESS0001803,CUST00083,2025-11-02,Website - Desktop,22,13.4,False
SESS0001804,CUST00083,2026-02-19,Website - Desktop,3,9.3,True
SESS0001805,CUST00083,2026-05-16,Mobile App,18,10.0,False
SESS0001806,CUST00083,2026-04-17,Website - Mobile Browser,11,10.6,False
SESS0001807,CUST00083,2025-09-03,Mobile App,9,23.5,False
SESS0001808,CUST00083,2025-10-24,Website - Desktop,18,12.3,True
SESS0001809,CUST00083,2025-10-29,Website - Mobile Browser,18,7.2,True
SESS0001810,CUST00083,2026-01-15,Website - Desktop,25,7.6,False
SESS0001811,CUST00083,2026-04-02,Website - Desktop,12,8.6,False
SESS0001812,CUST00083,2025-09-21,Website - Mobile Browser,3,11.5,False
SESS0001813,CUST00083,2025-09-21,Website - Mobile Browser,7,4.9,True
SESS0001814,CUST00083,2025-11-23,Website - Desktop,23,23.6,False
SESS0001815,CUST00083,2026-07-20,Website - Mobile Browser,15,17.9,False
SESS0001816,CUST00083,2026-08-11,Mobile App,5,26.3,True
SESS0001817,CUST00083,2025-10-02,Mobile App,19,10.0,False
SESS0001818,CUST00084,2026-03-04,Website - Mobile Browser,14,13.0,False
SESS0001819,CUST00084,2026-05-15,Mobile App,23,16.1,False
SESS0001820,CUST00084,2026-06-13,Mobile App,2,3.4,False
SESS0001821,CUST00084,2026-04-01,Website - Desktop,8,3.0,True
SESS0001822,CUST00084,2026-01-10,Mobile App,11,3.2,True
SESS0001823,CUST00084,2025-09-03,Mobile App,14,14.7,False
SESS0001824,CUST00084,2026-06-20,Website - Mobile Browser,4,28.4,True
SESS0001825,CUST00084,2026-05-28,Website - Mobile Browser,3,16.7,True
SESS0001826,CUST00084,2026-04-16,Website - Mobile Browser,22,12.5,False
SESS0001827,CUST00084,2025-09-11,Website - Desktop,10,4.3,False
SESS0001828,CUST00084,2025-11-24,Mobile App,14,19.4,False
SESS0001829,CUST00084,2025-09-26,Mobile App,5,26.0,False
SESS0001830,CUST00084,2025-10-17,Website - Mobile Browser,7,7.7,False
SESS0001831,CUST00084,2026-04-09,Mobile App,12,28.3,True
SESS0001832,CUST00084,2025-08-31,Website - Mobile Browser,7,0.9,True
SESS0001833,CUST00084,2026-08-09,Mobile App,7,2.1,False
SESS0001834,CUST00084,2026-08-06,Website - Desktop,11,29.3,False
SESS0001835,CUST00084,2025-10-04,Website - Desktop,23,1.1,False
SESS0001836,CUST00084,2026-05-19,Mobile App,6,9.0,True
SESS0001837,CUST00084,2025-12-26,Website - Desktop,5,1.3,False
SESS0001838,CUST00084,2026-05-08,Mobile App,4,9.8,False
SESS0001839,CUST00084,2025-11-07,Website - Mobile Browser,19,17.2,True
SESS0001840,CUST00084,2026-02-15,Website - Desktop,14,26.8,True
SESS0001841,CUST00084,2026-03-17,Website - Mobile Browser,17,4.6,True
SESS0001842,CUST00084,2026-02-02,Mobile App,9,1.6,False
SESS0001843,CUST00084,2025-10-24,Mobile App,19,4.3,False
SESS0001844,CUST00084,2025-12-24,Mobile App,12,11.6,False
SESS0001845,CUST00084,2025-10-21,Mobile App,22,22.3,False
SESS0001846,CUST00084,2025-09-16,Mobile App,4,22.9,False
SESS0001847,CUST00084,2026-05-03,Website - Desktop,7,7.1,True
SESS0001848,CUST00084,2026-04-09,Mobile App,21,5.6,True
SESS0001849,CUST00085,2025-10-10,Mobile App,7,5.2,False
SESS0001850,CUST00085,2026-06-19,Website - Desktop,11,25.1,False
SESS0001851,CUST00085,2025-10-03,Website - Desktop,11,4.2,False
SESS0001852,CUST00085,2025-12-11,Website - Mobile Browser,13,9.3,False
SESS0001853,CUST00085,2026-02-27,Website - Mobile Browser,15,13.1,True
SESS0001854,CUST00085,2026-06-24,Website - Desktop,19,15.6,False
SESS0001855,CUST00085,2025-10-17,Website - Desktop,6,22.5,False
SESS0001856,CUST00085,2026-07-21,Website - Mobile Browser,12,7.8,False
SESS0001857,CUST00085,2025-09-04,Website - Mobile Browser,22,14.5,False
SESS0001858,CUST00085,2026-01-27,Mobile App,9,20.0,False
SESS0001859,CUST00085,2025-10-19,Website - Mobile Browser,12,5.7,False
SESS0001860,CUST00085,2026-04-19,Mobile App,12,12.4,False
SESS0001861,CUST00085,2025-11-16,Website - Desktop,23,5.7,False
SESS0001862,CUST00085,2026-07-09,Website - Desktop,12,24.5,False
SESS0001863,CUST00085,2026-01-12,Mobile App,9,14.9,False
SESS0001864,CUST00085,2026-07-11,Mobile App,12,23.7,False
SESS0001865,CUST00085,2026-06-19,Website - Mobile Browser,2,18.8,False
SESS0001866,CUST00085,2025-10-06,Website - Desktop,4,8.4,False
SESS0001867,CUST00085,2025-10-27,Website - Desktop,8,7.9,False
SESS0001868,CUST00085,2025-10-05,Website - Mobile Browser,12,5.2,False
SESS0001869,CUST00085,2025-10-02,Website - Desktop,25,12.1,False
SESS0001870,CUST00085,2026-08-06,Website - Mobile Browser,8,10.5,False
SESS0001871,CUST00085,2026-01-02,Website - Mobile Browser,23,21.1,False
SESS0001872,CUST00085,2026-04-05,Website - Mobile Browser,25,17.5,False
SESS0001873,CUST00086,2025-10-08,Mobile App,10,6.5,False
SESS0001874,CUST00086,2026-07-25,Website - Desktop,16,27.8,True
SESS0001875,CUST00086,2026-07-24,Mobile App,11,14.5,True
SESS0001876,CUST00086,2026-07-15,Website - Desktop,21,21.1,False
SESS0001877,CUST00086,2026-04-01,Mobile App,24,18.9,False
SESS0001878,CUST00086,2025-10-30,Website - Desktop,9,6.8,False
SESS0001879,CUST00086,2026-03-05,Website - Desktop,18,10.2,False
SESS0001880,CUST00086,2026-03-30,Mobile App,22,17.5,False
SESS0001881,CUST00086,2026-04-28,Mobile App,13,22.1,True
SESS0001882,CUST00086,2025-10-20,Website - Mobile Browser,16,17.9,False
SESS0001883,CUST00086,2026-04-24,Website - Mobile Browser,25,26.7,False
SESS0001884,CUST00086,2025-12-13,Website - Mobile Browser,3,12.8,False
SESS0001885,CUST00086,2026-06-17,Mobile App,22,28.4,True
SESS0001886,CUST00086,2025-12-30,Website - Desktop,17,19.8,False
SESS0001887,CUST00086,2025-10-03,Mobile App,1,7.7,False
SESS0001888,CUST00087,2026-08-05,Website - Desktop,5,11.7,False
SESS0001889,CUST00087,2026-06-16,Mobile App,25,25.0,True
SESS0001890,CUST00087,2026-08-08,Mobile App,9,16.3,False
SESS0001891,CUST00087,2026-07-15,Website - Desktop,18,27.2,True
SESS0001892,CUST00087,2026-06-25,Mobile App,13,22.1,False
SESS0001893,CUST00087,2026-02-20,Mobile App,5,29.4,False
SESS0001894,CUST00087,2026-02-05,Website - Desktop,7,18.0,False
SESS0001895,CUST00087,2026-08-08,Website - Desktop,13,5.9,False
SESS0001896,CUST00087,2026-03-06,Mobile App,24,17.6,False
SESS0001897,CUST00087,2026-06-14,Mobile App,13,25.4,False
SESS0001898,CUST00087,2026-04-09,Website - Desktop,7,27.6,True
SESS0001899,CUST00087,2026-04-23,Mobile App,15,4.6,False
SESS0001900,CUST00087,2026-06-27,Website - Mobile Browser,21,27.0,True
SESS0001901,CUST00088,2026-08-06,Website - Mobile Browser,9,15.4,False
SESS0001902,CUST00088,2026-07-16,Website - Mobile Browser,4,5.9,False
SESS0001903,CUST00088,2026-06-17,Website - Desktop,23,9.1,False
SESS0001904,CUST00088,2026-07-23,Website - Mobile Browser,14,13.8,False
SESS0001905,CUST00088,2026-08-19,Website - Desktop,22,26.7,False
SESS0001906,CUST00088,2026-07-02,Website - Desktop,8,18.2,True
SESS0001907,CUST00088,2026-06-19,Website - Desktop,4,5.5,False
SESS0001908,CUST00088,2026-08-21,Website - Mobile Browser,1,3.9,False
SESS0001909,CUST00088,2026-06-25,Mobile App,19,18.2,False
SESS0001910,CUST00088,2026-07-09,Mobile App,25,22.8,True
SESS0001911,CUST00088,2026-07-05,Mobile App,9,29.2,True
SESS0001912,CUST00088,2026-07-12,Website - Mobile Browser,14,25.1,False
SESS0001913,CUST00088,2026-07-31,Mobile App,22,8.6,False
SESS0001914,CUST00088,2026-07-11,Website - Desktop,2,24.9,False
SESS0001915,CUST00088,2026-08-07,Website - Mobile Browser,9,3.1,True
SESS0001916,CUST00088,2026-07-06,Mobile App,14,15.1,True
SESS0001917,CUST00088,2026-08-08,Mobile App,9,27.3,True
SESS0001918,CUST00088,2026-07-28,Website - Desktop,1,29.3,False
SESS0001919,CUST00088,2026-06-30,Website - Mobile Browser,19,20.1,True
SESS0001920,CUST00088,2026-07-12,Mobile App,2,25.5,False
SESS0001921,CUST00088,2026-07-17,Mobile App,2,4.9,False
SESS0001922,CUST00088,2026-07-20,Website - Desktop,14,27.8,False
SESS0001923,CUST00088,2026-07-20,Website - Mobile Browser,2,22.6,True
SESS0001924,CUST00088,2026-08-09,Website - Mobile Browser,20,1.7,False
SESS0001925,CUST00088,2026-07-09,Mobile App,25,6.4,False
SESS0001926,CUST00089,2026-03-24,Website - Desktop,18,8.2,True
SESS0001927,CUST00089,2026-01-25,Mobile App,7,9.9,True
SESS0001928,CUST00089,2026-03-23,Mobile App,23,14.6,False
SESS0001929,CUST00089,2026-05-03,Mobile App,16,25.2,False
SESS0001930,CUST00089,2026-05-23,Mobile App,7,27.7,False
SESS0001931,CUST00089,2026-05-07,Mobile App,11,23.7,True
SESS0001932,CUST00089,2025-11-19,Website - Mobile Browser,3,23.8,True
SESS0001933,CUST00089,2025-08-28,Mobile App,23,3.4,False
SESS0001934,CUST00089,2026-08-19,Mobile App,5,9.5,False
SESS0001935,CUST00089,2025-09-02,Mobile App,6,29.1,False
SESS0001936,CUST00089,2026-03-16,Website - Mobile Browser,3,9.0,True
SESS0001937,CUST00089,2026-08-06,Website - Mobile Browser,15,25.6,False
SESS0001938,CUST00089,2026-07-24,Mobile App,16,28.0,True
SESS0001939,CUST00089,2025-09-17,Website - Mobile Browser,7,29.1,False
SESS0001940,CUST00089,2025-12-30,Website - Mobile Browser,12,15.0,False
SESS0001941,CUST00089,2026-06-28,Website - Desktop,7,18.4,False
SESS0001942,CUST00089,2026-07-05,Mobile App,2,27.6,False
SESS0001943,CUST00089,2026-06-17,Website - Mobile Browser,4,19.9,False
SESS0001944,CUST00089,2025-12-11,Website - Mobile Browser,10,5.5,False
SESS0001945,CUST00089,2025-10-17,Mobile App,12,8.9,True
SESS0001946,CUST00089,2026-06-30,Website - Mobile Browser,8,2.9,False
SESS0001947,CUST00090,2026-08-11,Mobile App,14,18.1,False
SESS0001948,CUST00090,2026-07-21,Website - Mobile Browser,6,12.0,False
SESS0001949,CUST00090,2025-11-22,Website - Desktop,12,10.4,False
SESS0001950,CUST00090,2026-06-21,Mobile App,25,19.9,False
SESS0001951,CUST00090,2025-09-16,Mobile App,1,4.6,False
SESS0001952,CUST00090,2025-10-15,Website - Desktop,24,24.4,False
SESS0001953,CUST00090,2026-08-08,Website - Desktop,19,16.5,False
SESS0001954,CUST00090,2026-05-07,Website - Desktop,17,16.0,False
SESS0001955,CUST00090,2026-01-09,Website - Desktop,13,18.3,False
SESS0001956,CUST00090,2025-09-05,Website - Mobile Browser,8,29.4,True
SESS0001957,CUST00090,2026-08-09,Mobile App,19,29.7,False
SESS0001958,CUST00090,2026-01-07,Website - Desktop,14,13.8,False
SESS0001959,CUST00090,2026-05-06,Website - Desktop,7,11.3,False
SESS0001960,CUST00090,2026-04-22,Website - Desktop,5,25.6,True
SESS0001961,CUST00090,2025-09-22,Website - Mobile Browser,24,3.0,True
SESS0001962,CUST00090,2026-06-24,Website - Desktop,5,22.9,False
SESS0001963,CUST00090,2026-07-06,Website - Desktop,1,8.1,False
SESS0001964,CUST00090,2025-09-06,Website - Desktop,1,20.1,True
SESS0001965,CUST00090,2026-01-05,Website - Mobile Browser,9,3.8,False
SESS0001966,CUST00090,2025-09-24,Website - Desktop,17,19.6,False
SESS0001967,CUST00090,2025-09-23,Mobile App,9,1.7,False
SESS0001968,CUST00091,2026-03-19,Mobile App,1,0.6,False
SESS0001969,CUST00091,2026-06-15,Website - Desktop,14,16.5,True
SESS0001970,CUST00091,2025-10-19,Website - Desktop,25,3.5,True
SESS0001971,CUST00091,2025-10-31,Mobile App,1,14.4,True
SESS0001972,CUST00091,2026-05-21,Website - Mobile Browser,24,3.8,False
SESS0001973,CUST00091,2026-05-23,Website - Mobile Browser,6,4.6,True
SESS0001974,CUST00091,2026-05-05,Mobile App,6,5.7,True
SESS0001975,CUST00091,2025-12-12,Mobile App,18,8.7,False
SESS0001976,CUST00091,2026-01-22,Mobile App,17,6.2,False
SESS0001977,CUST00091,2025-12-26,Website - Mobile Browser,20,9.3,True
SESS0001978,CUST00091,2026-06-04,Mobile App,2,21.9,False
SESS0001979,CUST00091,2026-05-04,Website - Desktop,20,24.2,False
SESS0001980,CUST00091,2025-12-08,Mobile App,23,3.9,False
SESS0001981,CUST00091,2025-10-22,Website - Mobile Browser,1,24.9,False
SESS0001982,CUST00091,2026-07-10,Website - Desktop,7,9.9,False
SESS0001983,CUST00091,2025-09-07,Website - Desktop,5,5.4,False
SESS0001984,CUST00091,2026-05-24,Website - Mobile Browser,5,27.7,True
SESS0001985,CUST00091,2026-02-24,Website - Desktop,10,4.0,False
SESS0001986,CUST00091,2025-08-30,Website - Mobile Browser,12,28.7,False
SESS0001987,CUST00091,2026-06-22,Mobile App,20,22.9,False
SESS0001988,CUST00091,2026-04-28,Mobile App,5,27.8,True
SESS0001989,CUST00091,2026-07-08,Mobile App,1,26.9,True
SESS0001990,CUST00091,2026-03-14,Website - Desktop,23,28.3,False
SESS0001991,CUST00091,2026-06-21,Mobile App,20,10.3,False
SESS0001992,CUST00091,2026-07-23,Website - Mobile Browser,25,27.2,False
SESS0001993,CUST00091,2026-02-23,Website - Desktop,10,14.4,False
SESS0001994,CUST00091,2026-05-09,Website - Desktop,10,22.1,False
SESS0001995,CUST00091,2026-01-26,Website - Mobile Browser,2,5.7,False
SESS0001996,CUST00092,2025-10-22,Website - Mobile Browser,8,1.2,False
SESS0001997,CUST00092,2026-08-12,Website - Desktop,16,29.4,False
SESS0001998,CUST00092,2026-03-02,Website - Mobile Browser,1,20.4,False
SESS0001999,CUST00092,2026-08-14,Website - Mobile Browser,19,23.3,False
SESS0002000,CUST00092,2025-10-11,Mobile App,8,24.8,False
SESS0002001,CUST00092,2025-11-11,Website - Mobile Browser,15,7.9,False
SESS0002002,CUST00092,2026-04-06,Mobile App,24,12.4,False
SESS0002003,CUST00092,2025-11-13,Website - Desktop,11,16.8,False
SESS0002004,CUST00092,2025-11-01,Website - Desktop,12,18.0,False
SESS0002005,CUST00092,2026-05-22,Mobile App,18,22.9,True
SESS0002006,CUST00092,2026-03-16,Website - Mobile Browser,1,25.1,False
SESS0002007,CUST00092,2026-06-26,Website - Desktop,19,19.3,False
SESS0002008,CUST00092,2026-06-16,Website - Desktop,5,15.8,False
SESS0002009,CUST00092,2026-02-11,Website - Desktop,1,11.6,False
SESS0002010,CUST00092,2025-12-17,Website - Desktop,11,12.9,False
SESS0002011,CUST00092,2026-04-15,Website - Desktop,25,8.6,False
SESS0002012,CUST00092,2026-06-20,Mobile App,3,12.3,True
SESS0002013,CUST00092,2025-10-25,Website - Desktop,3,27.8,False
SESS0002014,CUST00092,2026-06-12,Website - Mobile Browser,3,9.3,False
SESS0002015,CUST00092,2026-04-16,Mobile App,5,11.1,False
SESS0002016,CUST00092,2025-11-05,Website - Mobile Browser,9,6.2,False
SESS0002017,CUST00092,2025-10-05,Website - Mobile Browser,20,5.2,False
SESS0002018,CUST00092,2025-09-24,Website - Desktop,10,8.4,False
SESS0002019,CUST00092,2026-04-01,Website - Desktop,6,10.0,False
SESS0002020,CUST00092,2026-06-27,Mobile App,18,8.8,True
SESS0002021,CUST00092,2025-09-06,Website - Mobile Browser,5,27.1,True
SESS0002022,CUST00092,2025-12-06,Website - Desktop,17,0.6,True
SESS0002023,CUST00092,2026-03-09,Mobile App,15,21.4,False
SESS0002024,CUST00092,2025-09-19,Website - Mobile Browser,11,10.6,False
SESS0002025,CUST00092,2026-03-29,Website - Desktop,20,3.7,False
SESS0002026,CUST00092,2026-05-26,Website - Desktop,15,8.8,False
SESS0002027,CUST00092,2025-12-16,Mobile App,13,5.6,False
SESS0002028,CUST00092,2026-03-13,Website - Desktop,1,5.3,True
SESS0002029,CUST00092,2026-04-13,Website - Desktop,2,7.6,False
SESS0002030,CUST00092,2025-09-07,Mobile App,22,4.8,False
SESS0002031,CUST00093,2025-12-01,Website - Desktop,12,5.8,False
SESS0002032,CUST00093,2026-08-13,Mobile App,11,19.4,False
SESS0002033,CUST00093,2026-03-18,Mobile App,17,11.9,True
SESS0002034,CUST00093,2026-03-17,Mobile App,5,18.4,False
SESS0002035,CUST00093,2026-06-07,Website - Mobile Browser,20,18.2,False
SESS0002036,CUST00093,2025-09-12,Mobile App,16,9.2,True
SESS0002037,CUST00093,2025-12-18,Mobile App,5,1.3,True
SESS0002038,CUST00093,2026-08-01,Website - Desktop,18,27.9,True
SESS0002039,CUST00093,2025-08-30,Mobile App,12,20.7,False
SESS0002040,CUST00093,2026-01-02,Website - Desktop,13,18.3,False
SESS0002041,CUST00093,2025-12-06,Mobile App,13,7.0,True
SESS0002042,CUST00093,2026-01-17,Website - Desktop,25,1.5,True
SESS0002043,CUST00093,2025-11-05,Mobile App,19,5.1,True
SESS0002044,CUST00093,2026-05-24,Website - Mobile Browser,25,28.2,False
SESS0002045,CUST00093,2026-05-15,Mobile App,5,1.8,True
SESS0002046,CUST00093,2026-08-12,Website - Mobile Browser,2,3.6,False
SESS0002047,CUST00093,2026-05-06,Mobile App,7,11.5,False
SESS0002048,CUST00093,2025-10-01,Website - Mobile Browser,16,3.0,True
SESS0002049,CUST00093,2026-01-20,Mobile App,21,1.1,False
SESS0002050,CUST00093,2026-05-20,Website - Mobile Browser,11,13.2,False
SESS0002051,CUST00093,2025-10-02,Mobile App,11,11.6,False
SESS0002052,CUST00093,2026-06-13,Website - Desktop,23,15.0,False
SESS0002053,CUST00093,2025-10-20,Website - Desktop,12,29.1,False
SESS0002054,CUST00093,2026-03-26,Website - Mobile Browser,15,17.6,False
SESS0002055,CUST00093,2026-01-11,Mobile App,8,0.5,False
SESS0002056,CUST00093,2026-03-26,Website - Desktop,24,24.2,True
SESS0002057,CUST00093,2026-06-29,Website - Mobile Browser,8,2.9,False
SESS0002058,CUST00093,2025-12-09,Website - Mobile Browser,15,14.2,False
SESS0002059,CUST00093,2025-10-20,Mobile App,10,10.3,False
SESS0002060,CUST00093,2026-02-09,Website - Mobile Browser,10,25.2,False
SESS0002061,CUST00093,2026-07-11,Website - Mobile Browser,4,18.6,False
SESS0002062,CUST00093,2025-09-29,Website - Desktop,7,20.5,False
SESS0002063,CUST00093,2026-05-12,Mobile App,3,20.3,False
SESS0002064,CUST00093,2026-07-11,Website - Desktop,14,21.5,False
SESS0002065,CUST00093,2026-06-13,Website - Desktop,6,19.9,False
SESS0002066,CUST00093,2026-04-19,Website - Desktop,3,4.2,False
SESS0002067,CUST00093,2026-05-30,Mobile App,18,3.1,False
SESS0002068,CUST00093,2025-10-23,Website - Desktop,16,16.6,False
SESS0002069,CUST00094,2026-08-14,Website - Mobile Browser,20,2.3,True
SESS0002070,CUST00094,2026-05-18,Mobile App,22,3.9,False
SESS0002071,CUST00094,2026-06-29,Website - Mobile Browser,22,27.9,True
SESS0002072,CUST00094,2026-06-14,Website - Mobile Browser,16,19.2,True
SESS0002073,CUST00095,2026-07-27,Mobile App,5,6.4,False
SESS0002074,CUST00095,2025-12-27,Website - Mobile Browser,12,17.8,True
SESS0002075,CUST00095,2026-06-05,Mobile App,13,24.7,False
SESS0002076,CUST00095,2025-12-27,Website - Desktop,21,15.6,False
SESS0002077,CUST00095,2026-01-03,Website - Desktop,3,3.0,False
SESS0002078,CUST00095,2026-07-01,Website - Mobile Browser,10,6.2,True
SESS0002079,CUST00095,2026-01-29,Website - Mobile Browser,8,13.9,False
SESS0002080,CUST00095,2026-07-13,Mobile App,19,22.7,False
SESS0002081,CUST00095,2026-06-01,Website - Mobile Browser,5,26.3,False
SESS0002082,CUST00095,2026-01-13,Mobile App,7,4.7,False
SESS0002083,CUST00095,2025-11-10,Website - Mobile Browser,22,19.0,False
SESS0002084,CUST00095,2026-04-03,Website - Desktop,20,6.7,False
SESS0002085,CUST00095,2025-09-22,Website - Mobile Browser,23,8.1,False
SESS0002086,CUST00095,2025-10-20,Website - Mobile Browser,7,24.1,False
SESS0002087,CUST00095,2026-04-10,Website - Desktop,19,2.6,False
SESS0002088,CUST00096,2026-02-22,Website - Mobile Browser,5,1.7,True
SESS0002089,CUST00096,2026-06-12,Website - Desktop,22,26.2,False
SESS0002090,CUST00096,2025-10-17,Website - Desktop,6,21.2,False
SESS0002091,CUST00096,2026-07-06,Mobile App,14,13.6,False
SESS0002092,CUST00096,2026-03-11,Mobile App,12,2.4,True
SESS0002093,CUST00096,2026-08-10,Mobile App,9,9.8,False
SESS0002094,CUST00096,2026-06-04,Mobile App,16,28.5,False
SESS0002095,CUST00096,2025-09-27,Website - Desktop,11,27.9,False
SESS0002096,CUST00096,2025-09-29,Website - Desktop,14,8.2,False
SESS0002097,CUST00096,2025-12-17,Website - Desktop,19,13.1,True
SESS0002098,CUST00096,2026-07-29,Website - Mobile Browser,10,21.4,False
SESS0002099,CUST00096,2025-10-24,Mobile App,10,12.5,True
SESS0002100,CUST00096,2025-12-05,Mobile App,14,17.6,False
SESS0002101,CUST00097,2026-01-04,Website - Desktop,13,16.2,False
SESS0002102,CUST00097,2025-09-28,Mobile App,5,24.6,True
SESS0002103,CUST00097,2025-10-30,Website - Desktop,25,4.2,False
SESS0002104,CUST00097,2026-05-31,Website - Desktop,23,15.0,False
SESS0002105,CUST00097,2025-11-27,Mobile App,24,9.9,True
SESS0002106,CUST00097,2026-02-13,Website - Desktop,19,23.4,False
SESS0002107,CUST00097,2025-11-27,Website - Desktop,5,2.7,False
SESS0002108,CUST00097,2026-07-08,Website - Desktop,14,26.1,False
SESS0002109,CUST00097,2026-04-18,Mobile App,6,4.8,True
SESS0002110,CUST00097,2025-10-16,Website - Desktop,15,16.7,False
SESS0002111,CUST00097,2025-10-10,Website - Mobile Browser,22,22.0,True
SESS0002112,CUST00097,2026-03-19,Website - Desktop,16,21.8,False
SESS0002113,CUST00097,2025-09-10,Mobile App,12,3.9,False
SESS0002114,CUST00097,2026-07-02,Website - Mobile Browser,21,2.0,True
SESS0002115,CUST00097,2026-01-18,Mobile App,21,18.5,True
SESS0002116,CUST00097,2026-07-01,Website - Desktop,15,16.9,False
SESS0002117,CUST00097,2026-07-23,Mobile App,25,7.7,False
SESS0002118,CUST00097,2025-10-12,Website - Mobile Browser,5,21.0,False
SESS0002119,CUST00097,2026-01-06,Website - Mobile Browser,23,8.5,True
SESS0002120,CUST00097,2026-06-27,Website - Desktop,16,12.3,False
SESS0002121,CUST00097,2026-08-04,Mobile App,13,6.3,False
SESS0002122,CUST00097,2026-01-08,Website - Mobile Browser,5,25.5,False
SESS0002123,CUST00097,2026-04-29,Website - Mobile Browser,14,6.4,True
SESS0002124,CUST00097,2026-02-25,Mobile App,5,1.3,False
SESS0002125,CUST00097,2025-11-29,Mobile App,24,20.4,False
SESS0002126,CUST00097,2026-07-08,Website - Desktop,5,11.9,False
SESS0002127,CUST00098,2026-04-29,Mobile App,7,29.8,True
SESS0002128,CUST00098,2026-04-07,Website - Desktop,22,17.5,True
SESS0002129,CUST00098,2026-04-15,Website - Mobile Browser,6,28.2,False
SESS0002130,CUST00098,2026-05-20,Website - Mobile Browser,13,15.2,False
SESS0002131,CUST00098,2025-11-23,Mobile App,23,6.6,True
SESS0002132,CUST00098,2026-06-18,Website - Desktop,21,20.5,False
SESS0002133,CUST00098,2025-08-29,Website - Desktop,14,26.4,False
SESS0002134,CUST00098,2026-06-30,Mobile App,18,29.6,False
SESS0002135,CUST00098,2025-12-09,Website - Desktop,19,21.6,True
SESS0002136,CUST00098,2025-10-22,Mobile App,5,8.2,False
SESS0002137,CUST00098,2026-01-17,Mobile App,19,28.0,False
SESS0002138,CUST00098,2025-09-22,Website - Mobile Browser,1,2.8,False
SESS0002139,CUST00098,2026-01-13,Website - Desktop,13,3.7,False
SESS0002140,CUST00098,2026-02-09,Website - Mobile Browser,23,20.9,False
SESS0002141,CUST00098,2025-09-29,Mobile App,18,26.4,True
SESS0002142,CUST00098,2026-02-10,Website - Mobile Browser,24,15.5,False
SESS0002143,CUST00098,2026-04-15,Website - Mobile Browser,24,1.6,False
SESS0002144,CUST00098,2026-07-17,Mobile App,2,8.8,False
SESS0002145,CUST00098,2026-02-10,Mobile App,12,12.5,False
SESS0002146,CUST00098,2025-09-26,Website - Desktop,3,20.8,False
SESS0002147,CUST00098,2026-05-17,Mobile App,17,19.2,True
SESS0002148,CUST00098,2026-07-23,Website - Mobile Browser,21,6.9,False
SESS0002149,CUST00098,2026-07-25,Website - Desktop,12,15.4,True
SESS0002150,CUST00098,2026-05-30,Website - Mobile Browser,21,0.9,False
SESS0002151,CUST00098,2025-11-06,Website - Mobile Browser,11,11.8,False
SESS0002152,CUST00098,2025-12-23,Website - Desktop,15,16.7,True
SESS0002153,CUST00098,2025-12-19,Website - Mobile Browser,2,5.1,False
SESS0002154,CUST00098,2026-08-20,Website - Mobile Browser,4,12.4,False
SESS0002155,CUST00098,2026-02-18,Website - Mobile Browser,18,19.6,True
SESS0002156,CUST00098,2026-05-06,Website - Mobile Browser,4,13.4,True
SESS0002157,CUST00098,2026-02-14,Website - Mobile Browser,13,13.0,False
SESS0002158,CUST00098,2025-12-05,Website - Desktop,4,3.0,False
SESS0002159,CUST00098,2025-09-09,Website - Desktop,15,11.0,False
SESS0002160,CUST00098,2025-10-22,Website - Mobile Browser,7,20.1,True
SESS0002161,CUST00099,2026-02-12,Website - Desktop,2,21.7,False
SESS0002162,CUST00099,2026-04-14,Website - Desktop,18,6.6,True
SESS0002163,CUST00099,2025-12-20,Website - Desktop,21,16.4,False
SESS0002164,CUST00099,2025-09-07,Website - Desktop,11,13.5,True
SESS0002165,CUST00100,2026-03-31,Mobile App,12,28.6,False
SESS0002166,CUST00100,2026-01-10,Website - Mobile Browser,21,18.0,False
SESS0002167,CUST00100,2026-07-30,Mobile App,10,5.2,False
SESS0002168,CUST00100,2026-01-04,Mobile App,4,14.3,False
SESS0002169,CUST00100,2026-01-28,Website - Desktop,11,17.0,True
SESS0002170,CUST00100,2026-02-13,Website - Desktop,18,24.5,False
SESS0002171,CUST00100,2025-09-15,Website - Desktop,18,14.8,False
SESS0002172,CUST00100,2026-07-05,Mobile App,25,6.5,True
SESS0002173,CUST00100,2026-08-04,Website - Mobile Browser,11,6.5,False
SESS0002174,CUST00100,2026-04-30,Website - Desktop,6,14.6,False
SESS0002175,CUST00100,2025-12-02,Website - Mobile Browser,18,24.4,False
SESS0002176,CUST00100,2026-04-12,Website - Desktop,3,19.3,False
SESS0002177,CUST00100,2025-09-26,Website - Mobile Browser,2,5.4,True
SESS0002178,CUST00100,2025-09-20,Website - Mobile Browser,12,28.3,False
SESS0002179,CUST00100,2026-01-19,Mobile App,1,24.2,False
SESS0002180,CUST00100,2025-12-12,Mobile App,1,16.3,False
SESS0002181,CUST00100,2026-05-10,Website - Desktop,5,26.6,False
SESS0002182,CUST00100,2026-07-06,Website - Mobile Browser,15,23.1,False
SESS0002183,CUST00100,2026-03-03,Website - Mobile Browser,6,28.5,False
SESS0002184,CUST00100,2026-04-25,Website - Desktop,15,27.6,False
SESS0002185,CUST00100,2025-11-28,Mobile App,4,26.4,False
SESS0002186,CUST00100,2026-06-21,Mobile App,11,4.3,False
SESS0002187,CUST00100,2025-09-29,Website - Mobile Browser,17,27.7,True
SESS0002188,CUST00101,2026-07-17,Mobile App,1,13.6,True
SESS0002189,CUST00101,2025-12-28,Mobile App,2,24.9,False
SESS0002190,CUST00101,2026-05-25,Website - Desktop,5,6.2,False
SESS0002191,CUST00101,2025-10-25,Website - Desktop,7,26.7,False
SESS0002192,CUST00101,2025-12-30,Website - Desktop,24,19.9,False
SESS0002193,CUST00101,2026-01-24,Website - Mobile Browser,22,13.7,False
SESS0002194,CUST00101,2026-02-14,Website - Mobile Browser,23,27.1,False
SESS0002195,CUST00101,2026-05-01,Website - Mobile Browser,19,17.7,False
SESS0002196,CUST00101,2025-10-23,Website - Desktop,12,21.4,False
SESS0002197,CUST00101,2026-05-04,Website - Desktop,13,23.2,False
SESS0002198,CUST00101,2026-01-01,Mobile App,20,18.5,False
SESS0002199,CUST00101,2026-05-03,Website - Mobile Browser,8,6.2,False
SESS0002200,CUST00101,2026-01-14,Mobile App,1,18.6,False
SESS0002201,CUST00101,2025-08-30,Mobile App,10,28.4,False
SESS0002202,CUST00101,2026-06-04,Website - Desktop,22,21.5,True
SESS0002203,CUST00101,2026-03-29,Website - Desktop,20,6.4,False
SESS0002204,CUST00101,2025-09-24,Mobile App,3,17.6,False
SESS0002205,CUST00101,2026-04-24,Mobile App,20,21.3,False
SESS0002206,CUST00101,2026-04-05,Website - Desktop,23,8.9,False
SESS0002207,CUST00101,2025-12-21,Website - Desktop,2,23.0,False
SESS0002208,CUST00101,2026-08-17,Website - Mobile Browser,19,3.9,False
SESS0002209,CUST00101,2026-07-31,Website - Desktop,2,22.5,True
SESS0002210,CUST00101,2026-05-21,Mobile App,13,21.4,False
SESS0002211,CUST00101,2026-05-19,Website - Desktop,1,1.4,True
SESS0002212,CUST00101,2025-12-18,Website - Desktop,12,17.0,False
SESS0002213,CUST00101,2025-10-20,Website - Mobile Browser,9,25.4,False
SESS0002214,CUST00101,2026-02-08,Website - Mobile Browser,15,26.0,False
SESS0002215,CUST00101,2025-10-19,Mobile App,8,9.9,False
SESS0002216,CUST00101,2026-07-04,Website - Mobile Browser,7,11.1,False
SESS0002217,CUST00101,2025-10-06,Website - Mobile Browser,6,3.7,False
SESS0002218,CUST00101,2026-08-11,Website - Desktop,19,3.2,False
SESS0002219,CUST00101,2026-01-20,Mobile App,23,15.4,False
SESS0002220,CUST00101,2026-03-02,Website - Mobile Browser,13,25.7,False
SESS0002221,CUST00101,2025-08-28,Mobile App,5,1.2,True
SESS0002222,CUST00101,2026-02-05,Website - Desktop,23,4.6,False
SESS0002223,CUST00101,2026-06-22,Website - Desktop,12,4.8,False
SESS0002224,CUST00101,2025-10-11,Website - Desktop,13,16.4,False
SESS0002225,CUST00101,2026-02-04,Website - Mobile Browser,6,29.7,False
SESS0002226,CUST00102,2026-08-11,Website - Desktop,1,1.7,True
SESS0002227,CUST00102,2025-10-01,Website - Mobile Browser,22,19.9,True
SESS0002228,CUST00102,2025-11-13,Website - Desktop,22,2.0,False
SESS0002229,CUST00102,2026-08-14,Website - Mobile Browser,13,23.8,False
SESS0002230,CUST00102,2026-01-25,Website - Mobile Browser,1,17.0,False
SESS0002231,CUST00102,2026-03-11,Mobile App,5,15.1,True
SESS0002232,CUST00102,2025-10-25,Website - Mobile Browser,7,22.0,False
SESS0002233,CUST00102,2026-01-09,Website - Mobile Browser,24,6.3,False
SESS0002234,CUST00103,2025-12-30,Website - Mobile Browser,7,11.8,False
SESS0002235,CUST00103,2026-08-04,Mobile App,1,3.1,True
SESS0002236,CUST00103,2026-08-11,Website - Mobile Browser,2,17.9,False
SESS0002237,CUST00103,2026-03-22,Website - Mobile Browser,19,7.4,False
SESS0002238,CUST00103,2025-09-01,Website - Mobile Browser,4,21.9,False
SESS0002239,CUST00103,2026-06-15,Website - Desktop,18,29.0,True
SESS0002240,CUST00103,2025-09-01,Website - Mobile Browser,8,10.4,False
SESS0002241,CUST00103,2026-07-15,Mobile App,11,16.5,False
SESS0002242,CUST00103,2026-02-23,Mobile App,20,20.6,False
SESS0002243,CUST00103,2026-07-05,Mobile App,2,27.7,False
SESS0002244,CUST00103,2026-05-05,Website - Mobile Browser,15,12.8,True
SESS0002245,CUST00103,2026-04-17,Website - Desktop,13,5.5,False
SESS0002246,CUST00103,2026-02-07,Mobile App,17,23.8,True
SESS0002247,CUST00103,2026-01-21,Mobile App,22,19.2,False
SESS0002248,CUST00103,2025-12-31,Website - Desktop,25,17.4,False
SESS0002249,CUST00103,2026-03-10,Website - Mobile Browser,9,23.2,False
SESS0002250,CUST00103,2026-03-03,Website - Desktop,23,7.0,False
SESS0002251,CUST00103,2026-05-29,Mobile App,2,29.4,False
SESS0002252,CUST00103,2025-10-06,Mobile App,22,23.5,False
SESS0002253,CUST00103,2025-10-29,Website - Mobile Browser,14,15.2,True
SESS0002254,CUST00103,2026-01-28,Website - Desktop,20,15.4,False
SESS0002255,CUST00103,2025-10-29,Mobile App,18,17.7,True
SESS0002256,CUST00103,2026-03-29,Website - Desktop,5,20.2,False
SESS0002257,CUST00103,2026-03-10,Website - Desktop,14,22.1,False
SESS0002258,CUST00103,2026-01-11,Mobile App,25,22.0,False
SESS0002259,CUST00103,2026-06-27,Website - Desktop,14,14.6,False
SESS0002260,CUST00104,2026-05-01,Website - Desktop,16,12.2,False
SESS0002261,CUST00104,2026-01-31,Website - Mobile Browser,17,16.5,False
SESS0002262,CUST00104,2025-12-06,Website - Desktop,8,13.3,False
SESS0002263,CUST00104,2026-04-07,Website - Mobile Browser,22,11.0,True
SESS0002264,CUST00104,2026-07-26,Website - Mobile Browser,13,26.4,False
SESS0002265,CUST00104,2026-07-01,Mobile App,15,27.8,True
SESS0002266,CUST00104,2026-08-20,Mobile App,6,13.0,False
SESS0002267,CUST00104,2026-06-13,Website - Mobile Browser,23,15.7,False
SESS0002268,CUST00104,2025-10-03,Website - Mobile Browser,7,13.7,False
SESS0002269,CUST00104,2026-04-17,Website - Desktop,11,5.5,False
SESS0002270,CUST00104,2026-04-05,Website - Mobile Browser,20,20.4,False
SESS0002271,CUST00104,2026-01-22,Website - Mobile Browser,1,14.2,False
SESS0002272,CUST00104,2026-02-21,Mobile App,11,17.2,True
SESS0002273,CUST00104,2026-05-24,Website - Desktop,11,18.9,False
SESS0002274,CUST00104,2026-07-26,Mobile App,14,10.0,False
SESS0002275,CUST00104,2025-10-01,Website - Desktop,13,9.2,False
SESS0002276,CUST00104,2026-02-02,Mobile App,18,11.4,False
SESS0002277,CUST00104,2026-03-24,Mobile App,11,1.4,True
SESS0002278,CUST00104,2025-09-07,Website - Mobile Browser,10,4.2,False
SESS0002279,CUST00104,2025-12-09,Website - Desktop,11,14.7,False
SESS0002280,CUST00104,2026-01-25,Website - Mobile Browser,3,28.6,True
SESS0002281,CUST00104,2025-11-15,Website - Desktop,13,10.9,True
SESS0002282,CUST00104,2026-02-06,Website - Mobile Browser,15,2.9,True
SESS0002283,CUST00104,2026-01-11,Website - Desktop,17,13.1,True
SESS0002284,CUST00104,2025-11-05,Website - Mobile Browser,12,23.3,True
SESS0002285,CUST00104,2026-02-12,Website - Mobile Browser,6,8.2,False
SESS0002286,CUST00104,2025-10-10,Website - Mobile Browser,6,15.9,False
SESS0002287,CUST00104,2026-08-10,Website - Desktop,12,19.4,False
SESS0002288,CUST00104,2026-07-22,Website - Mobile Browser,8,19.5,False
SESS0002289,CUST00104,2026-01-22,Website - Mobile Browser,7,1.0,True
SESS0002290,CUST00104,2026-06-18,Mobile App,11,19.2,True
SESS0002291,CUST00104,2026-05-07,Website - Mobile Browser,13,25.2,True
SESS0002292,CUST00105,2026-08-10,Mobile App,19,22.7,True
SESS0002293,CUST00105,2026-07-08,Website - Mobile Browser,21,18.2,True
SESS0002294,CUST00105,2026-07-24,Mobile App,6,7.2,True
SESS0002295,CUST00105,2026-07-18,Website - Mobile Browser,7,24.7,False
SESS0002296,CUST00105,2026-07-20,Mobile App,13,5.5,True
SESS0002297,CUST00105,2026-08-16,Website - Desktop,21,6.3,False
SESS0002298,CUST00105,2026-07-19,Website - Desktop,6,27.2,False
SESS0002299,CUST00105,2026-08-14,Website - Desktop,5,8.2,False
SESS0002300,CUST00105,2026-08-12,Website - Desktop,12,7.6,False
SESS0002301,CUST00105,2026-07-26,Website - Mobile Browser,21,9.0,True
SESS0002302,CUST00105,2026-07-18,Website - Desktop,16,26.6,False
SESS0002303,CUST00105,2026-08-17,Website - Mobile Browser,25,8.7,False
SESS0002304,CUST00105,2026-07-26,Website - Mobile Browser,20,11.3,False
SESS0002305,CUST00105,2026-07-08,Website - Desktop,9,2.0,False
SESS0002306,CUST00105,2026-07-14,Website - Desktop,7,11.2,False
SESS0002307,CUST00105,2026-07-24,Website - Desktop,8,8.0,False
SESS0002308,CUST00105,2026-08-13,Website - Desktop,13,19.8,False
SESS0002309,CUST00106,2026-06-27,Website - Mobile Browser,14,10.9,False
SESS0002310,CUST00106,2026-04-20,Mobile App,22,22.6,False
SESS0002311,CUST00106,2026-01-29,Mobile App,10,17.1,False
SESS0002312,CUST00106,2026-08-09,Website - Mobile Browser,12,19.8,False
SESS0002313,CUST00106,2026-08-19,Website - Mobile Browser,6,25.7,False
SESS0002314,CUST00106,2025-12-31,Mobile App,14,29.4,False
SESS0002315,CUST00106,2026-08-13,Website - Mobile Browser,11,7.6,True
SESS0002316,CUST00106,2025-12-16,Website - Mobile Browser,15,14.4,False
SESS0002317,CUST00106,2026-05-04,Mobile App,17,27.1,False
SESS0002318,CUST00106,2026-06-30,Mobile App,25,26.6,False
SESS0002319,CUST00106,2026-06-21,Website - Mobile Browser,18,6.9,False
SESS0002320,CUST00106,2026-04-13,Website - Desktop,10,7.7,False
SESS0002321,CUST00106,2025-11-26,Website - Desktop,20,20.9,False
SESS0002322,CUST00106,2026-05-01,Mobile App,12,1.2,False
SESS0002323,CUST00106,2026-08-15,Website - Desktop,11,24.1,False
SESS0002324,CUST00106,2025-12-10,Website - Mobile Browser,2,18.1,False
SESS0002325,CUST00106,2026-07-23,Website - Desktop,15,5.4,False
SESS0002326,CUST00106,2026-03-26,Mobile App,15,6.3,True
SESS0002327,CUST00106,2026-03-01,Website - Mobile Browser,25,6.3,True
SESS0002328,CUST00106,2025-11-17,Website - Desktop,15,7.2,False
SESS0002329,CUST00106,2026-06-21,Mobile App,19,9.8,False
SESS0002330,CUST00106,2026-03-22,Website - Desktop,22,19.1,False
SESS0002331,CUST00106,2026-04-30,Mobile App,18,27.8,True
SESS0002332,CUST00106,2026-06-16,Mobile App,11,17.0,False
SESS0002333,CUST00106,2026-07-04,Website - Desktop,2,20.5,False
SESS0002334,CUST00106,2026-04-29,Website - Mobile Browser,1,9.3,False
SESS0002335,CUST00106,2026-01-06,Website - Mobile Browser,6,28.8,True
SESS0002336,CUST00106,2026-04-06,Mobile App,11,7.2,True
SESS0002337,CUST00106,2026-08-06,Website - Desktop,20,8.3,False
SESS0002338,CUST00106,2025-12-19,Website - Mobile Browser,22,7.4,False
SESS0002339,CUST00106,2025-11-15,Website - Desktop,20,25.8,False
SESS0002340,CUST00106,2026-03-01,Mobile App,3,24.0,False
SESS0002341,CUST00106,2026-04-29,Mobile App,4,4.7,False
SESS0002342,CUST00106,2026-04-18,Website - Mobile Browser,1,8.6,False
SESS0002343,CUST00107,2025-09-06,Website - Desktop,6,26.6,False
SESS0002344,CUST00107,2026-05-08,Mobile App,18,13.3,False
SESS0002345,CUST00107,2026-07-24,Mobile App,22,10.6,False
SESS0002346,CUST00107,2025-09-24,Website - Mobile Browser,12,15.1,False
SESS0002347,CUST00107,2026-01-11,Website - Mobile Browser,23,20.5,False
SESS0002348,CUST00107,2026-05-21,Website - Desktop,3,8.2,False
SESS0002349,CUST00107,2025-10-12,Mobile App,20,24.8,False
SESS0002350,CUST00107,2026-02-06,Website - Mobile Browser,8,10.1,True
SESS0002351,CUST00107,2026-04-11,Website - Mobile Browser,10,10.6,False
SESS0002352,CUST00107,2026-01-02,Website - Mobile Browser,8,20.8,False
SESS0002353,CUST00107,2025-11-21,Website - Desktop,5,14.5,False
SESS0002354,CUST00107,2026-07-16,Mobile App,14,13.9,False
SESS0002355,CUST00107,2025-12-11,Website - Desktop,13,3.3,False
SESS0002356,CUST00107,2026-03-07,Mobile App,22,9.9,False
SESS0002357,CUST00107,2025-11-23,Website - Desktop,24,21.8,False
SESS0002358,CUST00107,2026-06-03,Mobile App,25,13.0,False
SESS0002359,CUST00107,2026-06-05,Mobile App,25,13.0,False
SESS0002360,CUST00107,2026-05-31,Website - Mobile Browser,4,15.6,False
SESS0002361,CUST00107,2026-04-21,Website - Desktop,13,5.2,False
SESS0002362,CUST00107,2025-12-03,Mobile App,14,17.3,True
SESS0002363,CUST00107,2026-07-29,Website - Desktop,8,1.1,False
SESS0002364,CUST00107,2026-04-09,Website - Mobile Browser,20,10.4,True
SESS0002365,CUST00107,2026-04-13,Website - Mobile Browser,16,28.3,False
SESS0002366,CUST00107,2026-03-23,Mobile App,23,10.2,False
SESS0002367,CUST00107,2025-10-03,Website - Mobile Browser,18,4.7,False
SESS0002368,CUST00108,2026-02-08,Website - Desktop,8,20.5,True
SESS0002369,CUST00108,2026-03-29,Mobile App,25,6.9,False
SESS0002370,CUST00108,2025-10-04,Website - Mobile Browser,18,16.2,True
SESS0002371,CUST00108,2025-12-06,Website - Mobile Browser,12,25.6,True
SESS0002372,CUST00108,2026-07-15,Website - Desktop,21,5.0,True
SESS0002373,CUST00108,2025-09-29,Website - Mobile Browser,8,12.3,False
SESS0002374,CUST00108,2026-02-20,Website - Mobile Browser,5,16.8,False
SESS0002375,CUST00108,2026-01-04,Mobile App,4,7.8,True
SESS0002376,CUST00108,2026-06-24,Website - Desktop,25,11.4,False
SESS0002377,CUST00108,2026-01-14,Mobile App,20,18.5,True
SESS0002378,CUST00108,2026-02-19,Website - Desktop,10,17.9,False
SESS0002379,CUST00108,2025-09-03,Website - Mobile Browser,9,6.2,True
SESS0002380,CUST00108,2025-09-22,Website - Mobile Browser,7,19.6,False
SESS0002381,CUST00108,2026-08-07,Website - Mobile Browser,12,7.1,False
SESS0002382,CUST00108,2025-09-23,Mobile App,22,19.8,True
SESS0002383,CUST00108,2026-05-01,Website - Mobile Browser,16,14.8,False
SESS0002384,CUST00108,2026-01-09,Mobile App,11,1.0,True
SESS0002385,CUST00108,2025-12-17,Website - Mobile Browser,4,28.5,False
SESS0002386,CUST00108,2026-07-19,Website - Mobile Browser,5,12.0,False
SESS0002387,CUST00108,2026-06-14,Website - Desktop,3,27.3,True
SESS0002388,CUST00108,2025-10-30,Mobile App,17,3.8,False
SESS0002389,CUST00108,2025-08-30,Website - Mobile Browser,20,3.0,True
SESS0002390,CUST00108,2025-10-30,Website - Mobile Browser,16,7.2,False
SESS0002391,CUST00108,2026-03-19,Mobile App,4,18.0,False
SESS0002392,CUST00108,2026-04-02,Website - Mobile Browser,3,23.7,False
SESS0002393,CUST00108,2025-09-07,Website - Mobile Browser,15,13.3,False
SESS0002394,CUST00109,2026-08-19,Website - Desktop,5,17.2,False
SESS0002395,CUST00110,2026-08-19,Mobile App,15,19.5,False
SESS0002396,CUST00110,2026-03-05,Website - Mobile Browser,24,18.8,False
SESS0002397,CUST00110,2026-04-17,Website - Desktop,7,2.2,False
SESS0002398,CUST00110,2026-03-26,Mobile App,1,24.4,True
SESS0002399,CUST00110,2025-11-18,Mobile App,25,19.6,False
SESS0002400,CUST00110,2026-05-29,Website - Mobile Browser,8,17.0,False
SESS0002401,CUST00110,2026-07-28,Mobile App,7,22.5,False
SESS0002402,CUST00110,2025-11-30,Website - Desktop,2,5.5,False
SESS0002403,CUST00110,2025-10-07,Website - Desktop,15,23.0,True
SESS0002404,CUST00110,2025-10-05,Website - Mobile Browser,25,1.9,True
SESS0002405,CUST00110,2026-03-14,Website - Mobile Browser,7,8.6,False
SESS0002406,CUST00110,2025-11-16,Website - Desktop,22,10.8,False
SESS0002407,CUST00110,2026-07-09,Website - Mobile Browser,23,21.8,False
SESS0002408,CUST00110,2025-11-04,Website - Desktop,18,15.4,True
SESS0002409,CUST00110,2025-12-08,Mobile App,18,20.1,False
SESS0002410,CUST00110,2026-01-13,Mobile App,2,26.2,False
SESS0002411,CUST00110,2025-12-09,Mobile App,8,8.8,True
SESS0002412,CUST00110,2026-05-24,Website - Mobile Browser,10,5.2,True
SESS0002413,CUST00110,2026-08-02,Mobile App,18,19.9,True
SESS0002414,CUST00110,2025-12-24,Mobile App,6,1.4,False
SESS0002415,CUST00110,2026-03-04,Mobile App,22,22.1,False
SESS0002416,CUST00110,2026-08-06,Website - Mobile Browser,13,15.9,False
SESS0002417,CUST00110,2026-01-20,Website - Mobile Browser,14,7.1,False
SESS0002418,CUST00110,2026-03-27,Mobile App,18,17.2,False
SESS0002419,CUST00110,2026-01-02,Mobile App,21,28.2,False
SESS0002420,CUST00110,2026-05-30,Mobile App,24,11.7,True
SESS0002421,CUST00110,2026-03-09,Website - Mobile Browser,17,18.0,False
SESS0002422,CUST00110,2026-03-15,Website - Desktop,14,14.7,True
SESS0002423,CUST00110,2026-02-06,Mobile App,12,4.3,False
SESS0002424,CUST00110,2025-11-30,Website - Mobile Browser,4,23.5,False
SESS0002425,CUST00110,2025-11-23,Mobile App,15,3.9,False
SESS0002426,CUST00111,2026-05-01,Website - Desktop,1,23.9,False
SESS0002427,CUST00111,2026-07-12,Website - Mobile Browser,11,3.6,True
SESS0002428,CUST00111,2025-12-06,Mobile App,17,11.5,False
SESS0002429,CUST00111,2026-01-15,Website - Mobile Browser,25,2.9,False
SESS0002430,CUST00111,2026-03-25,Website - Mobile Browser,10,11.2,False
SESS0002431,CUST00111,2026-05-29,Website - Desktop,20,14.4,False
SESS0002432,CUST00111,2025-12-17,Website - Desktop,11,12.0,True
SESS0002433,CUST00111,2026-06-08,Mobile App,15,13.1,True
SESS0002434,CUST00111,2026-08-05,Website - Desktop,15,22.2,False
SESS0002435,CUST00111,2026-02-18,Website - Mobile Browser,25,20.4,False
SESS0002436,CUST00111,2026-07-10,Mobile App,14,7.6,False
SESS0002437,CUST00111,2026-01-26,Mobile App,5,22.4,False
SESS0002438,CUST00111,2026-05-22,Website - Desktop,25,13.5,True
SESS0002439,CUST00111,2026-06-16,Mobile App,12,11.2,True
SESS0002440,CUST00111,2026-04-08,Mobile App,7,16.6,False
SESS0002441,CUST00111,2026-04-02,Website - Desktop,24,9.0,False
SESS0002442,CUST00111,2026-01-28,Mobile App,24,4.6,False
SESS0002443,CUST00111,2026-03-19,Website - Mobile Browser,25,28.7,False
SESS0002444,CUST00111,2026-01-08,Mobile App,10,9.3,False
SESS0002445,CUST00111,2026-04-11,Website - Desktop,6,15.1,True
SESS0002446,CUST00111,2025-09-19,Mobile App,1,9.3,False
SESS0002447,CUST00111,2025-10-26,Mobile App,15,12.8,True
SESS0002448,CUST00111,2025-09-08,Website - Desktop,6,19.0,True
SESS0002449,CUST00111,2026-02-27,Mobile App,10,15.6,True
SESS0002450,CUST00111,2026-03-26,Website - Desktop,18,22.2,True
SESS0002451,CUST00111,2025-12-10,Website - Desktop,9,14.6,False
SESS0002452,CUST00111,2026-06-20,Website - Desktop,11,11.6,False
SESS0002453,CUST00111,2026-04-16,Website - Desktop,19,15.6,False
SESS0002454,CUST00111,2026-08-09,Mobile App,7,11.6,False
SESS0002455,CUST00111,2025-12-31,Mobile App,1,1.3,False
SESS0002456,CUST00111,2025-09-06,Website - Desktop,22,18.3,False
SESS0002457,CUST00111,2025-10-30,Website - Desktop,24,7.2,False
SESS0002458,CUST00111,2025-12-21,Website - Desktop,19,29.3,False
SESS0002459,CUST00111,2026-06-07,Mobile App,25,28.7,False
SESS0002460,CUST00111,2026-01-02,Website - Mobile Browser,4,20.0,True
SESS0002461,CUST00112,2025-09-22,Website - Desktop,11,18.2,False
SESS0002462,CUST00112,2026-04-20,Mobile App,9,2.0,False
SESS0002463,CUST00112,2026-01-07,Website - Mobile Browser,5,17.6,True
SESS0002464,CUST00113,2026-06-03,Mobile App,5,15.7,False
SESS0002465,CUST00113,2025-10-10,Mobile App,17,6.2,True
SESS0002466,CUST00113,2025-12-19,Mobile App,15,21.0,False
SESS0002467,CUST00113,2025-08-30,Website - Desktop,21,2.1,False
SESS0002468,CUST00113,2025-12-23,Website - Desktop,22,13.7,False
SESS0002469,CUST00113,2026-02-10,Website - Mobile Browser,17,19.9,False
SESS0002470,CUST00113,2026-06-09,Website - Desktop,10,17.7,False
SESS0002471,CUST00113,2026-07-16,Website - Mobile Browser,2,9.8,False
SESS0002472,CUST00113,2026-03-17,Mobile App,4,15.0,True
SESS0002473,CUST00113,2026-01-12,Website - Mobile Browser,14,23.8,False
SESS0002474,CUST00113,2026-03-31,Website - Desktop,17,22.3,False
SESS0002475,CUST00113,2026-03-04,Website - Mobile Browser,22,3.5,False
SESS0002476,CUST00113,2025-10-03,Mobile App,14,2.8,True
SESS0002477,CUST00113,2025-12-05,Website - Mobile Browser,23,9.7,False
SESS0002478,CUST00113,2026-04-02,Mobile App,14,6.4,True
SESS0002479,CUST00113,2026-07-11,Website - Mobile Browser,15,29.4,False
SESS0002480,CUST00113,2026-07-02,Website - Desktop,15,24.6,False
SESS0002481,CUST00113,2025-09-22,Website - Desktop,4,12.8,False
SESS0002482,CUST00113,2026-07-14,Website - Desktop,7,14.9,False
SESS0002483,CUST00113,2026-01-25,Mobile App,3,17.4,False
SESS0002484,CUST00113,2026-05-26,Website - Mobile Browser,23,21.5,False
SESS0002485,CUST00113,2025-12-19,Website - Mobile Browser,2,12.1,False
SESS0002486,CUST00113,2025-12-20,Mobile App,23,1.9,False
SESS0002487,CUST00113,2025-11-05,Website - Mobile Browser,1,15.2,False
SESS0002488,CUST00113,2026-06-11,Website - Desktop,12,6.1,False
SESS0002489,CUST00113,2026-02-22,Mobile App,4,12.0,False
SESS0002490,CUST00113,2026-08-18,Website - Mobile Browser,7,12.9,True
SESS0002491,CUST00113,2026-01-25,Mobile App,3,14.4,False
SESS0002492,CUST00114,2025-10-13,Website - Desktop,19,1.6,False
SESS0002493,CUST00114,2025-10-30,Website - Desktop,23,18.3,True
SESS0002494,CUST00114,2025-12-24,Website - Desktop,22,5.3,False
SESS0002495,CUST00114,2026-01-13,Website - Desktop,12,15.7,False
SESS0002496,CUST00114,2026-03-23,Mobile App,11,21.0,False
SESS0002497,CUST00114,2025-12-09,Mobile App,22,18.1,False
SESS0002498,CUST00114,2026-04-16,Mobile App,5,14.7,False
SESS0002499,CUST00114,2026-07-01,Website - Mobile Browser,7,18.3,True
SESS0002500,CUST00114,2026-08-17,Website - Desktop,25,28.9,False
SESS0002501,CUST00114,2026-07-21,Website - Desktop,9,2.6,False
SESS0002502,CUST00114,2025-12-09,Website - Mobile Browser,6,10.0,False
SESS0002503,CUST00114,2026-06-26,Mobile App,21,22.3,False
SESS0002504,CUST00114,2026-01-20,Website - Desktop,16,26.1,False
SESS0002505,CUST00114,2026-07-15,Mobile App,23,29.7,False
SESS0002506,CUST00114,2026-07-23,Website - Desktop,2,4.1,False
SESS0002507,CUST00114,2025-09-12,Mobile App,19,18.1,False
SESS0002508,CUST00114,2026-04-17,Mobile App,7,21.8,False
SESS0002509,CUST00114,2025-09-23,Website - Desktop,8,3.3,False
SESS0002510,CUST00114,2025-10-02,Mobile App,20,7.6,False
SESS0002511,CUST00114,2026-06-12,Website - Desktop,20,12.3,False
SESS0002512,CUST00114,2026-05-15,Website - Desktop,25,28.8,True
SESS0002513,CUST00115,2025-12-03,Website - Desktop,23,20.0,False
SESS0002514,CUST00115,2026-05-25,Website - Mobile Browser,18,14.2,False
SESS0002515,CUST00115,2026-01-18,Website - Mobile Browser,2,17.1,False
SESS0002516,CUST00115,2026-03-15,Website - Mobile Browser,6,21.2,False
SESS0002517,CUST00115,2025-12-17,Website - Mobile Browser,25,26.8,False
SESS0002518,CUST00115,2026-04-04,Mobile App,14,12.3,True
SESS0002519,CUST00115,2026-01-15,Mobile App,7,28.9,False
SESS0002520,CUST00115,2026-05-04,Website - Desktop,15,1.3,False
SESS0002521,CUST00115,2026-02-06,Mobile App,16,19.9,False
SESS0002522,CUST00115,2026-06-28,Mobile App,23,27.6,False
SESS0002523,CUST00115,2026-08-10,Website - Mobile Browser,6,19.6,False
SESS0002524,CUST00115,2025-10-09,Website - Desktop,4,20.8,False
SESS0002525,CUST00115,2026-01-08,Website - Mobile Browser,8,24.4,True
SESS0002526,CUST00115,2026-04-06,Website - Mobile Browser,8,6.0,False
SESS0002527,CUST00115,2025-09-06,Website - Desktop,10,27.1,True
SESS0002528,CUST00115,2025-09-13,Website - Mobile Browser,4,19.6,False
SESS0002529,CUST00115,2025-08-30,Website - Desktop,6,9.2,False
SESS0002530,CUST00115,2025-10-03,Website - Desktop,5,20.2,False
SESS0002531,CUST00115,2025-12-21,Mobile App,23,8.7,False
SESS0002532,CUST00115,2026-05-01,Website - Desktop,1,21.1,False
SESS0002533,CUST00115,2026-01-30,Website - Desktop,12,21.2,False
SESS0002534,CUST00115,2025-10-27,Mobile App,22,22.2,False
SESS0002535,CUST00115,2025-11-03,Mobile App,11,12.8,False
SESS0002536,CUST00115,2026-07-17,Website - Mobile Browser,19,8.9,False
SESS0002537,CUST00115,2026-01-06,Website - Desktop,7,18.8,False
SESS0002538,CUST00115,2026-07-18,Mobile App,7,14.3,False
SESS0002539,CUST00115,2026-08-18,Website - Mobile Browser,5,9.4,False
SESS0002540,CUST00115,2026-07-29,Mobile App,22,19.2,True
SESS0002541,CUST00115,2026-07-05,Mobile App,13,25.9,False
SESS0002542,CUST00115,2025-11-28,Mobile App,1,19.5,False
SESS0002543,CUST00115,2026-06-05,Website - Desktop,20,8.4,False
SESS0002544,CUST00115,2025-10-05,Website - Mobile Browser,6,1.5,False
SESS0002545,CUST00115,2026-08-02,Mobile App,16,11.8,False
SESS0002546,CUST00115,2025-09-23,Website - Mobile Browser,22,28.1,False
SESS0002547,CUST00115,2025-12-23,Mobile App,25,5.5,False
SESS0002548,CUST00115,2026-04-04,Mobile App,18,11.8,False
SESS0002549,CUST00115,2026-06-15,Mobile App,3,18.9,False
SESS0002550,CUST00116,2025-12-02,Website - Mobile Browser,22,1.0,False
SESS0002551,CUST00116,2025-10-27,Mobile App,10,4.2,False
SESS0002552,CUST00116,2025-10-15,Mobile App,10,0.6,False
SESS0002553,CUST00116,2026-02-08,Mobile App,17,22.5,False
SESS0002554,CUST00116,2025-10-11,Mobile App,7,24.3,False
SESS0002555,CUST00116,2026-07-03,Website - Mobile Browser,20,7.3,False
SESS0002556,CUST00116,2026-05-25,Mobile App,16,11.4,False
SESS0002557,CUST00116,2026-07-12,Website - Mobile Browser,17,11.7,False
SESS0002558,CUST00116,2026-08-09,Website - Desktop,24,1.6,False
SESS0002559,CUST00116,2026-01-22,Website - Desktop,10,5.7,False
SESS0002560,CUST00116,2026-02-03,Website - Mobile Browser,6,11.8,False
SESS0002561,CUST00116,2025-10-10,Mobile App,18,10.2,True
SESS0002562,CUST00117,2026-03-04,Mobile App,11,24.7,True
SESS0002563,CUST00117,2026-03-23,Website - Desktop,6,29.2,False
SESS0002564,CUST00117,2026-04-22,Website - Mobile Browser,17,24.3,False
SESS0002565,CUST00117,2026-08-13,Website - Mobile Browser,9,26.4,False
SESS0002566,CUST00117,2025-12-20,Website - Mobile Browser,1,7.8,False
SESS0002567,CUST00117,2026-05-17,Website - Mobile Browser,14,8.9,True
SESS0002568,CUST00117,2025-11-16,Website - Mobile Browser,4,25.3,False
SESS0002569,CUST00117,2025-11-29,Website - Desktop,2,8.1,True
SESS0002570,CUST00117,2025-12-11,Website - Mobile Browser,17,6.4,True
SESS0002571,CUST00117,2025-09-25,Website - Mobile Browser,19,10.5,True
SESS0002572,CUST00117,2026-03-16,Website - Mobile Browser,15,6.8,False
SESS0002573,CUST00117,2026-07-07,Website - Desktop,24,22.0,False
SESS0002574,CUST00117,2026-04-21,Website - Mobile Browser,13,15.7,False
SESS0002575,CUST00117,2026-05-18,Website - Desktop,19,16.4,False
SESS0002576,CUST00117,2025-11-09,Website - Desktop,1,12.6,True
SESS0002577,CUST00117,2025-09-24,Website - Mobile Browser,21,1.2,False
SESS0002578,CUST00117,2026-08-11,Website - Desktop,19,2.0,False
SESS0002579,CUST00118,2025-12-30,Website - Desktop,3,2.9,False
SESS0002580,CUST00118,2025-12-18,Mobile App,17,8.2,False
SESS0002581,CUST00118,2026-02-07,Website - Mobile Browser,15,3.5,False
SESS0002582,CUST00118,2026-07-07,Website - Desktop,14,13.2,False
SESS0002583,CUST00118,2026-01-30,Website - Mobile Browser,11,2.8,False
SESS0002584,CUST00118,2026-01-10,Website - Desktop,1,20.7,False
SESS0002585,CUST00118,2026-02-05,Website - Mobile Browser,10,8.2,False
SESS0002586,CUST00118,2026-05-11,Website - Mobile Browser,6,6.5,False
SESS0002587,CUST00118,2026-04-25,Website - Desktop,20,26.7,False
SESS0002588,CUST00118,2026-07-17,Website - Mobile Browser,17,10.2,False
SESS0002589,CUST00118,2026-06-23,Website - Desktop,11,22.9,True
SESS0002590,CUST00118,2026-03-02,Website - Desktop,14,12.6,False
SESS0002591,CUST00118,2026-04-07,Mobile App,16,10.6,True
SESS0002592,CUST00118,2026-01-22,Website - Mobile Browser,24,27.1,False
SESS0002593,CUST00118,2026-04-20,Website - Mobile Browser,14,2.6,False
SESS0002594,CUST00118,2026-07-31,Website - Mobile Browser,19,5.5,False
SESS0002595,CUST00118,2026-02-07,Website - Desktop,4,9.4,True
SESS0002596,CUST00118,2026-03-15,Mobile App,11,2.1,False
SESS0002597,CUST00118,2026-08-15,Mobile App,18,10.0,False
SESS0002598,CUST00118,2026-07-19,Website - Desktop,14,22.5,False
SESS0002599,CUST00118,2026-04-22,Website - Desktop,17,29.8,True
SESS0002600,CUST00118,2026-06-28,Website - Desktop,25,22.8,False
SESS0002601,CUST00118,2026-01-30,Website - Desktop,19,7.7,False
SESS0002602,CUST00118,2026-02-22,Website - Mobile Browser,2,20.3,True
SESS0002603,CUST00118,2026-01-25,Website - Mobile Browser,12,7.0,False
SESS0002604,CUST00118,2026-03-01,Mobile App,1,23.2,False
SESS0002605,CUST00118,2026-07-20,Mobile App,15,16.7,False
SESS0002606,CUST00118,2026-05-26,Website - Desktop,3,29.0,False
SESS0002607,CUST00118,2026-01-20,Mobile App,1,22.9,False
SESS0002608,CUST00118,2026-07-22,Website - Mobile Browser,12,4.8,False
SESS0002609,CUST00118,2026-06-19,Website - Mobile Browser,16,14.1,False
SESS0002610,CUST00118,2026-02-13,Website - Desktop,2,26.8,False
SESS0002611,CUST00118,2026-07-26,Website - Desktop,5,2.0,True
SESS0002612,CUST00118,2026-01-30,Website - Desktop,7,8.0,False
SESS0002613,CUST00118,2025-12-22,Mobile App,21,18.1,False
SESS0002614,CUST00118,2026-05-29,Website - Mobile Browser,13,22.5,False
SESS0002615,CUST00118,2026-04-07,Mobile App,4,16.3,False
SESS0002616,CUST00118,2026-02-19,Mobile App,7,7.1,False
SESS0002617,CUST00118,2026-08-03,Website - Desktop,3,14.6,False
SESS0002618,CUST00119,2025-12-15,Website - Desktop,8,25.2,False
SESS0002619,CUST00119,2026-03-20,Website - Desktop,9,26.1,False
SESS0002620,CUST00119,2026-01-02,Website - Desktop,6,20.4,False
SESS0002621,CUST00120,2026-02-23,Mobile App,13,13.6,False
SESS0002622,CUST00120,2026-02-25,Mobile App,17,18.6,False
SESS0002623,CUST00120,2025-09-15,Website - Mobile Browser,16,24.5,False
SESS0002624,CUST00120,2025-12-03,Website - Desktop,25,25.8,False
SESS0002625,CUST00120,2025-10-01,Website - Mobile Browser,10,19.7,False
SESS0002626,CUST00120,2026-04-17,Website - Mobile Browser,23,10.4,False
SESS0002627,CUST00120,2026-05-17,Mobile App,15,22.6,False
SESS0002628,CUST00120,2026-01-26,Mobile App,25,23.6,False
SESS0002629,CUST00120,2025-12-10,Website - Desktop,14,16.9,False
SESS0002630,CUST00120,2026-01-18,Website - Desktop,5,1.2,False
SESS0002631,CUST00120,2026-03-28,Website - Desktop,15,11.0,False
SESS0002632,CUST00120,2026-03-05,Website - Desktop,12,6.4,True
SESS0002633,CUST00120,2026-02-20,Website - Desktop,25,14.4,True
SESS0002634,CUST00120,2026-01-30,Mobile App,2,18.8,True
SESS0002635,CUST00120,2026-04-29,Mobile App,21,21.7,False
SESS0002636,CUST00120,2026-04-16,Website - Desktop,24,1.5,False
SESS0002637,CUST00120,2026-08-07,Website - Desktop,12,21.9,True
SESS0002638,CUST00120,2025-11-14,Website - Mobile Browser,10,21.8,False
SESS0002639,CUST00120,2025-09-15,Website - Mobile Browser,11,19.8,False
SESS0002640,CUST00120,2025-09-08,Mobile App,11,28.6,False
SESS0002641,CUST00120,2025-11-30,Website - Mobile Browser,5,28.3,False
SESS0002642,CUST00120,2025-09-19,Mobile App,21,20.7,False
SESS0002643,CUST00120,2025-10-02,Mobile App,2,8.2,True
SESS0002644,CUST00120,2025-11-16,Website - Mobile Browser,24,2.8,True
SESS0002645,CUST00121,2026-05-07,Website - Desktop,19,29.7,False
SESS0002646,CUST00121,2026-06-03,Website - Desktop,3,2.8,False
SESS0002647,CUST00121,2026-03-04,Website - Mobile Browser,17,17.2,False
SESS0002648,CUST00121,2025-12-12,Website - Desktop,3,3.1,True
SESS0002649,CUST00121,2026-06-08,Website - Desktop,17,6.8,False
SESS0002650,CUST00121,2026-07-19,Website - Desktop,13,13.1,False
SESS0002651,CUST00121,2026-01-28,Website - Desktop,16,13.7,False
SESS0002652,CUST00121,2026-01-10,Website - Mobile Browser,21,23.0,False
SESS0002653,CUST00121,2026-06-22,Website - Desktop,22,0.5,False
SESS0002654,CUST00121,2026-02-19,Website - Mobile Browser,19,12.6,False
SESS0002655,CUST00121,2026-02-02,Website - Desktop,18,26.6,False
SESS0002656,CUST00121,2026-04-30,Mobile App,24,11.5,True
SESS0002657,CUST00121,2026-06-08,Website - Desktop,11,29.3,False
SESS0002658,CUST00121,2025-12-10,Mobile App,17,19.4,True
SESS0002659,CUST00121,2026-04-04,Website - Mobile Browser,6,21.2,False
SESS0002660,CUST00123,2026-08-07,Website - Mobile Browser,23,6.0,False
SESS0002661,CUST00123,2026-07-27,Website - Desktop,1,9.8,False
SESS0002662,CUST00123,2026-07-19,Website - Mobile Browser,8,18.9,False
SESS0002663,CUST00123,2026-08-17,Mobile App,3,8.0,False
SESS0002664,CUST00123,2026-07-16,Mobile App,3,16.2,False
SESS0002665,CUST00123,2026-07-20,Website - Desktop,16,9.6,False
SESS0002666,CUST00123,2026-07-08,Mobile App,18,17.9,True
SESS0002667,CUST00123,2026-07-13,Website - Desktop,24,22.3,False
SESS0002668,CUST00123,2026-08-17,Website - Desktop,15,9.3,False
SESS0002669,CUST00123,2026-07-11,Mobile App,1,6.0,False
SESS0002670,CUST00123,2026-07-05,Website - Desktop,4,1.0,False
SESS0002671,CUST00124,2026-02-13,Website - Mobile Browser,8,23.6,False
SESS0002672,CUST00124,2025-12-25,Mobile App,12,29.8,False
SESS0002673,CUST00124,2025-10-29,Website - Mobile Browser,22,21.1,False
SESS0002674,CUST00124,2025-11-29,Website - Desktop,10,27.8,False
SESS0002675,CUST00124,2025-09-23,Website - Desktop,10,3.3,True
SESS0002676,CUST00124,2026-04-28,Mobile App,12,2.8,False
SESS0002677,CUST00124,2026-06-30,Mobile App,5,11.0,False
SESS0002678,CUST00124,2026-03-28,Website - Desktop,14,23.3,False
SESS0002679,CUST00124,2026-08-11,Mobile App,12,6.7,False
SESS0002680,CUST00124,2026-03-24,Website - Mobile Browser,25,16.4,False
SESS0002681,CUST00125,2026-02-18,Website - Desktop,18,18.3,False
SESS0002682,CUST00125,2025-11-24,Website - Mobile Browser,20,2.2,False
SESS0002683,CUST00125,2025-10-05,Website - Desktop,23,26.6,False
SESS0002684,CUST00125,2026-06-17,Mobile App,6,29.1,False
SESS0002685,CUST00125,2026-03-19,Website - Desktop,11,11.1,False
SESS0002686,CUST00125,2026-08-18,Mobile App,13,14.1,False
SESS0002687,CUST00125,2026-06-23,Mobile App,7,16.4,False
SESS0002688,CUST00126,2026-03-04,Website - Mobile Browser,8,9.7,False
SESS0002689,CUST00126,2025-10-26,Website - Mobile Browser,3,16.7,False
SESS0002690,CUST00126,2025-10-18,Mobile App,24,2.1,True
SESS0002691,CUST00126,2025-09-29,Website - Mobile Browser,3,24.7,False
SESS0002692,CUST00126,2025-12-14,Mobile App,9,4.3,False
SESS0002693,CUST00126,2026-05-19,Mobile App,10,27.5,True
SESS0002694,CUST00127,2026-06-24,Website - Desktop,19,14.2,False
SESS0002695,CUST00127,2026-07-24,Mobile App,19,22.2,True
SESS0002696,CUST00127,2026-08-20,Mobile App,17,9.8,False
SESS0002697,CUST00127,2026-06-04,Mobile App,10,3.2,True
SESS0002698,CUST00127,2026-06-28,Website - Mobile Browser,13,3.1,False
SESS0002699,CUST00127,2026-06-15,Website - Desktop,21,11.0,True
SESS0002700,CUST00127,2026-05-09,Mobile App,3,10.0,True
SESS0002701,CUST00127,2026-06-14,Mobile App,10,9.3,False
SESS0002702,CUST00127,2026-07-22,Website - Mobile Browser,3,20.3,True
SESS0002703,CUST00127,2026-08-10,Mobile App,20,30.0,False
SESS0002704,CUST00127,2026-07-29,Website - Desktop,20,16.7,False
SESS0002705,CUST00127,2026-08-06,Website - Desktop,11,14.0,False
SESS0002706,CUST00127,2026-08-11,Website - Mobile Browser,14,7.5,False
SESS0002707,CUST00127,2026-07-10,Website - Desktop,10,4.0,False
SESS0002708,CUST00127,2026-05-19,Mobile App,20,17.9,True
SESS0002709,CUST00127,2026-07-19,Website - Mobile Browser,20,8.4,True
SESS0002710,CUST00127,2026-07-24,Website - Desktop,10,20.7,False
SESS0002711,CUST00127,2026-05-10,Website - Mobile Browser,4,1.2,False
SESS0002712,CUST00127,2026-08-19,Website - Mobile Browser,24,11.8,False
SESS0002713,CUST00127,2026-08-06,Website - Mobile Browser,20,3.3,True
SESS0002714,CUST00127,2026-07-16,Website - Mobile Browser,24,16.0,True
SESS0002715,CUST00127,2026-05-23,Website - Mobile Browser,9,4.5,False
SESS0002716,CUST00127,2026-06-29,Website - Desktop,18,4.7,False
SESS0002717,CUST00127,2026-06-02,Mobile App,5,20.8,False
SESS0002718,CUST00127,2026-07-25,Website - Desktop,12,27.9,False
SESS0002719,CUST00127,2026-08-19,Website - Mobile Browser,13,25.2,False
SESS0002720,CUST00127,2026-06-15,Website - Desktop,5,1.4,True
SESS0002721,CUST00127,2026-07-25,Website - Desktop,16,17.4,False
SESS0002722,CUST00127,2026-05-28,Mobile App,24,0.6,False
SESS0002723,CUST00127,2026-08-17,Mobile App,5,20.0,False
SESS0002724,CUST00127,2026-07-14,Website - Mobile Browser,12,15.0,False
SESS0002725,CUST00127,2026-08-18,Website - Mobile Browser,21,13.9,False
SESS0002726,CUST00127,2026-08-08,Mobile App,5,1.4,False
SESS0002727,CUST00127,2026-07-18,Website - Mobile Browser,15,27.4,False
SESS0002728,CUST00127,2026-08-11,Website - Desktop,20,15.1,True
SESS0002729,CUST00127,2026-06-24,Mobile App,18,14.2,True
SESS0002730,CUST00127,2026-08-17,Website - Mobile Browser,12,3.1,False
SESS0002731,CUST00127,2026-07-02,Website - Mobile Browser,2,10.3,False
SESS0002732,CUST00128,2025-11-30,Website - Mobile Browser,5,27.4,False
SESS0002733,CUST00129,2026-05-06,Mobile App,13,1.8,False
SESS0002734,CUST00129,2026-07-15,Mobile App,6,8.2,False
SESS0002735,CUST00129,2026-01-29,Website - Desktop,10,26.6,False
SESS0002736,CUST00129,2026-02-07,Website - Desktop,23,29.4,False
SESS0002737,CUST00129,2026-08-19,Mobile App,23,17.6,False
SESS0002738,CUST00129,2026-01-01,Mobile App,21,15.3,False
SESS0002739,CUST00129,2025-10-03,Website - Mobile Browser,11,13.4,False
SESS0002740,CUST00129,2026-03-13,Website - Desktop,7,1.5,False
SESS0002741,CUST00129,2026-01-13,Website - Desktop,21,25.3,False
SESS0002742,CUST00129,2026-04-13,Mobile App,8,15.7,False
SESS0002743,CUST00129,2026-02-12,Website - Mobile Browser,17,13.6,False
SESS0002744,CUST00129,2026-02-19,Website - Desktop,14,21.1,False
SESS0002745,CUST00129,2026-08-11,Website - Mobile Browser,20,25.0,True
SESS0002746,CUST00129,2026-06-13,Website - Desktop,22,28.8,False
SESS0002747,CUST00129,2025-12-25,Mobile App,5,25.4,True
SESS0002748,CUST00129,2026-08-11,Mobile App,4,24.1,False
SESS0002749,CUST00129,2026-03-06,Website - Mobile Browser,13,0.8,False
SESS0002750,CUST00129,2026-05-08,Website - Mobile Browser,9,20.1,False
SESS0002751,CUST00129,2026-02-23,Mobile App,25,17.5,True
SESS0002752,CUST00129,2025-11-09,Website - Mobile Browser,1,6.6,True
SESS0002753,CUST00129,2026-08-10,Website - Mobile Browser,24,8.1,False
SESS0002754,CUST00129,2026-04-17,Website - Mobile Browser,25,10.0,False
SESS0002755,CUST00129,2026-05-01,Mobile App,23,17.3,False
SESS0002756,CUST00129,2025-12-31,Website - Mobile Browser,23,22.7,False
SESS0002757,CUST00129,2025-12-25,Website - Mobile Browser,24,1.9,False
SESS0002758,CUST00130,2026-06-10,Website - Desktop,5,17.0,False
SESS0002759,CUST00130,2025-09-01,Mobile App,24,12.6,True
SESS0002760,CUST00130,2025-09-10,Mobile App,19,10.3,False
SESS0002761,CUST00130,2025-12-06,Website - Mobile Browser,24,12.1,True
SESS0002762,CUST00130,2026-03-28,Website - Mobile Browser,9,26.0,False
SESS0002763,CUST00130,2025-09-15,Website - Desktop,21,16.1,False
SESS0002764,CUST00130,2025-12-15,Website - Desktop,13,20.8,True
SESS0002765,CUST00130,2026-01-28,Mobile App,12,23.3,False
SESS0002766,CUST00130,2026-04-21,Website - Mobile Browser,22,6.0,False
SESS0002767,CUST00130,2025-08-27,Website - Mobile Browser,6,21.6,False
SESS0002768,CUST00130,2025-11-25,Mobile App,17,6.9,False
SESS0002769,CUST00130,2025-12-31,Mobile App,2,13.4,False
SESS0002770,CUST00130,2025-12-06,Website - Desktop,14,16.3,False
SESS0002771,CUST00130,2026-07-02,Website - Desktop,16,27.2,False
SESS0002772,CUST00130,2026-04-23,Website - Mobile Browser,1,18.5,False
SESS0002773,CUST00130,2026-05-30,Website - Desktop,18,7.0,False
SESS0002774,CUST00130,2025-10-21,Website - Mobile Browser,9,17.4,False
SESS0002775,CUST00130,2025-09-26,Website - Desktop,11,4.8,False
SESS0002776,CUST00130,2025-12-02,Website - Mobile Browser,7,2.9,False
SESS0002777,CUST00131,2026-08-20,Website - Mobile Browser,23,10.2,False
SESS0002778,CUST00131,2025-11-05,Website - Mobile Browser,23,18.9,False
SESS0002779,CUST00131,2026-03-25,Website - Mobile Browser,15,29.0,True
SESS0002780,CUST00131,2025-09-25,Website - Mobile Browser,3,21.3,False
SESS0002781,CUST00131,2025-11-13,Website - Mobile Browser,13,20.7,False
SESS0002782,CUST00131,2026-02-13,Mobile App,14,13.6,False
SESS0002783,CUST00131,2026-01-01,Website - Mobile Browser,21,4.0,False
SESS0002784,CUST00131,2026-06-15,Website - Desktop,14,8.1,False
SESS0002785,CUST00131,2026-04-13,Website - Mobile Browser,14,11.0,False
SESS0002786,CUST00131,2026-01-26,Website - Desktop,25,19.4,False
SESS0002787,CUST00131,2026-08-10,Mobile App,20,12.4,False
SESS0002788,CUST00131,2025-10-01,Website - Desktop,8,28.1,True
SESS0002789,CUST00131,2025-11-29,Mobile App,19,28.7,False
SESS0002790,CUST00131,2025-12-13,Website - Mobile Browser,6,2.3,True
SESS0002791,CUST00131,2025-12-16,Mobile App,2,3.0,False
SESS0002792,CUST00131,2026-03-18,Website - Mobile Browser,16,19.7,True
SESS0002793,CUST00131,2026-04-28,Website - Desktop,5,4.2,False
SESS0002794,CUST00131,2025-12-21,Website - Mobile Browser,24,6.8,False
SESS0002795,CUST00131,2026-03-23,Website - Mobile Browser,6,14.6,False
SESS0002796,CUST00131,2026-04-29,Mobile App,19,19.0,False
SESS0002797,CUST00131,2025-11-06,Website - Desktop,21,21.0,False
SESS0002798,CUST00131,2025-10-14,Website - Mobile Browser,17,29.1,False
SESS0002799,CUST00132,2026-07-24,Mobile App,10,16.8,True
SESS0002800,CUST00132,2026-07-08,Website - Desktop,8,13.4,False
SESS0002801,CUST00132,2026-06-25,Website - Mobile Browser,13,12.3,False
SESS0002802,CUST00132,2026-07-25,Mobile App,12,10.1,False
SESS0002803,CUST00132,2026-07-29,Mobile App,12,7.7,True
SESS0002804,CUST00132,2026-07-24,Website - Desktop,2,18.6,False
SESS0002805,CUST00132,2026-07-13,Website - Desktop,24,24.8,False
SESS0002806,CUST00132,2026-08-14,Website - Mobile Browser,5,15.1,True
SESS0002807,CUST00132,2026-07-17,Website - Desktop,24,6.6,False
SESS0002808,CUST00132,2026-06-28,Website - Desktop,20,17.4,True
SESS0002809,CUST00132,2026-07-17,Website - Mobile Browser,5,21.5,False
SESS0002810,CUST00132,2026-07-09,Website - Desktop,14,13.6,False
SESS0002811,CUST00132,2026-08-17,Website - Mobile Browser,5,24.2,False
SESS0002812,CUST00133,2026-05-10,Mobile App,3,26.4,False
SESS0002813,CUST00133,2026-02-11,Website - Desktop,24,26.6,False
SESS0002814,CUST00134,2026-01-27,Website - Mobile Browser,8,25.9,False
SESS0002815,CUST00134,2026-01-25,Website - Desktop,11,26.3,False
SESS0002816,CUST00134,2026-01-21,Mobile App,6,11.9,False
SESS0002817,CUST00134,2025-09-05,Mobile App,20,11.4,False
SESS0002818,CUST00134,2026-03-16,Website - Mobile Browser,9,9.0,False
SESS0002819,CUST00134,2026-08-06,Website - Desktop,18,18.5,False
SESS0002820,CUST00134,2026-01-25,Website - Desktop,11,2.9,False
SESS0002821,CUST00134,2026-05-26,Website - Mobile Browser,23,17.3,True
SESS0002822,CUST00134,2026-04-05,Website - Mobile Browser,3,14.0,False
SESS0002823,CUST00134,2025-12-13,Mobile App,5,17.4,False
SESS0002824,CUST00134,2025-11-22,Website - Desktop,4,23.9,False
SESS0002825,CUST00134,2026-02-27,Mobile App,11,6.6,True
SESS0002826,CUST00134,2025-10-11,Website - Desktop,20,16.5,False
SESS0002827,CUST00135,2026-06-09,Website - Mobile Browser,25,19.5,False
SESS0002828,CUST00135,2026-06-13,Website - Desktop,9,13.5,False
SESS0002829,CUST00135,2026-04-30,Website - Desktop,25,9.9,False
SESS0002830,CUST00135,2026-07-13,Website - Desktop,1,11.2,False
SESS0002831,CUST00135,2026-05-16,Website - Mobile Browser,9,19.6,False
SESS0002832,CUST00135,2026-05-17,Website - Mobile Browser,10,7.1,False
SESS0002833,CUST00135,2026-03-14,Website - Mobile Browser,16,19.9,True
SESS0002834,CUST00135,2026-07-22,Website - Desktop,19,5.7,True
SESS0002835,CUST00135,2026-08-01,Mobile App,19,8.3,False
SESS0002836,CUST00135,2026-05-27,Mobile App,16,12.4,False
SESS0002837,CUST00135,2026-03-22,Mobile App,10,26.0,False
SESS0002838,CUST00135,2026-03-22,Website - Desktop,19,14.2,True
SESS0002839,CUST00135,2026-07-25,Mobile App,22,1.9,True
SESS0002840,CUST00135,2026-06-26,Website - Desktop,21,7.9,False
SESS0002841,CUST00135,2026-05-06,Mobile App,25,9.0,False
SESS0002842,CUST00136,2025-10-01,Website - Mobile Browser,3,24.7,False
SESS0002843,CUST00136,2025-12-09,Website - Mobile Browser,18,14.8,True
SESS0002844,CUST00136,2026-02-16,Website - Desktop,15,28.9,False
SESS0002845,CUST00136,2025-12-24,Website - Desktop,4,7.1,False
SESS0002846,CUST00136,2025-09-17,Website - Mobile Browser,21,14.9,True
SESS0002847,CUST00136,2026-05-20,Website - Mobile Browser,11,26.3,False
SESS0002848,CUST00136,2026-04-26,Mobile App,20,20.1,True
SESS0002849,CUST00136,2026-05-20,Mobile App,18,11.3,False
SESS0002850,CUST00136,2025-09-15,Website - Mobile Browser,1,25.1,False
SESS0002851,CUST00136,2025-11-08,Website - Mobile Browser,12,14.8,False
SESS0002852,CUST00136,2025-10-17,Website - Desktop,12,27.9,True
SESS0002853,CUST00136,2026-05-20,Website - Desktop,13,1.8,False
SESS0002854,CUST00136,2026-02-21,Website - Mobile Browser,25,27.3,False
SESS0002855,CUST00136,2025-11-15,Mobile App,25,6.2,True
SESS0002856,CUST00136,2026-04-27,Mobile App,24,22.2,False
SESS0002857,CUST00137,2026-07-10,Website - Desktop,15,0.6,True
SESS0002858,CUST00137,2026-02-02,Mobile App,9,12.3,False
SESS0002859,CUST00137,2026-02-05,Website - Desktop,21,21.6,False
SESS0002860,CUST00137,2026-08-18,Website - Desktop,22,17.9,False
SESS0002861,CUST00137,2025-11-09,Website - Mobile Browser,8,29.2,True
SESS0002862,CUST00137,2026-03-27,Website - Desktop,23,9.9,False
SESS0002863,CUST00137,2026-05-24,Mobile App,17,21.5,False
SESS0002864,CUST00137,2025-12-10,Website - Desktop,12,21.6,False
SESS0002865,CUST00137,2025-11-08,Mobile App,15,1.2,False
SESS0002866,CUST00137,2026-04-30,Website - Desktop,4,1.1,False
SESS0002867,CUST00137,2025-12-12,Website - Mobile Browser,22,1.4,False
SESS0002868,CUST00137,2025-12-05,Mobile App,15,22.6,False
SESS0002869,CUST00137,2026-01-05,Website - Desktop,19,23.8,False
SESS0002870,CUST00137,2026-03-23,Mobile App,16,16.5,False
SESS0002871,CUST00137,2026-07-04,Mobile App,17,9.7,False
SESS0002872,CUST00137,2026-03-15,Website - Desktop,23,5.1,False
SESS0002873,CUST00137,2025-11-23,Website - Desktop,19,24.4,False
SESS0002874,CUST00137,2025-12-12,Website - Mobile Browser,25,23.8,False
SESS0002875,CUST00137,2026-03-04,Website - Desktop,13,20.5,False
SESS0002876,CUST00137,2026-08-17,Mobile App,14,14.9,False
SESS0002877,CUST00137,2026-07-01,Website - Mobile Browser,12,21.2,False
SESS0002878,CUST00137,2026-07-07,Mobile App,16,2.2,True
SESS0002879,CUST00137,2026-04-13,Website - Mobile Browser,18,6.8,False
SESS0002880,CUST00137,2026-07-01,Mobile App,8,24.1,False
SESS0002881,CUST00137,2026-05-22,Mobile App,20,0.7,False
SESS0002882,CUST00137,2026-07-12,Mobile App,20,14.3,False
SESS0002883,CUST00137,2026-05-04,Mobile App,16,19.2,False
SESS0002884,CUST00137,2026-03-12,Mobile App,14,12.5,False
SESS0002885,CUST00137,2026-05-09,Mobile App,11,14.7,False
SESS0002886,CUST00137,2025-12-31,Website - Mobile Browser,14,13.5,False
SESS0002887,CUST00137,2026-06-30,Mobile App,23,8.4,False
SESS0002888,CUST00137,2026-05-15,Mobile App,23,23.1,False
SESS0002889,CUST00137,2025-12-27,Website - Mobile Browser,1,20.1,False
SESS0002890,CUST00137,2026-06-08,Website - Mobile Browser,24,7.2,False
SESS0002891,CUST00137,2026-04-13,Website - Mobile Browser,14,25.4,False
SESS0002892,CUST00137,2026-03-24,Mobile App,13,24.8,False
SESS0002893,CUST00137,2026-01-30,Website - Desktop,6,28.5,False
SESS0002894,CUST00137,2026-05-18,Mobile App,24,14.4,False
SESS0002895,CUST00137,2026-08-10,Website - Desktop,23,23.5,True
SESS0002896,CUST00137,2026-03-29,Website - Mobile Browser,25,15.9,False
SESS0002897,CUST00138,2026-04-24,Mobile App,3,24.4,False
SESS0002898,CUST00138,2026-01-14,Mobile App,6,2.7,False
SESS0002899,CUST00138,2026-05-05,Mobile App,11,26.1,False
SESS0002900,CUST00138,2025-10-04,Mobile App,4,17.8,False
SESS0002901,CUST00138,2026-01-24,Website - Mobile Browser,19,24.3,True
SESS0002902,CUST00138,2026-01-26,Website - Desktop,20,26.0,False
SESS0002903,CUST00138,2025-09-06,Website - Desktop,15,28.9,False
SESS0002904,CUST00138,2026-02-07,Website - Desktop,13,27.5,False
SESS0002905,CUST00138,2026-03-18,Mobile App,12,20.8,False
SESS0002906,CUST00138,2025-08-30,Website - Desktop,3,3.7,True
SESS0002907,CUST00138,2025-12-13,Website - Mobile Browser,18,20.1,False
SESS0002908,CUST00138,2026-04-16,Website - Mobile Browser,11,3.0,False
SESS0002909,CUST00138,2026-07-14,Website - Desktop,7,15.6,True
SESS0002910,CUST00138,2026-04-07,Website - Desktop,5,2.2,False
SESS0002911,CUST00138,2025-09-11,Website - Mobile Browser,21,16.4,False
SESS0002912,CUST00138,2026-07-19,Mobile App,15,25.2,False
SESS0002913,CUST00138,2026-08-08,Website - Mobile Browser,10,23.5,False
SESS0002914,CUST00138,2026-02-11,Website - Desktop,16,28.2,False
SESS0002915,CUST00138,2026-05-14,Website - Mobile Browser,5,5.4,False
SESS0002916,CUST00138,2025-12-04,Website - Desktop,22,15.9,True
SESS0002917,CUST00138,2026-08-15,Website - Desktop,9,29.3,False
SESS0002918,CUST00138,2026-01-02,Mobile App,6,13.6,False
SESS0002919,CUST00138,2026-07-01,Website - Desktop,1,6.3,False
SESS0002920,CUST00138,2026-02-24,Website - Desktop,10,14.3,False
SESS0002921,CUST00138,2025-12-30,Website - Mobile Browser,19,0.8,False
SESS0002922,CUST00138,2026-05-08,Website - Mobile Browser,16,13.3,False
SESS0002923,CUST00138,2026-01-14,Mobile App,25,14.2,True
SESS0002924,CUST00138,2025-09-18,Website - Mobile Browser,12,0.6,False
SESS0002925,CUST00138,2026-04-20,Website - Desktop,23,25.2,False
SESS0002926,CUST00138,2025-12-31,Mobile App,4,15.2,True
SESS0002927,CUST00138,2026-05-12,Website - Mobile Browser,17,25.4,False
SESS0002928,CUST00138,2025-12-27,Mobile App,22,9.3,False
SESS0002929,CUST00138,2026-05-11,Website - Mobile Browser,8,1.8,False
SESS0002930,CUST00138,2026-06-06,Website - Mobile Browser,6,11.9,False
SESS0002931,CUST00138,2025-12-05,Website - Desktop,13,8.1,False
SESS0002932,CUST00138,2026-05-28,Website - Desktop,4,17.9,True
SESS0002933,CUST00138,2025-12-14,Mobile App,11,21.7,False
SESS0002934,CUST00139,2026-01-15,Website - Mobile Browser,22,1.1,False
SESS0002935,CUST00139,2026-07-22,Website - Desktop,19,1.5,False
SESS0002936,CUST00139,2026-04-16,Website - Mobile Browser,25,14.9,True
SESS0002937,CUST00139,2026-01-09,Website - Desktop,5,10.4,False
SESS0002938,CUST00139,2026-02-12,Mobile App,23,28.9,False
SESS0002939,CUST00139,2026-04-21,Mobile App,4,16.8,False
SESS0002940,CUST00139,2026-03-22,Website - Desktop,18,17.4,True
SESS0002941,CUST00139,2026-07-26,Website - Mobile Browser,5,17.6,False
SESS0002942,CUST00139,2026-06-02,Mobile App,15,8.7,True
SESS0002943,CUST00139,2026-03-04,Website - Desktop,8,2.5,False
SESS0002944,CUST00139,2025-10-12,Website - Desktop,24,4.6,False
SESS0002945,CUST00139,2025-12-21,Mobile App,13,24.0,True
SESS0002946,CUST00139,2026-08-05,Mobile App,14,17.4,False
SESS0002947,CUST00139,2025-12-30,Mobile App,18,21.4,False
SESS0002948,CUST00140,2026-04-11,Website - Mobile Browser,1,4.7,False
SESS0002949,CUST00140,2026-01-27,Website - Mobile Browser,8,6.4,False
SESS0002950,CUST00140,2025-09-24,Website - Mobile Browser,8,22.8,False
SESS0002951,CUST00140,2026-07-01,Mobile App,22,25.3,False
SESS0002952,CUST00140,2025-11-03,Mobile App,14,11.2,False
SESS0002953,CUST00140,2025-10-12,Website - Desktop,3,14.7,False
SESS0002954,CUST00140,2025-10-15,Website - Desktop,13,17.4,False
SESS0002955,CUST00140,2026-07-30,Website - Mobile Browser,12,4.1,False
SESS0002956,CUST00140,2026-02-21,Website - Mobile Browser,3,9.5,False
SESS0002957,CUST00140,2026-05-30,Mobile App,5,27.4,False
SESS0002958,CUST00140,2026-08-15,Mobile App,19,10.2,False
SESS0002959,CUST00140,2026-06-16,Website - Mobile Browser,19,21.3,False
SESS0002960,CUST00140,2026-05-21,Mobile App,8,10.5,False
SESS0002961,CUST00140,2025-11-30,Website - Mobile Browser,15,3.4,False
SESS0002962,CUST00140,2026-07-18,Mobile App,16,21.1,True
SESS0002963,CUST00140,2025-11-08,Website - Desktop,14,15.3,False
SESS0002964,CUST00140,2026-07-15,Website - Mobile Browser,10,2.7,False
SESS0002965,CUST00141,2026-05-26,Mobile App,11,3.3,False
SESS0002966,CUST00141,2026-01-25,Website - Mobile Browser,8,22.9,False
SESS0002967,CUST00141,2025-09-19,Website - Mobile Browser,11,6.7,False
SESS0002968,CUST00141,2026-04-04,Website - Mobile Browser,9,3.9,False
SESS0002969,CUST00141,2025-10-07,Website - Desktop,15,14.2,False
SESS0002970,CUST00141,2026-06-27,Mobile App,1,11.9,False
SESS0002971,CUST00141,2025-09-22,Website - Desktop,21,25.4,False
SESS0002972,CUST00141,2026-05-28,Website - Mobile Browser,15,20.5,False
SESS0002973,CUST00141,2026-04-02,Mobile App,3,19.4,False
SESS0002974,CUST00141,2026-06-25,Mobile App,2,7.2,True
SESS0002975,CUST00141,2026-07-25,Website - Mobile Browser,14,22.6,False
SESS0002976,CUST00141,2025-12-20,Website - Desktop,11,27.4,False
SESS0002977,CUST00141,2026-05-05,Website - Desktop,11,3.9,True
SESS0002978,CUST00141,2026-01-09,Website - Mobile Browser,9,27.0,False
SESS0002979,CUST00141,2026-08-17,Website - Mobile Browser,10,21.2,False
SESS0002980,CUST00141,2026-03-21,Website - Mobile Browser,7,25.4,False
SESS0002981,CUST00141,2025-11-06,Website - Desktop,13,1.1,False
SESS0002982,CUST00141,2025-11-25,Website - Desktop,6,14.8,False
SESS0002983,CUST00141,2026-01-31,Website - Mobile Browser,12,24.6,False
SESS0002984,CUST00141,2025-12-07,Website - Desktop,16,12.7,True
SESS0002985,CUST00141,2025-11-07,Mobile App,2,14.8,False
SESS0002986,CUST00141,2025-10-24,Website - Desktop,13,9.5,False
SESS0002987,CUST00141,2026-06-15,Website - Desktop,22,22.4,False
SESS0002988,CUST00141,2026-06-14,Website - Desktop,5,15.6,False
SESS0002989,CUST00142,2025-11-04,Mobile App,13,20.7,True
SESS0002990,CUST00142,2026-03-24,Website - Mobile Browser,11,8.4,False
SESS0002991,CUST00142,2026-04-10,Mobile App,25,6.5,True
SESS0002992,CUST00142,2026-04-24,Website - Mobile Browser,9,28.7,False
SESS0002993,CUST00142,2025-11-08,Website - Desktop,24,12.8,False
SESS0002994,CUST00142,2026-06-14,Website - Desktop,24,17.9,False
SESS0002995,CUST00142,2026-07-14,Website - Mobile Browser,23,26.0,True
SESS0002996,CUST00142,2026-01-03,Website - Mobile Browser,5,28.0,False
SESS0002997,CUST00142,2026-01-20,Website - Desktop,2,18.9,False
SESS0002998,CUST00143,2026-04-03,Website - Desktop,15,18.1,False
SESS0002999,CUST00143,2025-11-07,Website - Mobile Browser,7,17.3,False
SESS0003000,CUST00143,2025-12-12,Website - Desktop,5,11.6,False
SESS0003001,CUST00143,2026-05-30,Website - Mobile Browser,6,26.4,False
SESS0003002,CUST00143,2026-07-25,Website - Desktop,3,20.3,True
SESS0003003,CUST00143,2026-05-03,Website - Desktop,25,7.5,False
SESS0003004,CUST00143,2026-03-18,Mobile App,18,18.1,True
SESS0003005,CUST00143,2026-07-01,Website - Mobile Browser,2,12.5,False
SESS0003006,CUST00143,2026-04-10,Website - Mobile Browser,6,9.0,True
SESS0003007,CUST00143,2026-03-11,Mobile App,22,28.3,False
SESS0003008,CUST00143,2026-02-02,Mobile App,7,18.7,False
SESS0003009,CUST00143,2026-04-25,Website - Desktop,9,11.7,False
SESS0003010,CUST00143,2026-04-07,Website - Mobile Browser,1,25.1,False
SESS0003011,CUST00143,2025-11-27,Website - Desktop,19,29.6,False
SESS0003012,CUST00143,2025-11-05,Mobile App,22,27.6,False
SESS0003013,CUST00143,2026-02-25,Website - Desktop,21,4.4,False
SESS0003014,CUST00143,2026-02-09,Website - Mobile Browser,13,10.0,True
SESS0003015,CUST00143,2025-11-06,Website - Desktop,3,4.5,False
SESS0003016,CUST00143,2025-11-09,Website - Desktop,23,25.1,True
SESS0003017,CUST00143,2026-06-15,Website - Desktop,9,8.0,False
SESS0003018,CUST00143,2026-01-16,Website - Mobile Browser,11,9.0,False
SESS0003019,CUST00143,2025-11-21,Website - Desktop,8,3.6,False
SESS0003020,CUST00143,2025-12-26,Website - Mobile Browser,25,23.1,False
SESS0003021,CUST00143,2026-04-20,Mobile App,9,5.4,False
SESS0003022,CUST00143,2026-01-26,Website - Desktop,5,16.1,True
SESS0003023,CUST00143,2025-12-24,Mobile App,15,12.6,False
SESS0003024,CUST00143,2026-08-03,Mobile App,12,10.3,True
SESS0003025,CUST00143,2026-07-28,Website - Mobile Browser,14,16.7,False
SESS0003026,CUST00144,2025-11-25,Website - Mobile Browser,13,1.3,True
SESS0003027,CUST00144,2026-05-07,Mobile App,24,17.9,True
SESS0003028,CUST00144,2025-09-20,Mobile App,8,26.7,False
SESS0003029,CUST00144,2026-07-06,Mobile App,3,18.8,False
SESS0003030,CUST00144,2026-08-10,Website - Desktop,18,12.3,False
SESS0003031,CUST00144,2025-09-22,Mobile App,19,23.4,False
SESS0003032,CUST00144,2026-03-22,Website - Mobile Browser,16,17.2,False
SESS0003033,CUST00144,2026-06-30,Mobile App,17,15.2,False
SESS0003034,CUST00144,2026-07-28,Website - Mobile Browser,3,7.9,True
SESS0003035,CUST00144,2026-02-23,Website - Desktop,19,11.2,False
SESS0003036,CUST00144,2026-01-17,Website - Mobile Browser,4,14.5,False
SESS0003037,CUST00144,2025-09-16,Website - Desktop,10,9.4,False
SESS0003038,CUST00144,2026-05-05,Mobile App,7,22.9,False
SESS0003039,CUST00144,2025-10-05,Website - Mobile Browser,1,14.4,True
SESS0003040,CUST00144,2026-02-12,Mobile App,23,1.7,False
SESS0003041,CUST00144,2026-07-23,Website - Desktop,11,20.7,True
SESS0003042,CUST00144,2025-11-29,Mobile App,5,20.6,False
SESS0003043,CUST00144,2025-09-06,Website - Mobile Browser,25,0.6,False
SESS0003044,CUST00144,2025-12-26,Website - Desktop,12,9.3,False
SESS0003045,CUST00144,2025-11-28,Mobile App,13,8.6,False
SESS0003046,CUST00144,2025-12-25,Mobile App,22,26.0,True
SESS0003047,CUST00144,2026-05-29,Website - Desktop,13,12.7,False
SESS0003048,CUST00144,2025-10-16,Website - Desktop,21,22.3,False
SESS0003049,CUST00144,2026-03-11,Website - Desktop,6,12.5,False
SESS0003050,CUST00144,2026-05-18,Website - Desktop,9,8.6,False
SESS0003051,CUST00144,2026-07-25,Mobile App,24,12.2,False
SESS0003052,CUST00144,2026-04-22,Website - Desktop,10,22.2,False
SESS0003053,CUST00144,2026-07-09,Mobile App,7,0.9,False
SESS0003054,CUST00145,2025-11-19,Website - Desktop,5,27.1,False
SESS0003055,CUST00145,2025-09-22,Mobile App,13,16.3,False
SESS0003056,CUST00145,2026-08-03,Website - Desktop,2,24.0,False
SESS0003057,CUST00145,2026-07-18,Website - Desktop,15,29.3,True
SESS0003058,CUST00145,2026-05-07,Mobile App,13,14.8,False
SESS0003059,CUST00145,2026-05-29,Website - Mobile Browser,18,10.6,False
SESS0003060,CUST00145,2025-09-08,Website - Mobile Browser,21,14.1,True
SESS0003061,CUST00145,2026-08-15,Mobile App,24,3.7,False
SESS0003062,CUST00145,2026-08-03,Website - Mobile Browser,16,20.2,True
SESS0003063,CUST00145,2026-03-30,Mobile App,12,2.7,True
SESS0003064,CUST00145,2026-04-04,Mobile App,18,5.1,False
SESS0003065,CUST00145,2025-09-25,Website - Desktop,5,7.5,False
SESS0003066,CUST00145,2026-03-13,Website - Mobile Browser,15,25.3,False
SESS0003067,CUST00145,2026-08-02,Website - Mobile Browser,21,25.6,False
SESS0003068,CUST00145,2025-12-02,Website - Mobile Browser,11,15.4,False
SESS0003069,CUST00145,2025-09-11,Mobile App,11,16.3,False
SESS0003070,CUST00145,2025-09-08,Website - Desktop,11,24.4,True
SESS0003071,CUST00145,2026-02-25,Mobile App,20,19.6,True
SESS0003072,CUST00145,2026-04-18,Website - Mobile Browser,6,29.2,False
SESS0003073,CUST00145,2026-01-29,Website - Desktop,11,25.0,False
SESS0003074,CUST00145,2025-12-14,Website - Mobile Browser,4,29.9,False
SESS0003075,CUST00145,2026-06-28,Mobile App,10,17.1,False
SESS0003076,CUST00145,2026-08-11,Mobile App,19,12.7,False
SESS0003077,CUST00145,2025-09-03,Website - Desktop,20,2.9,False
SESS0003078,CUST00145,2025-09-15,Mobile App,23,2.6,False
SESS0003079,CUST00145,2026-06-01,Website - Mobile Browser,16,22.0,False
SESS0003080,CUST00145,2026-06-15,Website - Mobile Browser,14,21.4,False
SESS0003081,CUST00145,2026-03-07,Mobile App,25,8.1,True
SESS0003082,CUST00145,2026-07-02,Website - Desktop,7,19.1,False
SESS0003083,CUST00145,2026-04-29,Website - Desktop,20,27.0,False
SESS0003084,CUST00145,2026-05-19,Mobile App,20,29.2,False
SESS0003085,CUST00145,2026-03-13,Website - Desktop,4,10.5,False
SESS0003086,CUST00146,2026-07-01,Mobile App,17,26.1,False
SESS0003087,CUST00146,2026-08-09,Mobile App,20,27.5,True
SESS0003088,CUST00146,2026-08-05,Mobile App,9,27.9,False
SESS0003089,CUST00146,2026-07-22,Website - Mobile Browser,10,4.2,False
SESS0003090,CUST00146,2026-07-22,Website - Desktop,2,19.0,False
SESS0003091,CUST00146,2026-07-06,Website - Mobile Browser,10,0.8,True
SESS0003092,CUST00146,2026-07-22,Website - Mobile Browser,12,14.7,False
SESS0003093,CUST00146,2026-08-16,Mobile App,10,26.4,False
SESS0003094,CUST00146,2026-08-21,Website - Mobile Browser,25,29.1,False
SESS0003095,CUST00146,2026-07-18,Mobile App,12,8.2,True
SESS0003096,CUST00146,2026-07-09,Mobile App,8,12.7,False
SESS0003097,CUST00146,2026-07-22,Mobile App,20,22.9,False
SESS0003098,CUST00146,2026-07-02,Website - Desktop,21,29.2,False
SESS0003099,CUST00146,2026-07-11,Website - Mobile Browser,11,4.9,False
SESS0003100,CUST00146,2026-07-30,Website - Mobile Browser,4,22.7,True
SESS0003101,CUST00146,2026-07-11,Mobile App,13,9.7,True
SESS0003102,CUST00146,2026-08-08,Website - Desktop,11,12.9,False
SESS0003103,CUST00146,2026-08-15,Mobile App,1,19.2,False
SESS0003104,CUST00146,2026-08-10,Mobile App,20,24.0,True
SESS0003105,CUST00147,2026-06-18,Website - Mobile Browser,17,29.6,False
SESS0003106,CUST00147,2026-08-20,Website - Desktop,6,5.2,False
SESS0003107,CUST00147,2026-03-27,Mobile App,25,19.6,False
SESS0003108,CUST00147,2026-07-10,Website - Desktop,22,12.8,False
SESS0003109,CUST00147,2026-07-24,Website - Desktop,3,29.5,False
SESS0003110,CUST00147,2026-04-05,Website - Mobile Browser,1,23.8,True
SESS0003111,CUST00147,2026-04-13,Mobile App,24,9.4,False
SESS0003112,CUST00147,2026-04-21,Mobile App,13,10.1,True
SESS0003113,CUST00147,2026-03-31,Mobile App,5,18.4,True
SESS0003114,CUST00147,2026-05-16,Mobile App,23,29.2,True
SESS0003115,CUST00147,2026-07-01,Website - Desktop,15,12.5,False
SESS0003116,CUST00147,2026-04-30,Website - Mobile Browser,10,9.4,False
SESS0003117,CUST00147,2026-05-07,Website - Desktop,8,25.3,False
SESS0003118,CUST00147,2026-06-23,Website - Desktop,9,19.9,True
SESS0003119,CUST00147,2026-06-04,Website - Desktop,6,19.4,True
SESS0003120,CUST00147,2026-04-12,Website - Mobile Browser,16,18.2,False
SESS0003121,CUST00147,2026-04-05,Website - Mobile Browser,2,22.2,False
SESS0003122,CUST00147,2026-05-01,Website - Desktop,9,28.4,False
SESS0003123,CUST00147,2026-06-14,Mobile App,10,28.7,False
SESS0003124,CUST00147,2026-06-07,Website - Desktop,19,1.1,False
SESS0003125,CUST00147,2026-07-13,Mobile App,24,23.4,False
SESS0003126,CUST00148,2026-01-02,Website - Mobile Browser,12,5.6,False
SESS0003127,CUST00148,2026-07-22,Website - Mobile Browser,8,10.4,True
SESS0003128,CUST00148,2025-11-14,Website - Mobile Browser,4,26.8,False
SESS0003129,CUST00148,2026-05-10,Website - Desktop,8,8.7,False
SESS0003130,CUST00148,2026-07-31,Website - Mobile Browser,7,2.0,False
SESS0003131,CUST00148,2026-06-03,Website - Desktop,10,3.5,True
SESS0003132,CUST00148,2025-12-10,Website - Desktop,25,14.5,False
SESS0003133,CUST00148,2026-04-19,Website - Mobile Browser,19,16.4,True
SESS0003134,CUST00148,2026-03-04,Website - Desktop,6,2.1,False
SESS0003135,CUST00148,2025-12-01,Mobile App,11,27.5,False
SESS0003136,CUST00148,2026-05-05,Mobile App,8,24.7,False
SESS0003137,CUST00149,2026-02-24,Website - Desktop,23,3.1,False
SESS0003138,CUST00150,2025-09-15,Website - Mobile Browser,16,2.1,False
SESS0003139,CUST00150,2026-07-17,Website - Desktop,21,29.9,True
SESS0003140,CUST00150,2026-05-07,Mobile App,5,26.9,False
SESS0003141,CUST00150,2026-04-07,Website - Mobile Browser,10,28.4,False
SESS0003142,CUST00150,2025-12-05,Mobile App,3,18.0,True
SESS0003143,CUST00150,2025-11-08,Website - Desktop,3,4.4,False
SESS0003144,CUST00150,2025-10-15,Mobile App,16,23.2,True
SESS0003145,CUST00150,2026-08-13,Mobile App,8,24.8,False
SESS0003146,CUST00150,2025-11-17,Website - Desktop,1,10.8,False
SESS0003147,CUST00150,2026-05-21,Website - Mobile Browser,23,9.6,False
SESS0003148,CUST00150,2025-11-10,Mobile App,20,21.5,False
SESS0003149,CUST00150,2026-01-08,Website - Desktop,23,15.2,False
SESS0003150,CUST00150,2026-06-16,Website - Desktop,16,28.5,False
SESS0003151,CUST00150,2025-10-17,Website - Desktop,14,24.0,True
SESS0003152,CUST00150,2026-08-14,Website - Mobile Browser,21,19.7,False
SESS0003153,CUST00150,2026-05-05,Website - Desktop,8,1.0,False
SESS0003154,CUST00150,2026-04-17,Mobile App,24,12.6,False
SESS0003155,CUST00150,2026-02-06,Mobile App,22,20.3,False
SESS0003156,CUST00150,2025-10-07,Website - Desktop,23,13.3,False
SESS0003157,CUST00150,2026-02-22,Mobile App,25,0.5,False
SESS0003158,CUST00151,2026-03-31,Website - Desktop,2,9.0,True
SESS0003159,CUST00151,2026-05-07,Website - Mobile Browser,18,20.0,False
SESS0003160,CUST00151,2026-05-22,Website - Desktop,22,19.7,False
SESS0003161,CUST00151,2026-07-27,Website - Desktop,3,9.5,False
SESS0003162,CUST00152,2025-12-06,Mobile App,17,1.7,False
SESS0003163,CUST00152,2026-01-30,Mobile App,4,1.8,False
SESS0003164,CUST00152,2026-05-03,Website - Desktop,24,3.3,True
SESS0003165,CUST00152,2026-04-01,Mobile App,20,4.9,False
SESS0003166,CUST00152,2026-07-14,Website - Mobile Browser,17,16.9,False
SESS0003167,CUST00152,2026-03-01,Mobile App,2,8.8,False
SESS0003168,CUST00152,2025-11-25,Website - Desktop,22,3.9,False
SESS0003169,CUST00152,2026-01-10,Website - Mobile Browser,17,3.9,False
SESS0003170,CUST00152,2026-01-04,Website - Desktop,23,16.3,False
SESS0003171,CUST00152,2026-03-14,Website - Mobile Browser,22,10.9,False
SESS0003172,CUST00152,2025-11-27,Website - Mobile Browser,2,29.8,False
SESS0003173,CUST00152,2026-02-07,Website - Mobile Browser,19,11.8,False
SESS0003174,CUST00152,2026-04-14,Website - Mobile Browser,18,22.9,False
SESS0003175,CUST00152,2026-02-19,Mobile App,17,1.5,False
SESS0003176,CUST00152,2025-11-20,Mobile App,23,14.9,False
SESS0003177,CUST00152,2026-05-03,Website - Mobile Browser,21,29.5,True
SESS0003178,CUST00152,2026-07-22,Website - Mobile Browser,10,13.7,False
SESS0003179,CUST00152,2026-07-31,Website - Desktop,7,10.9,False
SESS0003180,CUST00152,2026-07-26,Website - Desktop,17,7.1,False
SESS0003181,CUST00152,2026-06-29,Mobile App,18,7.0,False
SESS0003182,CUST00152,2026-04-28,Website - Mobile Browser,15,28.6,False
SESS0003183,CUST00152,2026-06-14,Website - Mobile Browser,19,19.0,False
SESS0003184,CUST00152,2026-02-17,Mobile App,21,8.0,False
SESS0003185,CUST00152,2026-07-04,Website - Mobile Browser,18,6.5,False
SESS0003186,CUST00152,2026-03-15,Mobile App,9,11.9,False
SESS0003187,CUST00152,2026-03-13,Mobile App,14,11.7,False
SESS0003188,CUST00152,2026-06-06,Website - Desktop,15,11.5,False
SESS0003189,CUST00153,2026-05-18,Website - Desktop,4,3.0,False
SESS0003190,CUST00153,2025-09-16,Website - Desktop,2,10.9,False
SESS0003191,CUST00153,2025-10-05,Website - Desktop,13,6.6,False
SESS0003192,CUST00153,2026-01-13,Mobile App,17,1.9,False
SESS0003193,CUST00153,2026-05-13,Website - Desktop,7,17.9,True
SESS0003194,CUST00153,2026-04-28,Website - Mobile Browser,2,4.5,False
SESS0003195,CUST00153,2026-07-02,Website - Desktop,14,10.3,False
SESS0003196,CUST00153,2026-07-30,Mobile App,25,14.4,False
SESS0003197,CUST00153,2026-02-09,Mobile App,1,20.5,True
SESS0003198,CUST00153,2026-03-21,Website - Desktop,23,16.9,True
SESS0003199,CUST00153,2026-03-19,Mobile App,14,3.7,False
SESS0003200,CUST00153,2026-03-01,Website - Desktop,22,5.0,False
SESS0003201,CUST00153,2025-10-24,Mobile App,9,20.1,True
SESS0003202,CUST00153,2026-01-11,Website - Desktop,10,10.4,True
SESS0003203,CUST00153,2026-05-22,Mobile App,11,9.2,False
SESS0003204,CUST00153,2026-07-25,Website - Mobile Browser,24,21.7,False
SESS0003205,CUST00153,2025-10-13,Website - Mobile Browser,18,25.4,False
SESS0003206,CUST00153,2025-09-01,Website - Desktop,13,19.1,False
SESS0003207,CUST00153,2026-06-10,Website - Mobile Browser,16,4.5,False
SESS0003208,CUST00153,2026-08-04,Website - Desktop,7,0.9,False
SESS0003209,CUST00153,2025-09-26,Website - Desktop,8,16.0,False
SESS0003210,CUST00154,2025-11-24,Mobile App,1,17.6,False
SESS0003211,CUST00154,2026-03-10,Website - Desktop,6,18.6,False
SESS0003212,CUST00154,2025-12-26,Mobile App,1,15.0,False
SESS0003213,CUST00155,2026-01-16,Mobile App,15,29.8,False
SESS0003214,CUST00155,2026-04-05,Website - Mobile Browser,14,9.8,False
SESS0003215,CUST00155,2026-01-04,Website - Desktop,5,15.6,False
SESS0003216,CUST00155,2026-04-21,Mobile App,12,3.4,False
SESS0003217,CUST00155,2026-06-04,Website - Desktop,6,4.8,True
SESS0003218,CUST00155,2026-06-14,Website - Desktop,21,12.4,True
SESS0003219,CUST00155,2026-04-02,Mobile App,8,1.6,False
SESS0003220,CUST00155,2025-10-10,Website - Desktop,2,11.5,False
SESS0003221,CUST00155,2026-03-19,Website - Desktop,4,5.9,True
SESS0003222,CUST00155,2025-12-20,Website - Desktop,17,17.1,True
SESS0003223,CUST00155,2025-11-30,Website - Desktop,4,27.7,False
SESS0003224,CUST00155,2025-10-30,Mobile App,25,25.9,False
SESS0003225,CUST00155,2026-02-09,Mobile App,11,2.5,False
SESS0003226,CUST00155,2026-02-01,Mobile App,23,16.5,True
SESS0003227,CUST00155,2026-02-10,Mobile App,7,17.6,False
SESS0003228,CUST00155,2026-08-09,Website - Mobile Browser,10,23.3,False
SESS0003229,CUST00155,2026-02-15,Website - Mobile Browser,2,17.7,False
SESS0003230,CUST00156,2026-06-26,Website - Desktop,3,10.1,False
SESS0003231,CUST00156,2025-11-13,Website - Mobile Browser,11,25.0,False
SESS0003232,CUST00156,2025-09-17,Website - Desktop,10,9.4,True
SESS0003233,CUST00156,2026-07-30,Mobile App,9,21.0,True
SESS0003234,CUST00156,2025-12-04,Website - Mobile Browser,18,25.2,True
SESS0003235,CUST00156,2026-04-03,Mobile App,8,26.1,False
SESS0003236,CUST00156,2025-12-18,Mobile App,10,11.3,False
SESS0003237,CUST00156,2025-09-19,Mobile App,4,27.4,True
SESS0003238,CUST00156,2025-10-30,Mobile App,13,20.5,False
SESS0003239,CUST00156,2026-05-29,Mobile App,9,23.7,False
SESS0003240,CUST00156,2025-12-04,Mobile App,22,17.4,True
SESS0003241,CUST00156,2026-07-05,Mobile App,1,8.3,False
SESS0003242,CUST00157,2025-10-11,Website - Mobile Browser,19,25.1,True
SESS0003243,CUST00157,2026-04-10,Mobile App,19,24.2,False
SESS0003244,CUST00157,2025-10-18,Website - Mobile Browser,11,25.5,False
SESS0003245,CUST00157,2026-04-06,Website - Mobile Browser,22,18.2,False
SESS0003246,CUST00157,2025-09-13,Website - Mobile Browser,16,12.6,False
SESS0003247,CUST00158,2025-10-07,Website - Desktop,3,29.1,False
SESS0003248,CUST00158,2025-09-09,Mobile App,9,3.3,False
SESS0003249,CUST00158,2026-04-30,Website - Mobile Browser,4,3.8,False
SESS0003250,CUST00158,2026-07-02,Website - Mobile Browser,21,3.6,True
SESS0003251,CUST00158,2026-03-23,Website - Desktop,3,21.1,False
SESS0003252,CUST00158,2025-09-11,Website - Desktop,21,3.9,False
SESS0003253,CUST00158,2026-05-12,Website - Mobile Browser,1,9.6,False
SESS0003254,CUST00158,2025-09-17,Website - Mobile Browser,12,12.7,False
SESS0003255,CUST00158,2026-05-11,Website - Desktop,2,24.3,False
SESS0003256,CUST00158,2025-11-28,Website - Desktop,4,9.2,False
SESS0003257,CUST00158,2025-11-27,Website - Desktop,17,6.8,True
SESS0003258,CUST00158,2026-04-28,Mobile App,9,24.4,False
SESS0003259,CUST00158,2026-07-01,Website - Desktop,9,9.8,True
SESS0003260,CUST00159,2026-01-01,Website - Desktop,11,20.0,False
SESS0003261,CUST00159,2026-05-12,Website - Desktop,2,13.9,False
SESS0003262,CUST00159,2026-03-31,Mobile App,7,25.8,False
SESS0003263,CUST00159,2025-12-30,Website - Desktop,9,18.7,False
SESS0003264,CUST00159,2025-09-23,Website - Mobile Browser,15,0.6,False
SESS0003265,CUST00159,2026-02-02,Mobile App,20,3.6,False
SESS0003266,CUST00159,2026-02-26,Website - Mobile Browser,20,9.0,True
SESS0003267,CUST00159,2025-11-20,Website - Mobile Browser,13,28.9,True
SESS0003268,CUST00159,2025-12-22,Website - Desktop,1,7.1,False
SESS0003269,CUST00160,2026-01-07,Website - Desktop,8,28.2,False
SESS0003270,CUST00160,2026-06-19,Website - Mobile Browser,2,10.8,False
SESS0003271,CUST00160,2026-01-23,Website - Desktop,8,3.1,False
SESS0003272,CUST00160,2026-04-15,Mobile App,1,29.9,False
SESS0003273,CUST00160,2026-07-08,Website - Mobile Browser,11,9.2,False
SESS0003274,CUST00160,2025-10-17,Mobile App,11,7.2,True
SESS0003275,CUST00160,2025-12-22,Website - Desktop,1,2.3,False
SESS0003276,CUST00160,2026-06-06,Website - Mobile Browser,13,14.2,False
SESS0003277,CUST00160,2025-12-25,Website - Mobile Browser,13,23.4,False
SESS0003278,CUST00160,2026-01-20,Website - Mobile Browser,19,8.5,False
SESS0003279,CUST00160,2026-04-18,Mobile App,15,0.9,False
SESS0003280,CUST00160,2026-02-12,Website - Desktop,4,1.2,True
SESS0003281,CUST00160,2026-08-12,Website - Desktop,15,0.6,True
SESS0003282,CUST00160,2026-04-07,Website - Desktop,25,25.9,False
SESS0003283,CUST00160,2025-10-23,Website - Desktop,19,27.3,False
SESS0003284,CUST00160,2025-09-12,Mobile App,2,13.6,True
SESS0003285,CUST00160,2026-07-27,Mobile App,15,3.6,False
SESS0003286,CUST00160,2026-07-21,Website - Desktop,2,29.8,False
SESS0003287,CUST00160,2025-09-05,Mobile App,6,27.7,False
SESS0003288,CUST00160,2026-04-03,Website - Desktop,3,28.4,False
SESS0003289,CUST00160,2026-06-13,Website - Desktop,19,13.0,False
SESS0003290,CUST00160,2026-02-26,Mobile App,8,20.1,False
SESS0003291,CUST00160,2026-06-04,Website - Mobile Browser,19,22.0,False
SESS0003292,CUST00160,2026-02-25,Website - Desktop,12,28.2,False
SESS0003293,CUST00160,2026-03-24,Mobile App,16,23.4,True
SESS0003294,CUST00160,2025-12-28,Mobile App,24,7.4,False
SESS0003295,CUST00160,2025-11-12,Mobile App,25,2.1,False
SESS0003296,CUST00160,2026-06-22,Website - Mobile Browser,19,5.8,False
SESS0003297,CUST00161,2026-05-23,Mobile App,24,11.9,True
SESS0003298,CUST00161,2026-07-27,Website - Mobile Browser,20,14.6,False
SESS0003299,CUST00161,2026-06-24,Mobile App,4,29.8,True
SESS0003300,CUST00161,2026-08-21,Website - Mobile Browser,10,23.0,False
SESS0003301,CUST00161,2026-05-27,Mobile App,9,15.4,False
SESS0003302,CUST00161,2026-05-27,Mobile App,7,23.9,False
SESS0003303,CUST00161,2026-08-15,Website - Desktop,17,11.6,False
SESS0003304,CUST00161,2026-06-10,Website - Mobile Browser,8,25.2,True
SESS0003305,CUST00161,2026-07-06,Website - Desktop,22,24.5,False
SESS0003306,CUST00161,2026-07-12,Website - Mobile Browser,3,8.2,True
SESS0003307,CUST00161,2026-07-10,Mobile App,9,17.5,False
SESS0003308,CUST00161,2026-06-28,Website - Desktop,20,12.0,False
SESS0003309,CUST00161,2026-07-27,Website - Desktop,1,11.3,False
SESS0003310,CUST00161,2026-08-07,Mobile App,16,26.2,False
SESS0003311,CUST00161,2026-07-08,Website - Desktop,20,4.2,False
SESS0003312,CUST00161,2026-05-24,Mobile App,13,4.5,True
SESS0003313,CUST00161,2026-07-03,Website - Mobile Browser,19,16.9,True
SESS0003314,CUST00161,2026-07-08,Website - Desktop,25,8.3,False
SESS0003315,CUST00161,2026-06-30,Mobile App,19,16.3,False
SESS0003316,CUST00161,2026-06-14,Mobile App,4,28.2,False
SESS0003317,CUST00161,2026-08-06,Website - Mobile Browser,21,10.2,False
SESS0003318,CUST00161,2026-06-16,Mobile App,20,21.7,False
SESS0003319,CUST00162,2025-11-22,Website - Desktop,23,25.3,True
SESS0003320,CUST00162,2025-11-22,Website - Mobile Browser,13,12.2,False
SESS0003321,CUST00162,2026-05-30,Mobile App,12,10.0,False
SESS0003322,CUST00162,2026-01-04,Website - Mobile Browser,2,10.2,False
SESS0003323,CUST00162,2026-02-07,Mobile App,13,29.6,True
SESS0003324,CUST00162,2026-05-23,Website - Mobile Browser,3,23.6,False
SESS0003325,CUST00162,2025-10-07,Mobile App,22,23.2,True
SESS0003326,CUST00162,2025-11-21,Website - Desktop,14,2.7,True
SESS0003327,CUST00163,2026-05-17,Website - Desktop,7,17.1,False
SESS0003328,CUST00163,2026-07-09,Website - Mobile Browser,20,19.0,True
SESS0003329,CUST00163,2026-01-04,Mobile App,8,0.5,False
SESS0003330,CUST00163,2025-12-31,Website - Mobile Browser,17,4.6,False
SESS0003331,CUST00163,2026-02-25,Website - Mobile Browser,10,20.1,False
SESS0003332,CUST00163,2026-07-22,Website - Mobile Browser,20,2.0,False
SESS0003333,CUST00163,2026-04-19,Website - Mobile Browser,18,25.7,False
SESS0003334,CUST00163,2026-04-01,Mobile App,22,28.0,True
SESS0003335,CUST00163,2026-02-04,Website - Desktop,22,8.2,True
SESS0003336,CUST00163,2026-01-24,Website - Mobile Browser,15,28.5,False
SESS0003337,CUST00163,2026-03-19,Website - Desktop,12,29.1,False
SESS0003338,CUST00163,2026-06-20,Mobile App,20,4.6,False
SESS0003339,CUST00163,2025-10-11,Website - Mobile Browser,18,4.5,True
SESS0003340,CUST00163,2026-03-08,Website - Desktop,7,22.6,False
SESS0003341,CUST00163,2026-06-02,Website - Desktop,10,4.1,False
SESS0003342,CUST00163,2026-01-20,Website - Mobile Browser,21,19.0,False
SESS0003343,CUST00163,2026-03-25,Mobile App,5,6.1,False
SESS0003344,CUST00163,2025-10-15,Mobile App,23,19.0,False
SESS0003345,CUST00163,2025-11-28,Website - Desktop,17,6.1,False
SESS0003346,CUST00163,2025-12-08,Website - Mobile Browser,19,2.5,False
SESS0003347,CUST00163,2025-12-17,Website - Desktop,9,0.9,False
SESS0003348,CUST00163,2025-09-25,Mobile App,19,20.2,False
SESS0003349,CUST00163,2026-01-25,Website - Mobile Browser,8,19.9,False
SESS0003350,CUST00163,2026-08-15,Mobile App,18,4.9,False
SESS0003351,CUST00163,2026-03-22,Website - Desktop,15,27.4,True
SESS0003352,CUST00163,2026-04-11,Website - Mobile Browser,8,14.1,False
SESS0003353,CUST00163,2026-06-01,Website - Mobile Browser,19,10.0,False
SESS0003354,CUST00163,2026-07-16,Mobile App,11,6.0,False
SESS0003355,CUST00163,2026-07-08,Website - Desktop,9,9.4,False
SESS0003356,CUST00163,2025-09-01,Mobile App,24,19.1,False
SESS0003357,CUST00163,2025-10-09,Website - Mobile Browser,18,13.3,True
SESS0003358,CUST00163,2025-11-29,Mobile App,3,9.6,False
SESS0003359,CUST00163,2026-03-14,Mobile App,2,13.1,True
SESS0003360,CUST00163,2026-07-27,Website - Mobile Browser,17,1.2,False
SESS0003361,CUST00163,2026-05-21,Website - Desktop,3,25.3,False
SESS0003362,CUST00163,2025-10-11,Website - Desktop,20,20.4,False
SESS0003363,CUST00163,2025-09-08,Mobile App,25,19.4,False
SESS0003364,CUST00164,2026-01-29,Website - Desktop,17,14.6,False
SESS0003365,CUST00164,2026-05-02,Mobile App,12,17.5,False
SESS0003366,CUST00164,2026-08-18,Mobile App,23,22.0,False
SESS0003367,CUST00164,2025-10-13,Mobile App,15,5.5,False
SESS0003368,CUST00164,2026-07-05,Website - Mobile Browser,13,12.2,True
SESS0003369,CUST00164,2026-07-23,Mobile App,7,10.1,False
SESS0003370,CUST00164,2026-07-18,Website - Mobile Browser,1,5.7,False
SESS0003371,CUST00164,2026-01-01,Website - Mobile Browser,20,17.9,False
SESS0003372,CUST00164,2026-01-18,Website - Desktop,25,7.2,False
SESS0003373,CUST00164,2026-03-15,Website - Mobile Browser,7,18.2,False
SESS0003374,CUST00165,2026-05-10,Website - Mobile Browser,11,23.0,True
SESS0003375,CUST00165,2025-10-08,Website - Mobile Browser,5,8.0,False
SESS0003376,CUST00165,2026-07-16,Website - Mobile Browser,3,2.7,False
SESS0003377,CUST00165,2026-07-16,Mobile App,13,28.9,False
SESS0003378,CUST00165,2026-03-27,Mobile App,23,16.1,True
SESS0003379,CUST00165,2026-04-05,Website - Desktop,13,28.8,False
SESS0003380,CUST00165,2026-08-19,Website - Desktop,4,3.6,False
SESS0003381,CUST00165,2025-09-12,Website - Mobile Browser,10,22.0,True
SESS0003382,CUST00165,2026-05-19,Mobile App,1,24.0,False
SESS0003383,CUST00165,2026-01-01,Website - Desktop,13,28.7,True
SESS0003384,CUST00165,2026-02-04,Website - Mobile Browser,23,4.8,False
SESS0003385,CUST00165,2026-01-21,Website - Mobile Browser,9,29.8,False
SESS0003386,CUST00165,2026-02-04,Website - Mobile Browser,15,7.1,False
SESS0003387,CUST00165,2026-06-23,Mobile App,4,1.7,False
SESS0003388,CUST00165,2025-12-09,Website - Mobile Browser,17,16.0,True
SESS0003389,CUST00165,2026-02-14,Website - Mobile Browser,15,7.3,False
SESS0003390,CUST00165,2025-10-14,Website - Desktop,25,27.6,False
SESS0003391,CUST00165,2025-11-01,Mobile App,6,0.6,True
SESS0003392,CUST00165,2026-05-29,Mobile App,20,13.8,True
SESS0003393,CUST00165,2026-07-22,Website - Desktop,5,16.6,False
SESS0003394,CUST00165,2026-07-30,Website - Mobile Browser,3,13.4,False
SESS0003395,CUST00165,2025-09-26,Website - Desktop,20,21.1,False
SESS0003396,CUST00165,2026-07-15,Mobile App,21,12.2,True
SESS0003397,CUST00165,2026-03-28,Website - Mobile Browser,24,22.1,False
SESS0003398,CUST00165,2026-01-07,Mobile App,22,21.4,True
SESS0003399,CUST00165,2026-04-17,Website - Desktop,3,1.5,True
SESS0003400,CUST00165,2026-01-10,Website - Desktop,23,16.4,False
SESS0003401,CUST00165,2026-01-31,Mobile App,5,13.2,True
SESS0003402,CUST00165,2026-02-26,Website - Mobile Browser,2,0.9,False
SESS0003403,CUST00165,2026-03-26,Website - Desktop,5,4.3,False
SESS0003404,CUST00165,2026-08-02,Mobile App,24,19.8,False
SESS0003405,CUST00166,2025-09-30,Website - Mobile Browser,9,20.6,False
SESS0003406,CUST00166,2025-12-12,Website - Mobile Browser,9,6.3,False
SESS0003407,CUST00166,2025-12-27,Mobile App,19,3.9,False
SESS0003408,CUST00166,2026-03-18,Website - Mobile Browser,5,25.6,False
SESS0003409,CUST00166,2026-07-16,Website - Mobile Browser,4,26.2,False
SESS0003410,CUST00166,2026-03-23,Mobile App,4,12.9,False
SESS0003411,CUST00166,2026-06-26,Website - Desktop,20,11.9,False
SESS0003412,CUST00166,2026-01-27,Website - Mobile Browser,22,9.5,False
SESS0003413,CUST00166,2025-12-21,Mobile App,9,11.5,False
SESS0003414,CUST00166,2025-12-19,Mobile App,1,12.0,False
SESS0003415,CUST00166,2025-10-30,Website - Desktop,19,14.2,True
SESS0003416,CUST00166,2025-10-17,Website - Mobile Browser,10,9.1,False
SESS0003417,CUST00167,2026-06-16,Mobile App,4,10.2,False
SESS0003418,CUST00167,2026-05-18,Website - Desktop,14,9.3,False
SESS0003419,CUST00167,2026-08-18,Website - Desktop,23,5.5,True
SESS0003420,CUST00167,2025-11-10,Mobile App,10,3.3,False
SESS0003421,CUST00167,2026-03-01,Website - Desktop,1,19.8,False
SESS0003422,CUST00167,2026-03-22,Website - Desktop,20,17.4,False
SESS0003423,CUST00167,2026-04-05,Mobile App,24,21.7,True
SESS0003424,CUST00167,2025-10-01,Website - Desktop,6,21.4,False
SESS0003425,CUST00167,2025-12-07,Website - Mobile Browser,8,21.0,True
SESS0003426,CUST00167,2025-10-08,Website - Mobile Browser,2,10.1,False
SESS0003427,CUST00167,2025-12-03,Mobile App,15,19.6,False
SESS0003428,CUST00167,2026-02-01,Mobile App,12,27.7,False
SESS0003429,CUST00167,2026-07-11,Website - Mobile Browser,23,9.5,False
SESS0003430,CUST00167,2025-12-08,Mobile App,11,22.5,False
SESS0003431,CUST00167,2026-07-23,Website - Mobile Browser,12,1.9,True
SESS0003432,CUST00167,2026-08-17,Mobile App,11,23.4,False
SESS0003433,CUST00167,2026-05-25,Website - Desktop,17,20.7,False
SESS0003434,CUST00167,2026-07-25,Website - Desktop,15,21.3,False
SESS0003435,CUST00167,2026-04-23,Mobile App,13,1.7,True
SESS0003436,CUST00167,2025-10-16,Website - Desktop,9,16.2,True
SESS0003437,CUST00167,2025-11-09,Mobile App,1,8.0,False
SESS0003438,CUST00167,2026-06-24,Website - Mobile Browser,17,0.7,False
SESS0003439,CUST00167,2026-05-25,Website - Desktop,4,25.2,False
SESS0003440,CUST00167,2025-09-05,Website - Desktop,5,5.8,False
SESS0003441,CUST00167,2026-07-17,Mobile App,12,28.7,False
SESS0003442,CUST00167,2026-08-07,Website - Mobile Browser,25,9.2,False
SESS0003443,CUST00167,2026-03-09,Website - Mobile Browser,6,1.8,False
SESS0003444,CUST00167,2026-06-10,Website - Desktop,19,12.5,False
SESS0003445,CUST00167,2025-08-29,Website - Desktop,20,18.4,False
SESS0003446,CUST00167,2026-06-22,Mobile App,22,6.1,False
SESS0003447,CUST00167,2025-09-05,Website - Mobile Browser,18,7.1,False
SESS0003448,CUST00167,2025-11-08,Website - Desktop,15,12.6,True
SESS0003449,CUST00167,2026-08-01,Website - Desktop,11,23.1,False
SESS0003450,CUST00167,2026-03-20,Mobile App,13,0.5,False
SESS0003451,CUST00167,2026-05-17,Website - Desktop,17,17.3,False
SESS0003452,CUST00168,2026-03-02,Mobile App,12,19.9,False
SESS0003453,CUST00168,2026-06-22,Mobile App,4,23.4,True
SESS0003454,CUST00169,2025-12-11,Website - Mobile Browser,25,11.6,True
SESS0003455,CUST00169,2025-10-05,Website - Mobile Browser,7,8.5,False
SESS0003456,CUST00169,2026-05-08,Website - Mobile Browser,3,4.3,False
SESS0003457,CUST00169,2026-06-27,Website - Mobile Browser,17,17.8,False
SESS0003458,CUST00169,2026-02-02,Mobile App,22,29.7,False
SESS0003459,CUST00169,2026-01-29,Website - Desktop,4,22.3,False
SESS0003460,CUST00169,2025-11-29,Website - Mobile Browser,19,18.3,False
SESS0003461,CUST00169,2026-07-04,Website - Mobile Browser,20,4.2,True
SESS0003462,CUST00169,2026-08-19,Website - Desktop,23,12.1,True
SESS0003463,CUST00169,2026-05-17,Mobile App,7,15.9,False
SESS0003464,CUST00169,2025-10-07,Website - Mobile Browser,17,20.5,False
SESS0003465,CUST00169,2026-01-01,Mobile App,17,11.3,False
SESS0003466,CUST00169,2025-09-24,Website - Mobile Browser,20,15.6,False
SESS0003467,CUST00169,2026-06-08,Mobile App,18,23.3,False
SESS0003468,CUST00169,2026-05-15,Mobile App,19,14.3,False
SESS0003469,CUST00169,2025-12-22,Mobile App,23,27.3,False
SESS0003470,CUST00169,2026-02-25,Website - Mobile Browser,1,14.4,False
SESS0003471,CUST00169,2025-12-04,Website - Desktop,20,17.7,False
SESS0003472,CUST00169,2026-04-11,Website - Mobile Browser,21,24.8,False
SESS0003473,CUST00169,2026-02-27,Website - Desktop,15,20.7,False
SESS0003474,CUST00169,2026-06-02,Website - Desktop,10,8.7,False
SESS0003475,CUST00169,2026-05-08,Mobile App,15,12.4,False
SESS0003476,CUST00169,2025-12-18,Mobile App,24,13.1,False
SESS0003477,CUST00169,2026-07-25,Website - Desktop,10,19.8,False
SESS0003478,CUST00169,2026-01-30,Website - Desktop,12,29.8,True
SESS0003479,CUST00169,2026-07-28,Website - Desktop,1,28.1,False
SESS0003480,CUST00169,2026-06-08,Mobile App,11,17.6,False
SESS0003481,CUST00169,2025-12-19,Mobile App,20,15.7,False
SESS0003482,CUST00169,2026-06-25,Website - Mobile Browser,23,25.9,False
SESS0003483,CUST00169,2026-04-22,Website - Desktop,20,21.3,False
SESS0003484,CUST00169,2026-07-08,Website - Desktop,12,15.4,False
SESS0003485,CUST00169,2025-09-08,Website - Mobile Browser,25,7.1,False
SESS0003486,CUST00169,2026-04-12,Website - Desktop,14,20.1,False
SESS0003487,CUST00170,2026-07-26,Website - Desktop,16,16.0,False
SESS0003488,CUST00170,2026-07-29,Mobile App,10,20.5,False
SESS0003489,CUST00170,2026-08-05,Website - Mobile Browser,7,2.2,False
SESS0003490,CUST00170,2026-08-20,Website - Mobile Browser,4,24.3,False
SESS0003491,CUST00171,2026-04-26,Website - Desktop,4,26.5,False
SESS0003492,CUST00171,2025-11-30,Mobile App,11,19.9,False
SESS0003493,CUST00171,2025-10-20,Mobile App,16,15.5,True
SESS0003494,CUST00171,2026-06-15,Website - Mobile Browser,6,4.9,True
SESS0003495,CUST00171,2026-05-18,Website - Mobile Browser,17,10.0,True
SESS0003496,CUST00171,2025-12-06,Mobile App,14,17.7,False
SESS0003497,CUST00171,2025-11-06,Mobile App,18,10.3,False
SESS0003498,CUST00171,2026-07-08,Website - Mobile Browser,6,7.1,False
SESS0003499,CUST00171,2026-08-04,Mobile App,22,24.1,False
SESS0003500,CUST00171,2026-07-01,Mobile App,15,7.5,False
SESS0003501,CUST00171,2026-05-23,Website - Mobile Browser,11,24.4,False
SESS0003502,CUST00171,2025-08-28,Website - Desktop,5,8.2,False
SESS0003503,CUST00171,2025-09-20,Mobile App,5,29.1,False
SESS0003504,CUST00171,2026-03-15,Website - Desktop,16,2.7,False
SESS0003505,CUST00171,2025-11-10,Website - Mobile Browser,11,26.6,False
SESS0003506,CUST00171,2025-10-30,Website - Mobile Browser,12,9.8,False
SESS0003507,CUST00171,2026-01-24,Website - Desktop,2,27.4,True
SESS0003508,CUST00171,2025-11-29,Mobile App,14,3.8,False
SESS0003509,CUST00171,2026-01-10,Mobile App,14,29.2,False
SESS0003510,CUST00171,2026-03-25,Website - Desktop,19,8.6,False
SESS0003511,CUST00171,2026-04-13,Website - Desktop,4,23.1,True
SESS0003512,CUST00171,2026-02-17,Website - Mobile Browser,8,27.9,False
SESS0003513,CUST00171,2026-04-20,Website - Mobile Browser,5,14.6,False
SESS0003514,CUST00171,2025-10-30,Mobile App,14,10.1,False
SESS0003515,CUST00171,2025-12-13,Website - Desktop,4,27.2,True
SESS0003516,CUST00171,2025-11-18,Mobile App,18,19.6,False
SESS0003517,CUST00171,2025-12-10,Website - Mobile Browser,1,11.3,False
SESS0003518,CUST00171,2026-02-17,Website - Desktop,18,21.0,False
SESS0003519,CUST00171,2026-06-09,Mobile App,9,11.4,False
SESS0003520,CUST00172,2026-03-31,Website - Mobile Browser,11,2.0,False
SESS0003521,CUST00172,2026-03-23,Mobile App,23,10.3,True
SESS0003522,CUST00172,2026-04-21,Website - Desktop,16,23.2,False
SESS0003523,CUST00172,2026-01-20,Website - Mobile Browser,10,27.7,True
SESS0003524,CUST00172,2026-01-24,Website - Mobile Browser,5,14.9,False
SESS0003525,CUST00172,2026-07-24,Mobile App,19,21.8,True
SESS0003526,CUST00172,2026-06-25,Website - Mobile Browser,14,1.5,False
SESS0003527,CUST00172,2026-03-06,Website - Mobile Browser,24,24.8,False
SESS0003528,CUST00172,2026-08-14,Website - Desktop,24,20.0,False
SESS0003529,CUST00172,2026-03-15,Mobile App,14,26.7,False
SESS0003530,CUST00172,2026-06-03,Mobile App,22,5.9,True
SESS0003531,CUST00172,2026-01-25,Website - Desktop,12,28.5,False
SESS0003532,CUST00172,2026-04-17,Website - Desktop,4,14.0,False
SESS0003533,CUST00172,2026-03-14,Website - Desktop,21,28.2,False
SESS0003534,CUST00172,2026-01-24,Website - Mobile Browser,3,28.7,False
SESS0003535,CUST00172,2026-06-11,Mobile App,2,2.1,False
SESS0003536,CUST00172,2026-06-13,Mobile App,9,9.6,True
SESS0003537,CUST00172,2026-06-29,Website - Desktop,20,14.5,True
SESS0003538,CUST00172,2026-04-22,Mobile App,13,5.9,True
SESS0003539,CUST00172,2026-07-06,Website - Mobile Browser,7,20.7,False
SESS0003540,CUST00172,2026-04-23,Mobile App,19,22.2,False
SESS0003541,CUST00173,2026-02-22,Website - Mobile Browser,20,5.1,False
SESS0003542,CUST00173,2025-12-30,Website - Mobile Browser,20,4.8,True
SESS0003543,CUST00173,2026-01-16,Website - Desktop,8,1.2,True
SESS0003544,CUST00173,2026-03-23,Mobile App,14,1.7,True
SESS0003545,CUST00174,2026-08-11,Mobile App,5,15.6,False
SESS0003546,CUST00174,2026-07-31,Website - Desktop,24,8.8,False
SESS0003547,CUST00174,2026-05-21,Mobile App,11,8.9,False
SESS0003548,CUST00174,2026-07-30,Website - Desktop,24,16.5,False
SESS0003549,CUST00174,2026-06-10,Mobile App,18,28.0,True
SESS0003550,CUST00174,2026-06-16,Mobile App,5,5.2,False
SESS0003551,CUST00174,2026-06-23,Website - Mobile Browser,24,22.4,False
SESS0003552,CUST00174,2026-06-28,Mobile App,14,29.3,False
SESS0003553,CUST00174,2026-06-24,Website - Desktop,9,12.8,False
SESS0003554,CUST00174,2026-08-13,Website - Mobile Browser,19,10.1,False
SESS0003555,CUST00174,2026-06-11,Website - Desktop,16,12.5,False
SESS0003556,CUST00174,2026-07-26,Website - Desktop,23,24.7,False
SESS0003557,CUST00174,2026-06-18,Website - Desktop,15,5.1,False
SESS0003558,CUST00174,2026-08-04,Website - Desktop,6,11.2,True
SESS0003559,CUST00174,2026-06-15,Website - Mobile Browser,15,21.0,False
SESS0003560,CUST00174,2026-06-25,Website - Mobile Browser,18,8.2,False
SESS0003561,CUST00174,2026-07-11,Website - Mobile Browser,23,18.4,False
SESS0003562,CUST00174,2026-06-01,Website - Desktop,15,14.0,False
SESS0003563,CUST00174,2026-06-05,Website - Desktop,3,4.7,False
SESS0003564,CUST00174,2026-07-16,Website - Mobile Browser,20,13.9,False
SESS0003565,CUST00174,2026-08-16,Website - Mobile Browser,10,5.1,False
SESS0003566,CUST00174,2026-07-15,Website - Mobile Browser,5,15.6,False
SESS0003567,CUST00174,2026-06-17,Website - Desktop,22,21.7,False
SESS0003568,CUST00174,2026-07-14,Website - Desktop,9,4.0,True
SESS0003569,CUST00174,2026-05-17,Website - Desktop,7,26.0,True
SESS0003570,CUST00174,2026-07-25,Website - Mobile Browser,14,1.5,False
SESS0003571,CUST00174,2026-08-02,Website - Mobile Browser,13,16.5,True
SESS0003572,CUST00174,2026-05-24,Mobile App,3,20.9,False
SESS0003573,CUST00174,2026-07-24,Website - Desktop,13,9.5,False
SESS0003574,CUST00174,2026-08-13,Website - Mobile Browser,12,19.3,True
SESS0003575,CUST00174,2026-07-30,Website - Mobile Browser,17,6.1,True
SESS0003576,CUST00174,2026-07-09,Mobile App,25,23.0,False
SESS0003577,CUST00174,2026-07-19,Website - Mobile Browser,22,11.1,False
SESS0003578,CUST00174,2026-07-05,Website - Mobile Browser,22,8.5,False
SESS0003579,CUST00174,2026-06-20,Mobile App,3,17.5,True
SESS0003580,CUST00175,2025-11-06,Website - Mobile Browser,22,8.2,True
SESS0003581,CUST00175,2025-10-22,Website - Desktop,1,28.0,True
SESS0003582,CUST00175,2026-03-07,Mobile App,23,15.7,False
SESS0003583,CUST00175,2026-07-02,Website - Desktop,16,26.2,True
SESS0003584,CUST00175,2025-11-17,Mobile App,2,14.6,False
SESS0003585,CUST00175,2026-06-11,Website - Mobile Browser,2,14.4,False
SESS0003586,CUST00175,2026-07-20,Website - Desktop,8,7.1,False
SESS0003587,CUST00175,2025-12-24,Website - Mobile Browser,12,22.1,False
SESS0003588,CUST00175,2025-11-12,Website - Desktop,23,5.0,False
SESS0003589,CUST00175,2026-05-18,Website - Desktop,3,20.3,False
SESS0003590,CUST00175,2026-07-31,Mobile App,3,1.5,False
SESS0003591,CUST00175,2025-09-08,Mobile App,2,20.5,True
SESS0003592,CUST00175,2025-09-03,Mobile App,16,16.9,False
SESS0003593,CUST00175,2026-07-31,Website - Mobile Browser,6,0.8,True
SESS0003594,CUST00175,2025-10-02,Website - Desktop,22,9.0,False
SESS0003595,CUST00175,2026-01-17,Website - Mobile Browser,25,27.9,False
SESS0003596,CUST00175,2026-02-17,Website - Mobile Browser,20,5.7,True
SESS0003597,CUST00175,2025-10-22,Website - Mobile Browser,6,18.8,False
SESS0003598,CUST00175,2025-12-13,Website - Desktop,20,23.8,False
SESS0003599,CUST00175,2025-11-17,Website - Mobile Browser,15,20.4,False
SESS0003600,CUST00175,2026-06-01,Website - Desktop,21,7.3,False
SESS0003601,CUST00175,2025-11-24,Website - Desktop,20,26.1,False
SESS0003602,CUST00175,2025-12-03,Website - Mobile Browser,10,8.0,False
SESS0003603,CUST00175,2025-10-10,Website - Desktop,5,11.8,False
SESS0003604,CUST00175,2026-06-05,Website - Mobile Browser,25,22.4,False
SESS0003605,CUST00175,2026-04-19,Mobile App,2,8.8,False
SESS0003606,CUST00175,2025-10-13,Mobile App,12,23.5,True
SESS0003607,CUST00175,2026-05-20,Website - Desktop,2,28.3,False
SESS0003608,CUST00175,2025-12-02,Website - Desktop,3,27.1,False
SESS0003609,CUST00175,2025-09-26,Mobile App,15,28.2,False
SESS0003610,CUST00175,2025-09-22,Mobile App,15,23.8,False
SESS0003611,CUST00175,2026-05-13,Website - Desktop,24,17.4,False
SESS0003612,CUST00175,2026-05-28,Website - Mobile Browser,15,11.7,True
SESS0003613,CUST00175,2026-01-23,Website - Mobile Browser,13,23.1,True
SESS0003614,CUST00175,2025-09-01,Website - Mobile Browser,11,10.6,False
SESS0003615,CUST00175,2026-06-21,Website - Desktop,10,18.2,True
SESS0003616,CUST00175,2026-04-01,Website - Desktop,17,9.3,False
SESS0003617,CUST00175,2025-10-20,Website - Mobile Browser,17,2.8,False
SESS0003618,CUST00175,2026-05-18,Website - Mobile Browser,2,15.7,True
SESS0003619,CUST00176,2026-08-19,Website - Mobile Browser,13,5.5,False
SESS0003620,CUST00176,2026-08-13,Website - Mobile Browser,12,13.6,False
SESS0003621,CUST00176,2026-08-17,Mobile App,19,18.7,False
SESS0003622,CUST00176,2026-08-14,Mobile App,6,8.1,False
SESS0003623,CUST00176,2026-08-14,Website - Desktop,5,29.2,False
SESS0003624,CUST00176,2026-08-16,Mobile App,4,27.1,True
SESS0003625,CUST00176,2026-08-11,Mobile App,23,15.8,False
SESS0003626,CUST00176,2026-08-14,Mobile App,18,7.9,False
SESS0003627,CUST00176,2026-08-13,Website - Mobile Browser,20,16.8,False
SESS0003628,CUST00176,2026-08-13,Website - Desktop,20,7.1,True
SESS0003629,CUST00176,2026-08-18,Mobile App,12,24.9,False
SESS0003630,CUST00176,2026-08-16,Website - Mobile Browser,22,6.7,False
SESS0003631,CUST00176,2026-08-14,Website - Desktop,24,21.0,False
SESS0003632,CUST00176,2026-08-12,Website - Mobile Browser,18,0.7,False
SESS0003633,CUST00176,2026-08-21,Mobile App,5,19.9,False
SESS0003634,CUST00176,2026-08-17,Mobile App,12,18.7,False
SESS0003635,CUST00176,2026-08-16,Website - Mobile Browser,5,0.8,False
SESS0003636,CUST00176,2026-08-20,Website - Desktop,18,24.9,False
SESS0003637,CUST00176,2026-08-16,Website - Mobile Browser,16,27.7,False
SESS0003638,CUST00176,2026-08-13,Mobile App,23,18.5,False
SESS0003639,CUST00176,2026-08-11,Website - Desktop,16,29.2,False
SESS0003640,CUST00177,2026-02-21,Website - Desktop,15,9.5,True
SESS0003641,CUST00177,2026-01-15,Mobile App,19,7.8,False
SESS0003642,CUST00177,2026-01-08,Mobile App,16,21.8,False
SESS0003643,CUST00177,2026-03-11,Website - Mobile Browser,16,29.6,False
SESS0003644,CUST00177,2025-10-04,Mobile App,9,13.2,False
SESS0003645,CUST00177,2025-11-15,Website - Desktop,11,16.3,False
SESS0003646,CUST00177,2026-08-13,Website - Desktop,5,18.8,False
SESS0003647,CUST00177,2026-01-17,Website - Desktop,15,26.0,False
SESS0003648,CUST00177,2025-11-18,Website - Mobile Browser,17,15.8,False
SESS0003649,CUST00177,2026-01-07,Website - Mobile Browser,18,16.0,False
SESS0003650,CUST00177,2026-03-17,Website - Desktop,10,8.7,False
SESS0003651,CUST00177,2026-04-15,Website - Desktop,25,9.2,True
SESS0003652,CUST00177,2025-12-24,Website - Desktop,1,3.9,False
SESS0003653,CUST00177,2026-06-14,Mobile App,24,28.1,False
SESS0003654,CUST00177,2026-08-13,Mobile App,14,29.8,False
SESS0003655,CUST00177,2025-09-30,Website - Mobile Browser,11,28.9,False
SESS0003656,CUST00177,2025-10-26,Website - Mobile Browser,15,10.3,False
SESS0003657,CUST00177,2026-07-04,Website - Mobile Browser,19,6.7,False
SESS0003658,CUST00177,2026-02-19,Mobile App,17,18.3,True
SESS0003659,CUST00177,2025-11-24,Website - Desktop,17,8.9,False
SESS0003660,CUST00177,2025-10-16,Website - Mobile Browser,8,12.9,False
SESS0003661,CUST00177,2026-04-05,Website - Desktop,14,4.0,False
SESS0003662,CUST00177,2026-02-13,Website - Desktop,14,16.9,False
SESS0003663,CUST00177,2026-05-14,Website - Mobile Browser,5,21.2,False
SESS0003664,CUST00177,2026-03-18,Mobile App,15,1.3,False
SESS0003665,CUST00177,2025-11-18,Website - Mobile Browser,9,15.8,False
SESS0003666,CUST00177,2026-05-30,Mobile App,4,11.7,True
SESS0003667,CUST00177,2025-11-25,Mobile App,15,19.3,False
SESS0003668,CUST00177,2025-12-17,Mobile App,2,6.8,False
SESS0003669,CUST00177,2025-12-26,Website - Mobile Browser,6,24.3,False
SESS0003670,CUST00177,2025-10-20,Website - Mobile Browser,25,27.3,True
SESS0003671,CUST00177,2025-12-20,Website - Desktop,21,19.6,False
SESS0003672,CUST00177,2026-03-18,Website - Desktop,12,12.8,False
SESS0003673,CUST00177,2026-01-20,Mobile App,5,19.0,True
SESS0003674,CUST00179,2025-08-29,Website - Mobile Browser,6,16.9,False
SESS0003675,CUST00179,2026-05-02,Mobile App,13,12.8,False
SESS0003676,CUST00179,2026-05-25,Website - Desktop,12,18.9,False
SESS0003677,CUST00179,2026-06-09,Website - Mobile Browser,13,11.6,False
SESS0003678,CUST00179,2026-03-11,Website - Desktop,23,25.1,True
SESS0003679,CUST00179,2025-12-17,Mobile App,6,19.0,False
SESS0003680,CUST00179,2026-04-18,Website - Mobile Browser,6,10.5,True
SESS0003681,CUST00179,2025-12-20,Mobile App,22,15.9,False
SESS0003682,CUST00179,2026-05-09,Website - Desktop,19,1.7,False
SESS0003683,CUST00179,2026-02-28,Website - Mobile Browser,9,12.0,False
SESS0003684,CUST00179,2026-07-02,Website - Mobile Browser,17,23.0,True
SESS0003685,CUST00179,2026-08-19,Website - Mobile Browser,6,29.8,False
SESS0003686,CUST00179,2025-09-25,Website - Desktop,15,26.6,False
SESS0003687,CUST00179,2025-10-03,Mobile App,8,2.8,False
SESS0003688,CUST00179,2026-05-05,Website - Mobile Browser,6,24.5,False
SESS0003689,CUST00179,2026-01-09,Website - Desktop,3,23.9,False
SESS0003690,CUST00179,2026-05-26,Mobile App,7,22.5,False
SESS0003691,CUST00179,2025-10-24,Mobile App,14,28.4,False
SESS0003692,CUST00179,2026-05-23,Website - Desktop,5,23.7,False
SESS0003693,CUST00179,2025-10-25,Website - Mobile Browser,16,16.6,True
SESS0003694,CUST00179,2026-01-31,Website - Mobile Browser,23,20.1,False
SESS0003695,CUST00179,2026-08-11,Website - Desktop,5,16.1,False
SESS0003696,CUST00179,2025-09-10,Mobile App,24,7.7,True
SESS0003697,CUST00179,2026-01-26,Website - Desktop,15,17.1,False
SESS0003698,CUST00179,2025-10-27,Website - Desktop,3,28.7,True
SESS0003699,CUST00179,2026-06-12,Mobile App,22,16.3,False
SESS0003700,CUST00179,2026-02-18,Website - Desktop,21,19.2,False
SESS0003701,CUST00179,2026-05-23,Website - Mobile Browser,23,11.4,False
SESS0003702,CUST00179,2026-03-11,Website - Desktop,6,6.2,False
SESS0003703,CUST00179,2026-01-17,Website - Desktop,16,19.5,False
SESS0003704,CUST00179,2025-12-11,Mobile App,9,10.3,False
SESS0003705,CUST00180,2026-01-31,Website - Mobile Browser,19,14.4,True
SESS0003706,CUST00180,2025-12-12,Mobile App,25,14.1,False
SESS0003707,CUST00180,2026-07-25,Website - Mobile Browser,5,5.5,False
SESS0003708,CUST00180,2026-04-28,Website - Desktop,1,9.7,True
SESS0003709,CUST00180,2026-03-04,Website - Desktop,2,23.0,False
SESS0003710,CUST00180,2026-04-06,Website - Desktop,11,10.5,False
SESS0003711,CUST00180,2026-01-09,Website - Mobile Browser,20,21.9,False
SESS0003712,CUST00180,2026-04-18,Mobile App,19,24.0,False
SESS0003713,CUST00180,2025-10-18,Website - Desktop,21,1.6,True
SESS0003714,CUST00180,2026-03-04,Website - Desktop,16,29.1,False
SESS0003715,CUST00180,2025-11-10,Mobile App,12,23.8,False
SESS0003716,CUST00180,2026-04-05,Website - Desktop,13,26.1,False
SESS0003717,CUST00180,2026-05-11,Website - Mobile Browser,13,25.3,False
SESS0003718,CUST00180,2026-03-02,Website - Desktop,13,18.5,False
SESS0003719,CUST00180,2025-11-26,Website - Desktop,17,20.3,False
SESS0003720,CUST00180,2026-02-10,Website - Mobile Browser,22,13.2,False
SESS0003721,CUST00180,2026-07-30,Mobile App,6,21.5,False
SESS0003722,CUST00180,2026-07-26,Mobile App,23,5.3,False
SESS0003723,CUST00180,2026-05-13,Website - Desktop,12,16.3,False
SESS0003724,CUST00180,2026-06-30,Website - Desktop,1,0.8,False
SESS0003725,CUST00180,2025-10-16,Mobile App,8,20.5,False
SESS0003726,CUST00180,2026-03-04,Website - Desktop,19,25.3,False
SESS0003727,CUST00181,2026-06-21,Mobile App,14,8.6,False
SESS0003728,CUST00181,2025-08-30,Mobile App,21,16.9,False
SESS0003729,CUST00181,2026-01-23,Mobile App,3,4.3,False
SESS0003730,CUST00181,2025-10-20,Mobile App,8,17.5,True
SESS0003731,CUST00181,2025-09-20,Mobile App,8,21.8,False
SESS0003732,CUST00181,2026-08-13,Mobile App,25,11.6,False
SESS0003733,CUST00181,2025-12-17,Mobile App,12,13.0,False
SESS0003734,CUST00181,2025-11-02,Website - Desktop,18,23.4,True
SESS0003735,CUST00181,2026-05-03,Website - Mobile Browser,22,1.0,True
SESS0003736,CUST00181,2026-03-08,Mobile App,7,14.0,False
SESS0003737,CUST00181,2025-12-24,Mobile App,11,12.4,True
SESS0003738,CUST00181,2025-09-17,Website - Mobile Browser,21,13.8,True
SESS0003739,CUST00181,2026-02-11,Website - Desktop,3,29.9,False
SESS0003740,CUST00181,2025-10-22,Website - Desktop,20,13.2,False
SESS0003741,CUST00181,2025-12-31,Website - Desktop,23,27.5,False
SESS0003742,CUST00181,2026-03-16,Website - Desktop,12,28.8,False
SESS0003743,CUST00181,2025-11-16,Website - Desktop,20,17.3,False
SESS0003744,CUST00182,2026-04-10,Website - Desktop,11,26.9,False
SESS0003745,CUST00183,2026-07-27,Website - Desktop,5,17.1,False
SESS0003746,CUST00183,2025-12-03,Website - Desktop,4,9.4,False
SESS0003747,CUST00183,2026-06-18,Website - Desktop,3,17.0,False
SESS0003748,CUST00183,2026-07-05,Mobile App,23,9.7,False
SESS0003749,CUST00183,2026-03-25,Website - Mobile Browser,12,4.7,False
SESS0003750,CUST00183,2025-12-15,Website - Desktop,22,23.3,False
SESS0003751,CUST00183,2026-04-08,Website - Mobile Browser,6,23.4,True
SESS0003752,CUST00183,2026-01-19,Website - Mobile Browser,11,3.3,True
SESS0003753,CUST00183,2025-11-26,Website - Mobile Browser,23,6.0,False
SESS0003754,CUST00183,2026-03-09,Website - Desktop,16,9.2,False
SESS0003755,CUST00183,2026-04-21,Mobile App,2,24.2,True
SESS0003756,CUST00183,2025-09-23,Website - Mobile Browser,5,14.5,False
SESS0003757,CUST00183,2025-10-20,Website - Mobile Browser,9,14.2,True
SESS0003758,CUST00183,2026-05-17,Website - Mobile Browser,25,16.6,False
SESS0003759,CUST00183,2025-12-05,Mobile App,7,24.8,False
SESS0003760,CUST00183,2025-11-29,Mobile App,6,21.8,True
SESS0003761,CUST00183,2025-10-02,Mobile App,24,29.8,False
SESS0003762,CUST00183,2026-06-09,Website - Desktop,1,22.2,True
SESS0003763,CUST00183,2026-03-26,Mobile App,25,13.4,False
SESS0003764,CUST00183,2026-05-29,Mobile App,19,7.9,True
SESS0003765,CUST00183,2025-12-23,Website - Mobile Browser,3,24.8,False
SESS0003766,CUST00183,2026-05-31,Website - Desktop,23,25.0,True
SESS0003767,CUST00183,2026-03-28,Website - Desktop,19,9.9,False
SESS0003768,CUST00183,2025-12-04,Website - Mobile Browser,1,8.8,False
SESS0003769,CUST00183,2026-06-13,Website - Mobile Browser,9,3.1,False
SESS0003770,CUST00183,2026-07-06,Website - Mobile Browser,8,27.2,False
SESS0003771,CUST00183,2026-04-24,Website - Desktop,1,3.0,False
SESS0003772,CUST00183,2026-02-13,Mobile App,4,6.5,False
SESS0003773,CUST00183,2025-10-26,Website - Mobile Browser,8,8.2,False
SESS0003774,CUST00183,2026-06-05,Website - Desktop,16,2.5,True
SESS0003775,CUST00183,2026-08-18,Website - Mobile Browser,20,13.3,True
SESS0003776,CUST00183,2025-09-28,Website - Desktop,14,16.6,True
SESS0003777,CUST00183,2026-06-12,Website - Desktop,8,9.1,True
SESS0003778,CUST00183,2025-10-18,Mobile App,5,1.3,True
SESS0003779,CUST00183,2025-10-25,Mobile App,23,21.4,False
SESS0003780,CUST00183,2026-07-07,Mobile App,2,3.2,False
SESS0003781,CUST00183,2025-12-21,Website - Desktop,18,1.5,False
SESS0003782,CUST00183,2026-07-15,Website - Mobile Browser,2,16.9,False
SESS0003783,CUST00183,2025-09-14,Website - Mobile Browser,3,17.6,False
SESS0003784,CUST00183,2026-02-27,Website - Desktop,12,5.2,True
SESS0003785,CUST00184,2026-02-01,Mobile App,22,17.5,False
SESS0003786,CUST00184,2026-04-23,Website - Mobile Browser,5,2.6,True
SESS0003787,CUST00184,2025-12-22,Website - Desktop,13,28.9,False
SESS0003788,CUST00184,2026-02-23,Website - Mobile Browser,7,3.3,False
SESS0003789,CUST00184,2025-10-08,Mobile App,25,13.2,False
SESS0003790,CUST00184,2026-03-16,Website - Desktop,16,2.1,False
SESS0003791,CUST00184,2026-01-09,Website - Mobile Browser,23,29.7,False
SESS0003792,CUST00184,2026-01-12,Mobile App,1,25.8,True
SESS0003793,CUST00184,2026-02-13,Website - Mobile Browser,19,3.2,True
SESS0003794,CUST00184,2025-12-17,Website - Mobile Browser,25,14.6,True
SESS0003795,CUST00184,2026-03-02,Mobile App,4,7.6,True
SESS0003796,CUST00184,2026-03-06,Mobile App,1,23.0,False
SESS0003797,CUST00184,2026-07-10,Website - Desktop,9,18.0,False
SESS0003798,CUST00184,2026-06-26,Website - Desktop,3,8.1,False
SESS0003799,CUST00184,2026-08-05,Website - Desktop,12,2.2,False
SESS0003800,CUST00184,2026-08-02,Website - Desktop,12,22.7,True
SESS0003801,CUST00184,2026-06-23,Website - Mobile Browser,21,14.0,False
SESS0003802,CUST00184,2026-05-10,Website - Desktop,25,22.5,True
SESS0003803,CUST00184,2026-06-25,Mobile App,7,20.0,False
SESS0003804,CUST00184,2026-03-16,Website - Mobile Browser,24,2.8,False
SESS0003805,CUST00184,2026-02-19,Website - Mobile Browser,24,29.3,True
SESS0003806,CUST00184,2026-06-07,Website - Mobile Browser,25,13.5,False
SESS0003807,CUST00184,2026-04-30,Mobile App,7,22.9,False
SESS0003808,CUST00184,2026-03-15,Website - Desktop,25,6.6,False
SESS0003809,CUST00184,2026-01-30,Website - Desktop,1,0.9,False
SESS0003810,CUST00184,2025-12-30,Website - Desktop,13,27.5,False
SESS0003811,CUST00184,2025-09-05,Website - Desktop,13,20.7,False
SESS0003812,CUST00184,2026-01-05,Website - Mobile Browser,5,29.6,False
SESS0003813,CUST00184,2026-02-10,Website - Mobile Browser,15,2.2,False
SESS0003814,CUST00184,2026-04-25,Website - Mobile Browser,22,9.9,False
SESS0003815,CUST00184,2026-05-16,Mobile App,19,15.1,False
SESS0003816,CUST00184,2025-11-11,Website - Desktop,21,1.9,False
SESS0003817,CUST00184,2026-03-16,Mobile App,6,6.9,True
SESS0003818,CUST00184,2026-08-21,Mobile App,25,12.5,False
SESS0003819,CUST00184,2026-07-31,Website - Desktop,10,8.9,False
SESS0003820,CUST00184,2026-01-11,Website - Mobile Browser,17,16.8,False
SESS0003821,CUST00185,2026-03-05,Mobile App,15,10.4,False
SESS0003822,CUST00185,2026-07-01,Website - Mobile Browser,16,6.0,False
SESS0003823,CUST00185,2026-01-30,Website - Desktop,18,25.2,True
SESS0003824,CUST00185,2026-04-29,Website - Desktop,18,28.4,False
SESS0003825,CUST00185,2026-05-16,Website - Desktop,11,30.0,True
SESS0003826,CUST00185,2026-01-29,Website - Mobile Browser,25,3.9,False
SESS0003827,CUST00185,2026-04-01,Website - Desktop,1,28.9,False
SESS0003828,CUST00185,2026-02-16,Website - Mobile Browser,6,23.5,False
SESS0003829,CUST00185,2026-04-13,Website - Desktop,18,17.0,True
SESS0003830,CUST00185,2026-03-21,Website - Mobile Browser,16,6.3,False
SESS0003831,CUST00186,2026-07-24,Mobile App,5,28.6,False
SESS0003832,CUST00186,2026-04-02,Mobile App,9,21.0,False
SESS0003833,CUST00186,2025-09-08,Website - Desktop,12,15.8,False
SESS0003834,CUST00186,2025-12-03,Website - Desktop,17,13.2,False
SESS0003835,CUST00186,2026-02-15,Website - Mobile Browser,9,3.4,False
SESS0003836,CUST00186,2025-09-11,Mobile App,5,1.6,False
SESS0003837,CUST00186,2026-05-04,Website - Desktop,11,10.7,True
SESS0003838,CUST00186,2025-11-26,Website - Desktop,16,12.3,True
SESS0003839,CUST00186,2026-04-09,Website - Desktop,17,9.4,False
SESS0003840,CUST00186,2026-08-11,Mobile App,24,23.4,False
SESS0003841,CUST00186,2026-06-19,Mobile App,12,13.5,False
SESS0003842,CUST00186,2026-07-03,Website - Mobile Browser,10,21.5,False
SESS0003843,CUST00186,2026-07-26,Mobile App,3,12.7,False
SESS0003844,CUST00186,2026-08-21,Mobile App,10,11.9,True
SESS0003845,CUST00186,2026-04-11,Mobile App,13,2.7,False
SESS0003846,CUST00186,2026-02-19,Mobile App,13,22.6,True
SESS0003847,CUST00186,2026-02-13,Website - Desktop,11,10.5,False
SESS0003848,CUST00186,2026-07-07,Website - Desktop,12,27.3,True
SESS0003849,CUST00186,2026-05-24,Website - Desktop,17,29.1,False
SESS0003850,CUST00186,2026-06-13,Website - Desktop,25,29.1,False
SESS0003851,CUST00186,2025-09-09,Website - Desktop,15,3.1,False
SESS0003852,CUST00186,2025-09-06,Mobile App,7,9.1,False
SESS0003853,CUST00186,2026-07-14,Website - Desktop,21,20.7,False
SESS0003854,CUST00186,2025-10-21,Website - Desktop,19,10.9,False
SESS0003855,CUST00186,2026-05-19,Website - Desktop,1,0.8,False
SESS0003856,CUST00186,2026-07-06,Mobile App,3,18.2,False
SESS0003857,CUST00186,2025-10-13,Mobile App,5,15.1,True
SESS0003858,CUST00186,2026-01-25,Mobile App,17,11.6,False
SESS0003859,CUST00186,2026-06-27,Website - Desktop,22,4.2,True
SESS0003860,CUST00186,2025-09-16,Website - Mobile Browser,25,13.6,False
SESS0003861,CUST00186,2026-04-13,Mobile App,13,24.0,False
SESS0003862,CUST00186,2025-09-18,Website - Desktop,22,23.7,True
SESS0003863,CUST00186,2025-10-01,Website - Mobile Browser,11,25.2,False
SESS0003864,CUST00186,2026-03-10,Mobile App,19,6.2,True
SESS0003865,CUST00186,2026-08-16,Website - Mobile Browser,20,17.4,False
SESS0003866,CUST00186,2025-11-04,Website - Desktop,2,16.5,True
SESS0003867,CUST00186,2026-04-05,Website - Desktop,23,23.8,False
SESS0003868,CUST00186,2025-09-02,Mobile App,8,8.6,False
SESS0003869,CUST00186,2026-06-24,Website - Desktop,18,8.5,False
SESS0003870,CUST00186,2026-06-28,Website - Desktop,15,1.5,False
SESS0003871,CUST00187,2025-12-18,Website - Desktop,19,10.3,False
SESS0003872,CUST00187,2026-05-09,Website - Desktop,23,4.2,False
SESS0003873,CUST00187,2026-07-19,Website - Mobile Browser,12,8.0,False
SESS0003874,CUST00187,2026-03-26,Website - Desktop,14,17.5,False
SESS0003875,CUST00187,2026-08-01,Mobile App,24,22.7,False
SESS0003876,CUST00187,2026-02-28,Website - Mobile Browser,23,29.1,False
SESS0003877,CUST00187,2026-07-31,Mobile App,16,10.6,False
SESS0003878,CUST00187,2026-01-19,Mobile App,4,12.7,False
SESS0003879,CUST00187,2026-06-24,Website - Mobile Browser,3,19.6,False
SESS0003880,CUST00187,2026-04-25,Website - Desktop,10,14.1,False
SESS0003881,CUST00187,2025-09-19,Website - Desktop,23,22.7,False
SESS0003882,CUST00188,2026-06-20,Website - Desktop,22,4.0,False
SESS0003883,CUST00188,2026-02-23,Mobile App,18,7.2,True
SESS0003884,CUST00188,2026-05-16,Website - Desktop,24,15.7,False
SESS0003885,CUST00188,2025-09-26,Mobile App,22,28.7,False
SESS0003886,CUST00188,2026-02-02,Mobile App,3,13.6,False
SESS0003887,CUST00188,2025-12-04,Mobile App,5,20.7,False
SESS0003888,CUST00188,2025-11-06,Website - Mobile Browser,21,10.5,False
SESS0003889,CUST00188,2026-02-24,Mobile App,24,22.3,True
SESS0003890,CUST00188,2025-10-28,Website - Desktop,25,28.4,False
SESS0003891,CUST00188,2026-05-22,Website - Mobile Browser,10,3.2,False
SESS0003892,CUST00188,2026-06-24,Website - Desktop,6,19.0,False
SESS0003893,CUST00188,2025-08-28,Mobile App,11,21.6,False
SESS0003894,CUST00188,2025-12-03,Website - Mobile Browser,7,19.4,False
SESS0003895,CUST00188,2025-12-31,Website - Mobile Browser,18,24.4,False
SESS0003896,CUST00189,2026-07-05,Website - Mobile Browser,16,17.4,False
SESS0003897,CUST00189,2026-07-21,Website - Mobile Browser,7,1.9,True
SESS0003898,CUST00189,2026-07-31,Website - Desktop,13,8.6,False
SESS0003899,CUST00189,2026-07-21,Website - Mobile Browser,16,3.3,True
SESS0003900,CUST00189,2026-07-14,Website - Mobile Browser,18,4.3,False
SESS0003901,CUST00189,2026-06-19,Mobile App,17,26.0,False
SESS0003902,CUST00189,2026-06-17,Mobile App,22,26.8,False
SESS0003903,CUST00189,2026-08-02,Website - Desktop,3,28.0,False
SESS0003904,CUST00189,2026-06-24,Website - Desktop,24,17.5,True
SESS0003905,CUST00189,2026-07-23,Website - Desktop,4,2.7,False
SESS0003906,CUST00189,2026-08-19,Website - Desktop,9,11.8,False
SESS0003907,CUST00189,2026-08-05,Mobile App,19,25.8,False
SESS0003908,CUST00189,2026-08-06,Website - Mobile Browser,15,11.2,False
SESS0003909,CUST00189,2026-06-26,Website - Mobile Browser,25,9.4,False
SESS0003910,CUST00189,2026-07-07,Mobile App,24,24.5,False
SESS0003911,CUST00189,2026-06-16,Website - Mobile Browser,21,23.1,False
SESS0003912,CUST00189,2026-08-02,Mobile App,8,15.2,False
SESS0003913,CUST00189,2026-06-28,Website - Desktop,10,17.0,False
SESS0003914,CUST00189,2026-08-10,Website - Mobile Browser,16,14.0,True
SESS0003915,CUST00189,2026-07-27,Website - Mobile Browser,18,26.7,False
SESS0003916,CUST00189,2026-08-14,Website - Desktop,8,5.6,False
SESS0003917,CUST00189,2026-06-24,Mobile App,3,22.7,False
SESS0003918,CUST00189,2026-08-04,Website - Mobile Browser,1,16.7,True
SESS0003919,CUST00189,2026-06-20,Mobile App,13,14.8,False
SESS0003920,CUST00189,2026-06-14,Mobile App,20,12.6,False
SESS0003921,CUST00190,2026-05-08,Mobile App,18,13.2,False
SESS0003922,CUST00191,2025-10-30,Website - Mobile Browser,7,25.0,False
SESS0003923,CUST00191,2025-10-16,Website - Desktop,15,2.4,False
SESS0003924,CUST00191,2025-12-18,Website - Mobile Browser,17,4.4,True
SESS0003925,CUST00191,2025-11-16,Website - Mobile Browser,1,25.0,True
SESS0003926,CUST00191,2025-11-02,Website - Mobile Browser,16,0.8,False
SESS0003927,CUST00191,2026-07-11,Website - Mobile Browser,1,13.7,False
SESS0003928,CUST00191,2025-10-29,Website - Desktop,17,23.4,False
SESS0003929,CUST00191,2025-12-11,Website - Mobile Browser,25,22.1,False
SESS0003930,CUST00191,2026-05-05,Website - Mobile Browser,25,13.3,False
SESS0003931,CUST00191,2025-11-30,Website - Mobile Browser,8,5.3,False
SESS0003932,CUST00191,2026-02-19,Website - Mobile Browser,2,17.3,False
SESS0003933,CUST00191,2026-03-23,Website - Mobile Browser,8,8.6,False
SESS0003934,CUST00191,2025-12-30,Mobile App,22,21.0,False
SESS0003935,CUST00192,2026-04-15,Website - Mobile Browser,15,26.0,False
SESS0003936,CUST00192,2026-02-04,Mobile App,20,12.6,True
SESS0003937,CUST00192,2026-04-11,Website - Desktop,10,20.4,False
SESS0003938,CUST00192,2026-06-22,Website - Desktop,13,9.8,True
SESS0003939,CUST00192,2025-09-09,Website - Desktop,13,11.1,False
SESS0003940,CUST00192,2026-06-23,Website - Mobile Browser,17,5.2,True
SESS0003941,CUST00192,2026-01-12,Website - Mobile Browser,9,15.2,False
SESS0003942,CUST00192,2026-03-08,Mobile App,2,6.2,False
SESS0003943,CUST00192,2025-11-10,Mobile App,25,4.9,True
SESS0003944,CUST00192,2026-05-06,Mobile App,13,18.5,False
SESS0003945,CUST00192,2025-12-29,Mobile App,7,4.2,False
SESS0003946,CUST00192,2026-06-14,Website - Mobile Browser,9,10.7,False
SESS0003947,CUST00192,2026-06-09,Website - Desktop,15,7.1,True
SESS0003948,CUST00192,2025-11-09,Website - Mobile Browser,25,1.5,False
SESS0003949,CUST00192,2026-05-05,Website - Desktop,25,22.9,False
SESS0003950,CUST00192,2026-02-24,Mobile App,11,3.1,False
SESS0003951,CUST00192,2026-06-21,Mobile App,21,4.9,False
SESS0003952,CUST00192,2026-06-08,Website - Mobile Browser,16,11.4,True
SESS0003953,CUST00192,2025-09-28,Website - Mobile Browser,18,6.4,False
SESS0003954,CUST00193,2026-06-01,Website - Mobile Browser,1,2.3,False
SESS0003955,CUST00193,2025-11-27,Mobile App,13,21.8,False
SESS0003956,CUST00193,2026-02-11,Website - Mobile Browser,7,6.2,False
SESS0003957,CUST00193,2025-09-07,Mobile App,7,29.8,True
SESS0003958,CUST00193,2025-10-07,Website - Mobile Browser,12,21.1,True
SESS0003959,CUST00193,2026-04-20,Website - Mobile Browser,8,14.2,False
SESS0003960,CUST00193,2025-11-02,Mobile App,16,20.4,True
SESS0003961,CUST00193,2025-10-16,Website - Mobile Browser,7,3.5,False
SESS0003962,CUST00193,2026-03-26,Mobile App,23,14.4,False
SESS0003963,CUST00193,2026-01-08,Website - Mobile Browser,23,26.6,True
SESS0003964,CUST00193,2026-01-10,Website - Mobile Browser,19,9.7,False
SESS0003965,CUST00193,2026-03-26,Website - Desktop,2,6.5,False
SESS0003966,CUST00193,2025-09-08,Website - Desktop,7,6.1,False
SESS0003967,CUST00193,2026-05-06,Mobile App,22,4.2,False
SESS0003968,CUST00193,2026-04-10,Website - Mobile Browser,7,16.2,False
SESS0003969,CUST00193,2026-07-05,Website - Mobile Browser,25,29.1,True
SESS0003970,CUST00193,2025-08-29,Website - Mobile Browser,16,26.8,False
SESS0003971,CUST00193,2026-01-25,Mobile App,9,14.2,False
SESS0003972,CUST00193,2025-12-25,Website - Mobile Browser,17,24.1,False
SESS0003973,CUST00193,2026-04-17,Website - Desktop,25,28.1,False
SESS0003974,CUST00193,2025-10-02,Website - Desktop,14,17.4,False
SESS0003975,CUST00193,2026-07-21,Mobile App,21,19.0,False
SESS0003976,CUST00193,2025-12-15,Website - Mobile Browser,12,9.6,False
SESS0003977,CUST00193,2026-02-11,Website - Mobile Browser,5,3.3,False
SESS0003978,CUST00193,2025-11-02,Website - Mobile Browser,18,23.9,False
SESS0003979,CUST00193,2025-09-03,Website - Mobile Browser,6,13.3,True
SESS0003980,CUST00193,2026-06-14,Mobile App,23,4.8,False
SESS0003981,CUST00193,2026-02-07,Mobile App,21,29.1,False
SESS0003982,CUST00193,2026-03-22,Website - Desktop,17,16.1,False
SESS0003983,CUST00193,2026-01-30,Website - Desktop,24,28.9,False
SESS0003984,CUST00193,2026-01-17,Website - Mobile Browser,7,19.3,False
SESS0003985,CUST00193,2026-06-23,Mobile App,20,14.0,False
SESS0003986,CUST00193,2025-11-25,Website - Desktop,22,20.3,False
SESS0003987,CUST00193,2026-01-08,Website - Mobile Browser,7,2.9,False
SESS0003988,CUST00193,2025-12-26,Mobile App,6,3.3,False
SESS0003989,CUST00193,2026-04-28,Website - Mobile Browser,22,12.9,False
SESS0003990,CUST00194,2025-12-13,Mobile App,22,20.7,True
SESS0003991,CUST00194,2026-08-11,Website - Desktop,1,12.2,False
SESS0003992,CUST00194,2026-07-08,Website - Mobile Browser,21,16.0,False
SESS0003993,CUST00194,2026-05-28,Mobile App,13,19.6,False
SESS0003994,CUST00194,2026-07-17,Website - Desktop,16,12.8,True
SESS0003995,CUST00194,2026-02-25,Website - Desktop,19,17.5,False
SESS0003996,CUST00194,2026-01-25,Mobile App,5,17.0,False
SESS0003997,CUST00194,2026-06-01,Website - Mobile Browser,3,26.8,True
SESS0003998,CUST00194,2026-08-05,Website - Mobile Browser,11,6.0,True
SESS0003999,CUST00194,2026-01-18,Website - Desktop,13,5.5,True
SESS0004000,CUST00194,2025-09-06,Website - Desktop,19,22.9,False
SESS0004001,CUST00194,2026-02-27,Website - Mobile Browser,15,9.2,False
SESS0004002,CUST00194,2026-07-25,Website - Desktop,8,18.1,False
SESS0004003,CUST00194,2026-07-12,Website - Desktop,20,9.0,True
SESS0004004,CUST00194,2026-08-09,Website - Mobile Browser,12,10.0,False
SESS0004005,CUST00194,2026-08-01,Website - Desktop,12,13.3,False
SESS0004006,CUST00194,2025-11-06,Website - Desktop,7,2.7,True
SESS0004007,CUST00194,2026-08-12,Website - Desktop,7,1.4,True
SESS0004008,CUST00194,2026-05-24,Mobile App,1,20.0,False
SESS0004009,CUST00194,2025-10-12,Website - Desktop,7,11.7,False
SESS0004010,CUST00194,2025-12-24,Website - Mobile Browser,24,29.2,False
SESS0004011,CUST00194,2026-08-07,Website - Desktop,22,23.9,True
SESS0004012,CUST00194,2026-08-11,Website - Mobile Browser,6,5.5,False
SESS0004013,CUST00195,2025-12-16,Website - Mobile Browser,15,8.4,True
SESS0004014,CUST00195,2026-05-29,Mobile App,14,20.2,True
SESS0004015,CUST00195,2026-06-11,Mobile App,19,4.2,False
SESS0004016,CUST00195,2026-02-08,Website - Desktop,18,15.8,False
SESS0004017,CUST00195,2025-10-25,Website - Mobile Browser,1,22.6,True
SESS0004018,CUST00195,2025-08-27,Website - Mobile Browser,5,12.7,False
SESS0004019,CUST00195,2025-10-19,Website - Desktop,25,23.2,False
SESS0004020,CUST00195,2026-07-10,Website - Mobile Browser,23,6.3,False
SESS0004021,CUST00195,2025-12-13,Website - Desktop,20,11.2,False
SESS0004022,CUST00195,2025-09-24,Mobile App,16,29.8,False
SESS0004023,CUST00195,2025-11-20,Website - Mobile Browser,22,1.2,True
SESS0004024,CUST00195,2025-11-08,Mobile App,14,9.1,False
SESS0004025,CUST00195,2025-09-28,Website - Mobile Browser,22,20.0,False
SESS0004026,CUST00195,2025-11-23,Website - Mobile Browser,4,0.9,False
SESS0004027,CUST00195,2026-04-30,Website - Desktop,8,21.6,False
SESS0004028,CUST00195,2026-06-27,Website - Mobile Browser,10,8.0,False
SESS0004029,CUST00195,2026-01-08,Mobile App,23,28.8,False
SESS0004030,CUST00195,2026-02-14,Website - Desktop,25,16.7,True
SESS0004031,CUST00196,2026-04-07,Mobile App,17,28.3,True
SESS0004032,CUST00196,2026-05-03,Website - Desktop,13,13.4,False
SESS0004033,CUST00196,2026-06-17,Mobile App,18,6.1,False
SESS0004034,CUST00196,2026-06-20,Website - Desktop,24,13.8,True
SESS0004035,CUST00196,2026-08-03,Website - Mobile Browser,25,16.4,False
SESS0004036,CUST00196,2026-06-13,Website - Desktop,9,7.7,False
SESS0004037,CUST00196,2026-07-17,Mobile App,20,24.7,False
SESS0004038,CUST00196,2026-06-21,Website - Mobile Browser,7,15.3,False
SESS0004039,CUST00196,2026-07-03,Website - Mobile Browser,11,2.2,False
SESS0004040,CUST00196,2026-02-14,Website - Mobile Browser,19,19.5,False
SESS0004041,CUST00196,2026-02-20,Website - Desktop,9,12.1,False
SESS0004042,CUST00196,2026-07-03,Website - Mobile Browser,6,8.3,False
SESS0004043,CUST00196,2026-02-21,Mobile App,12,7.9,False
SESS0004044,CUST00196,2026-07-05,Website - Desktop,6,29.9,True
SESS0004045,CUST00196,2026-07-31,Mobile App,22,11.0,True
SESS0004046,CUST00196,2026-07-15,Mobile App,17,13.8,True
SESS0004047,CUST00196,2026-06-26,Website - Mobile Browser,2,6.7,False
SESS0004048,CUST00196,2026-04-23,Website - Desktop,20,9.1,False
SESS0004049,CUST00196,2026-04-17,Website - Desktop,19,24.2,True
SESS0004050,CUST00196,2026-02-08,Website - Desktop,9,13.5,False
SESS0004051,CUST00197,2026-02-18,Mobile App,22,22.4,True
SESS0004052,CUST00197,2026-05-20,Mobile App,6,5.7,False
SESS0004053,CUST00197,2026-03-26,Mobile App,25,7.5,False
SESS0004054,CUST00197,2025-11-14,Website - Mobile Browser,13,21.1,False
SESS0004055,CUST00197,2026-04-03,Website - Mobile Browser,14,21.4,False
SESS0004056,CUST00197,2026-05-30,Website - Mobile Browser,3,19.3,False
SESS0004057,CUST00197,2026-01-06,Mobile App,2,23.7,False
SESS0004058,CUST00197,2025-12-27,Website - Desktop,17,18.3,True
SESS0004059,CUST00197,2026-06-19,Website - Desktop,5,25.4,False
SESS0004060,CUST00197,2026-04-03,Website - Mobile Browser,22,12.3,True
SESS0004061,CUST00197,2026-05-24,Mobile App,17,9.8,False
SESS0004062,CUST00197,2026-07-22,Mobile App,6,17.8,False
SESS0004063,CUST00197,2026-04-16,Website - Desktop,7,23.8,True
SESS0004064,CUST00197,2025-10-15,Mobile App,3,5.9,False
SESS0004065,CUST00197,2025-11-02,Website - Desktop,15,3.3,False
SESS0004066,CUST00197,2025-11-11,Website - Desktop,18,2.1,False
SESS0004067,CUST00197,2026-01-30,Website - Mobile Browser,3,18.1,False
SESS0004068,CUST00197,2025-12-27,Website - Mobile Browser,4,6.1,False
SESS0004069,CUST00197,2026-04-19,Website - Mobile Browser,12,1.6,False
SESS0004070,CUST00197,2026-01-27,Mobile App,19,3.3,False
SESS0004071,CUST00197,2025-12-07,Website - Mobile Browser,8,25.1,False
SESS0004072,CUST00197,2026-01-13,Website - Mobile Browser,15,2.9,False
SESS0004073,CUST00197,2026-06-18,Website - Mobile Browser,16,2.8,True
SESS0004074,CUST00197,2025-09-08,Mobile App,21,9.7,False
SESS0004075,CUST00197,2026-08-07,Website - Mobile Browser,7,21.4,False
SESS0004076,CUST00197,2026-01-25,Website - Mobile Browser,23,28.6,False
SESS0004077,CUST00197,2025-10-24,Website - Desktop,1,15.0,False
SESS0004078,CUST00197,2026-04-29,Mobile App,20,13.0,True
SESS0004079,CUST00197,2026-06-23,Website - Mobile Browser,8,6.6,True
SESS0004080,CUST00197,2026-02-10,Mobile App,9,17.5,True
SESS0004081,CUST00197,2025-09-25,Mobile App,2,17.1,False
SESS0004082,CUST00197,2026-04-30,Website - Desktop,2,20.1,False
SESS0004083,CUST00197,2025-10-02,Mobile App,16,26.2,True
SESS0004084,CUST00197,2026-07-03,Website - Desktop,16,11.2,False
SESS0004085,CUST00197,2026-06-12,Website - Desktop,5,21.6,False
SESS0004086,CUST00197,2025-08-31,Mobile App,13,12.3,True
SESS0004087,CUST00197,2025-12-19,Mobile App,14,23.8,False
SESS0004088,CUST00198,2026-05-14,Website - Mobile Browser,8,27.5,False
SESS0004089,CUST00198,2026-03-30,Website - Mobile Browser,12,28.3,False
SESS0004090,CUST00199,2026-02-06,Website - Mobile Browser,3,5.5,True
SESS0004091,CUST00199,2026-02-18,Website - Desktop,2,25.0,True
SESS0004092,CUST00199,2026-08-07,Mobile App,4,20.2,True
SESS0004093,CUST00199,2026-01-18,Website - Mobile Browser,23,19.5,False
SESS0004094,CUST00199,2026-05-31,Website - Mobile Browser,20,25.4,False
SESS0004095,CUST00199,2025-12-14,Mobile App,2,5.9,False
SESS0004096,CUST00199,2025-11-28,Website - Mobile Browser,17,23.2,False
SESS0004097,CUST00199,2026-04-12,Mobile App,2,13.2,True
SESS0004098,CUST00199,2026-04-01,Mobile App,10,24.6,False
SESS0004099,CUST00199,2026-06-11,Website - Desktop,18,19.9,False
SESS0004100,CUST00199,2026-02-05,Website - Mobile Browser,4,25.5,False
SESS0004101,CUST00199,2026-01-08,Website - Mobile Browser,13,19.2,False
SESS0004102,CUST00199,2026-02-13,Website - Desktop,18,1.9,False
SESS0004103,CUST00199,2025-12-25,Mobile App,12,5.3,True
SESS0004104,CUST00199,2026-03-07,Mobile App,7,23.9,True
SESS0004105,CUST00199,2026-01-05,Mobile App,13,23.7,False
SESS0004106,CUST00199,2026-06-05,Website - Mobile Browser,18,23.2,False
SESS0004107,CUST00199,2026-08-15,Website - Mobile Browser,14,25.3,False
SESS0004108,CUST00199,2026-03-06,Website - Mobile Browser,3,20.9,False
SESS0004109,CUST00199,2026-01-12,Mobile App,9,1.6,False
SESS0004110,CUST00199,2026-04-26,Mobile App,9,13.0,False
SESS0004111,CUST00199,2025-10-20,Website - Desktop,19,26.3,True
SESS0004112,CUST00199,2025-12-26,Website - Desktop,1,17.9,False
SESS0004113,CUST00199,2026-07-29,Website - Mobile Browser,11,24.9,False
SESS0004114,CUST00199,2026-03-27,Mobile App,14,24.9,False
SESS0004115,CUST00199,2025-11-06,Website - Desktop,9,10.5,False
SESS0004116,CUST00199,2026-06-15,Website - Mobile Browser,8,20.7,False
SESS0004117,CUST00199,2026-05-15,Website - Desktop,19,19.8,False
SESS0004118,CUST00199,2026-02-06,Mobile App,20,29.5,True
SESS0004119,CUST00199,2025-09-13,Mobile App,22,18.8,True
SESS0004120,CUST00199,2025-12-06,Website - Mobile Browser,12,13.9,False
SESS0004121,CUST00200,2026-02-05,Website - Desktop,6,9.8,True
SESS0004122,CUST00200,2026-04-29,Website - Mobile Browser,18,9.0,False
SESS0004123,CUST00200,2026-04-01,Website - Desktop,20,3.0,False
SESS0004124,CUST00200,2026-07-28,Website - Desktop,7,1.8,False
SESS0004125,CUST00200,2026-06-12,Website - Desktop,16,4.6,False
SESS0004126,CUST00200,2026-03-06,Website - Desktop,4,14.3,False
SESS0004127,CUST00200,2026-03-25,Website - Mobile Browser,13,26.8,False
SESS0004128,CUST00200,2026-03-16,Mobile App,5,29.0,False
SESS0004129,CUST00200,2026-07-12,Website - Desktop,5,18.5,False
SESS0004130,CUST00200,2026-05-11,Website - Desktop,3,4.1,False
SESS0004131,CUST00200,2026-02-18,Mobile App,25,21.7,False
SESS0004132,CUST00200,2026-03-30,Mobile App,25,6.1,False
SESS0004133,CUST00200,2026-01-12,Mobile App,9,24.3,False
SESS0004134,CUST00200,2026-03-23,Website - Mobile Browser,20,27.6,False
SESS0004135,CUST00200,2026-06-01,Website - Mobile Browser,14,14.8,True
SESS0004136,CUST00200,2026-05-23,Website - Desktop,12,11.7,False
SESS0004137,CUST00200,2026-03-30,Website - Mobile Browser,16,24.7,False
SESS0004138,CUST00200,2026-01-17,Mobile App,3,27.0,False
SESS0004139,CUST00200,2026-06-24,Website - Desktop,5,6.6,False
SESS0004140,CUST00200,2026-03-05,Mobile App,11,4.9,True
SESS0004141,CUST00200,2026-01-27,Mobile App,11,5.0,False
SESS0004142,CUST00200,2026-01-30,Website - Desktop,2,0.5,False
SESS0004143,CUST00200,2026-06-21,Website - Mobile Browser,20,9.6,False
SESS0004144,CUST00200,2026-05-31,Mobile App,15,5.8,False
SESS0004145,CUST00200,2026-04-15,Mobile App,11,23.3,True
SESS0004146,CUST00200,2026-03-11,Website - Desktop,24,27.0,False
SESS0004147,CUST00200,2026-08-15,Mobile App,7,21.7,False
SESS0004148,CUST00200,2026-06-13,Website - Desktop,14,1.0,False
SESS0004149,CUST00201,2026-07-25,Mobile App,10,20.1,False
SESS0004150,CUST00201,2026-08-15,Mobile App,24,21.7,True
SESS0004151,CUST00201,2026-08-16,Website - Mobile Browser,3,26.6,False
SESS0004152,CUST00201,2026-08-12,Website - Mobile Browser,9,27.5,False
SESS0004153,CUST00201,2026-08-04,Mobile App,24,3.7,False
SESS0004154,CUST00201,2026-08-02,Website - Mobile Browser,21,24.1,False
SESS0004155,CUST00201,2026-07-19,Mobile App,18,27.8,False
SESS0004156,CUST00201,2026-07-30,Mobile App,9,21.0,False
SESS0004157,CUST00201,2026-07-22,Mobile App,22,25.4,False
SESS0004158,CUST00201,2026-08-21,Website - Desktop,19,23.0,True
SESS0004159,CUST00201,2026-08-08,Website - Desktop,2,22.8,True
SESS0004160,CUST00201,2026-08-17,Mobile App,14,28.0,True
SESS0004161,CUST00201,2026-07-30,Mobile App,7,15.0,False
SESS0004162,CUST00201,2026-08-21,Website - Mobile Browser,24,15.8,False
SESS0004163,CUST00201,2026-07-19,Website - Mobile Browser,1,28.8,False
SESS0004164,CUST00201,2026-08-19,Website - Mobile Browser,13,4.9,False
SESS0004165,CUST00201,2026-08-12,Website - Desktop,12,29.8,False
SESS0004166,CUST00201,2026-08-01,Website - Mobile Browser,25,24.3,False
SESS0004167,CUST00201,2026-07-17,Website - Mobile Browser,11,11.2,False
SESS0004168,CUST00201,2026-08-20,Website - Desktop,25,28.4,False
SESS0004169,CUST00201,2026-07-26,Mobile App,14,6.8,False
SESS0004170,CUST00201,2026-08-09,Website - Mobile Browser,17,28.5,True
SESS0004171,CUST00201,2026-08-17,Website - Mobile Browser,25,29.8,False
SESS0004172,CUST00201,2026-08-16,Mobile App,11,9.7,False
SESS0004173,CUST00201,2026-08-01,Mobile App,21,10.0,False
SESS0004174,CUST00201,2026-07-21,Mobile App,15,29.1,False
SESS0004175,CUST00201,2026-07-23,Mobile App,18,1.2,True
SESS0004176,CUST00201,2026-07-26,Mobile App,9,10.4,False
SESS0004177,CUST00201,2026-07-27,Website - Mobile Browser,17,6.0,False
SESS0004178,CUST00201,2026-08-04,Mobile App,1,29.6,False
SESS0004179,CUST00201,2026-08-16,Website - Desktop,14,11.7,False
SESS0004180,CUST00201,2026-07-25,Mobile App,18,4.3,False
SESS0004181,CUST00201,2026-08-14,Website - Desktop,10,10.0,False
SESS0004182,CUST00201,2026-07-30,Website - Mobile Browser,15,2.8,False
SESS0004183,CUST00201,2026-08-03,Mobile App,21,14.4,True
SESS0004184,CUST00201,2026-08-13,Website - Mobile Browser,7,21.6,False
SESS0004185,CUST00201,2026-08-01,Website - Desktop,20,6.1,False
SESS0004186,CUST00201,2026-08-12,Website - Mobile Browser,5,12.2,True
SESS0004187,CUST00201,2026-08-14,Website - Mobile Browser,2,14.7,False
SESS0004188,CUST00202,2025-12-04,Website - Desktop,9,7.0,False
SESS0004189,CUST00202,2026-04-25,Mobile App,1,24.3,True
SESS0004190,CUST00202,2026-04-01,Website - Desktop,12,4.7,False
SESS0004191,CUST00202,2026-07-20,Website - Mobile Browser,13,28.0,False
SESS0004192,CUST00202,2026-04-28,Website - Desktop,10,8.5,True
SESS0004193,CUST00203,2025-12-03,Website - Mobile Browser,20,25.6,True
SESS0004194,CUST00203,2026-01-20,Mobile App,22,25.6,False
SESS0004195,CUST00203,2025-09-02,Mobile App,9,23.7,False
SESS0004196,CUST00203,2026-01-23,Mobile App,20,13.2,False
SESS0004197,CUST00204,2026-04-15,Mobile App,1,22.6,False
SESS0004198,CUST00205,2025-12-01,Website - Desktop,8,9.2,False
SESS0004199,CUST00205,2026-03-30,Website - Desktop,12,22.3,False
SESS0004200,CUST00205,2026-08-13,Website - Desktop,18,21.6,False
SESS0004201,CUST00205,2025-12-19,Website - Mobile Browser,17,15.9,True
SESS0004202,CUST00205,2025-11-14,Website - Desktop,17,12.4,False
SESS0004203,CUST00205,2025-09-02,Mobile App,4,11.3,False
SESS0004204,CUST00205,2025-12-21,Website - Desktop,20,8.0,False
SESS0004205,CUST00205,2025-09-18,Mobile App,17,4.3,False
SESS0004206,CUST00205,2025-12-08,Website - Mobile Browser,2,28.6,True
SESS0004207,CUST00205,2026-05-10,Mobile App,6,5.4,False
SESS0004208,CUST00205,2026-06-20,Website - Mobile Browser,11,8.3,True
SESS0004209,CUST00205,2026-03-26,Website - Desktop,1,9.1,True
SESS0004210,CUST00205,2026-04-12,Mobile App,10,22.1,False
SESS0004211,CUST00205,2025-12-23,Website - Mobile Browser,7,24.0,False
SESS0004212,CUST00205,2026-01-14,Website - Desktop,15,14.4,False
SESS0004213,CUST00205,2026-07-27,Website - Desktop,1,14.0,False
SESS0004214,CUST00205,2025-08-31,Website - Desktop,14,25.9,False
SESS0004215,CUST00205,2025-12-27,Website - Desktop,13,0.9,False
SESS0004216,CUST00205,2025-12-29,Website - Desktop,13,28.9,True
SESS0004217,CUST00205,2026-02-02,Website - Mobile Browser,5,4.0,False
SESS0004218,CUST00205,2026-02-09,Website - Mobile Browser,21,16.4,True
SESS0004219,CUST00205,2026-05-21,Mobile App,17,12.8,False
SESS0004220,CUST00205,2025-11-10,Mobile App,16,16.9,False
SESS0004221,CUST00205,2026-05-05,Website - Desktop,5,13.1,False
SESS0004222,CUST00205,2026-04-26,Mobile App,20,6.6,False
SESS0004223,CUST00205,2025-11-27,Website - Desktop,24,23.5,False
SESS0004224,CUST00205,2025-09-07,Website - Desktop,19,5.4,False
SESS0004225,CUST00205,2026-06-29,Website - Desktop,13,20.0,False
SESS0004226,CUST00205,2026-08-10,Website - Desktop,18,10.9,False
SESS0004227,CUST00205,2026-04-11,Mobile App,7,7.9,False
SESS0004228,CUST00205,2026-03-17,Mobile App,11,15.9,False
SESS0004229,CUST00205,2025-12-29,Website - Mobile Browser,18,3.2,False
SESS0004230,CUST00205,2025-11-09,Website - Mobile Browser,10,29.5,False
SESS0004231,CUST00205,2026-08-16,Website - Desktop,4,5.0,False
SESS0004232,CUST00205,2026-01-06,Mobile App,1,26.3,False
SESS0004233,CUST00205,2025-12-10,Website - Desktop,18,20.6,False
SESS0004234,CUST00205,2025-12-18,Website - Mobile Browser,1,9.6,False
SESS0004235,CUST00205,2026-04-26,Mobile App,13,7.9,False
SESS0004236,CUST00205,2025-09-06,Mobile App,3,20.8,False
SESS0004237,CUST00205,2026-04-08,Website - Mobile Browser,12,27.8,False
SESS0004238,CUST00206,2025-10-29,Website - Mobile Browser,23,11.5,False
SESS0004239,CUST00206,2026-01-03,Mobile App,3,18.9,False
SESS0004240,CUST00206,2026-01-31,Mobile App,4,6.7,False
SESS0004241,CUST00206,2026-08-20,Mobile App,23,12.1,False
SESS0004242,CUST00206,2025-09-08,Mobile App,16,12.3,False
SESS0004243,CUST00206,2026-08-12,Website - Desktop,16,14.9,False
SESS0004244,CUST00206,2026-03-17,Website - Desktop,18,13.0,True
SESS0004245,CUST00206,2026-02-21,Website - Desktop,3,14.8,False
SESS0004246,CUST00206,2025-11-22,Mobile App,19,10.7,False
SESS0004247,CUST00206,2026-07-24,Website - Mobile Browser,1,28.8,False
SESS0004248,CUST00206,2025-10-16,Website - Desktop,6,13.3,False
SESS0004249,CUST00206,2026-04-04,Mobile App,7,6.4,False
SESS0004250,CUST00206,2026-06-29,Website - Mobile Browser,16,25.6,True
SESS0004251,CUST00206,2025-10-04,Mobile App,2,3.3,True
SESS0004252,CUST00206,2025-11-16,Website - Mobile Browser,4,10.4,False
SESS0004253,CUST00206,2026-08-19,Mobile App,10,8.9,False
SESS0004254,CUST00206,2026-03-22,Website - Desktop,9,15.2,True
SESS0004255,CUST00206,2025-11-02,Mobile App,9,29.8,False
SESS0004256,CUST00206,2025-10-26,Mobile App,1,26.0,False
SESS0004257,CUST00206,2026-06-03,Website - Desktop,4,24.1,False
SESS0004258,CUST00206,2026-05-19,Website - Desktop,15,21.3,True
SESS0004259,CUST00206,2026-01-20,Website - Mobile Browser,22,18.3,False
SESS0004260,CUST00206,2026-01-23,Website - Desktop,16,7.1,False
SESS0004261,CUST00206,2026-05-25,Mobile App,13,13.9,False
SESS0004262,CUST00206,2026-01-26,Website - Desktop,15,20.2,False
SESS0004263,CUST00206,2026-04-01,Mobile App,2,17.7,False
SESS0004264,CUST00206,2025-12-22,Mobile App,6,23.0,False
SESS0004265,CUST00206,2026-01-07,Website - Desktop,10,7.1,True
SESS0004266,CUST00206,2025-10-07,Website - Desktop,17,24.1,False
SESS0004267,CUST00206,2026-07-11,Website - Desktop,6,26.9,False
SESS0004268,CUST00206,2026-08-07,Website - Mobile Browser,16,3.6,False
SESS0004269,CUST00206,2026-05-29,Website - Mobile Browser,12,11.2,False
SESS0004270,CUST00206,2025-12-22,Website - Mobile Browser,7,5.1,False
SESS0004271,CUST00206,2026-03-09,Website - Desktop,1,4.0,False
SESS0004272,CUST00206,2026-01-17,Website - Desktop,22,18.7,False
SESS0004273,CUST00207,2026-08-13,Website - Mobile Browser,16,6.6,False
SESS0004274,CUST00207,2026-07-21,Website - Mobile Browser,14,0.6,False
SESS0004275,CUST00207,2026-07-19,Website - Desktop,17,10.5,False
SESS0004276,CUST00207,2026-08-11,Website - Mobile Browser,18,26.1,False
SESS0004277,CUST00207,2026-07-18,Website - Desktop,25,2.4,False
SESS0004278,CUST00207,2026-08-17,Website - Mobile Browser,11,20.4,False
SESS0004279,CUST00207,2026-07-02,Website - Desktop,17,11.7,False
SESS0004280,CUST00207,2026-07-08,Website - Mobile Browser,10,25.0,False
SESS0004281,CUST00207,2026-07-24,Mobile App,14,8.6,False
SESS0004282,CUST00207,2026-07-11,Mobile App,6,11.8,True
SESS0004283,CUST00207,2026-07-19,Website - Desktop,16,19.9,False
SESS0004284,CUST00207,2026-07-01,Website - Desktop,20,12.1,False
SESS0004285,CUST00207,2026-08-16,Website - Desktop,24,10.4,False
SESS0004286,CUST00207,2026-07-14,Website - Mobile Browser,13,11.9,False
SESS0004287,CUST00207,2026-07-31,Website - Mobile Browser,21,8.3,False
SESS0004288,CUST00207,2026-08-20,Mobile App,12,10.9,False
SESS0004289,CUST00207,2026-07-16,Website - Mobile Browser,8,8.6,False
SESS0004290,CUST00207,2026-07-30,Website - Desktop,11,19.6,False
SESS0004291,CUST00207,2026-07-29,Mobile App,9,1.2,False
SESS0004292,CUST00207,2026-06-29,Website - Desktop,16,5.5,False
SESS0004293,CUST00207,2026-07-29,Website - Mobile Browser,24,8.6,False
SESS0004294,CUST00207,2026-08-21,Website - Mobile Browser,20,12.3,False
SESS0004295,CUST00207,2026-07-28,Website - Mobile Browser,20,8.1,False
SESS0004296,CUST00207,2026-08-05,Mobile App,15,24.2,False
SESS0004297,CUST00207,2026-08-18,Website - Mobile Browser,2,23.3,False
SESS0004298,CUST00207,2026-07-11,Mobile App,12,7.3,True
SESS0004299,CUST00207,2026-07-06,Website - Mobile Browser,18,11.5,False
SESS0004300,CUST00207,2026-07-26,Mobile App,6,21.8,True
SESS0004301,CUST00207,2026-07-20,Website - Desktop,20,11.7,False
SESS0004302,CUST00208,2025-12-25,Mobile App,23,27.6,False
SESS0004303,CUST00208,2026-03-08,Mobile App,16,7.0,True
SESS0004304,CUST00208,2026-06-15,Website - Desktop,3,10.9,False
SESS0004305,CUST00208,2026-07-22,Website - Desktop,7,5.7,False
SESS0004306,CUST00208,2026-05-22,Website - Desktop,1,9.8,True
SESS0004307,CUST00208,2026-04-25,Website - Mobile Browser,5,12.5,False
SESS0004308,CUST00208,2026-07-16,Website - Mobile Browser,15,19.1,False
SESS0004309,CUST00208,2026-07-13,Mobile App,10,27.8,False
SESS0004310,CUST00208,2026-01-12,Website - Mobile Browser,14,8.4,False
SESS0004311,CUST00208,2026-03-08,Website - Desktop,14,22.5,False
SESS0004312,CUST00208,2026-07-19,Mobile App,16,6.3,False
SESS0004313,CUST00208,2026-01-16,Website - Mobile Browser,16,8.3,False
SESS0004314,CUST00208,2026-08-05,Mobile App,2,21.4,False
SESS0004315,CUST00208,2026-08-01,Website - Desktop,3,2.1,True
SESS0004316,CUST00208,2026-02-24,Mobile App,21,14.9,True
SESS0004317,CUST00208,2026-02-16,Website - Mobile Browser,4,20.6,False
SESS0004318,CUST00208,2026-07-25,Mobile App,13,9.3,False
SESS0004319,CUST00208,2026-01-24,Website - Mobile Browser,15,14.5,False
SESS0004320,CUST00208,2026-04-01,Mobile App,17,6.3,False
SESS0004321,CUST00208,2026-02-03,Mobile App,14,3.1,False
SESS0004322,CUST00208,2026-05-09,Website - Desktop,15,25.9,False
SESS0004323,CUST00208,2026-08-19,Website - Mobile Browser,16,16.1,True
SESS0004324,CUST00208,2026-06-29,Website - Desktop,1,28.4,False
SESS0004325,CUST00208,2026-08-14,Website - Mobile Browser,25,23.2,False
SESS0004326,CUST00208,2026-04-12,Website - Desktop,2,6.0,False
SESS0004327,CUST00208,2025-12-30,Website - Mobile Browser,13,25.9,False
SESS0004328,CUST00208,2026-05-09,Website - Desktop,25,14.4,False
SESS0004329,CUST00208,2026-02-26,Website - Mobile Browser,23,16.5,False
SESS0004330,CUST00208,2026-07-31,Mobile App,20,5.9,False
SESS0004331,CUST00208,2026-01-12,Website - Desktop,4,25.9,False
SESS0004332,CUST00208,2026-04-02,Mobile App,7,15.0,False
SESS0004333,CUST00208,2026-08-12,Website - Mobile Browser,21,17.9,False
SESS0004334,CUST00208,2025-12-02,Website - Mobile Browser,4,21.1,False
SESS0004335,CUST00209,2026-07-04,Website - Desktop,14,28.1,False
SESS0004336,CUST00209,2026-08-05,Website - Desktop,23,15.4,False
SESS0004337,CUST00209,2026-08-15,Website - Desktop,19,2.5,True
SESS0004338,CUST00209,2026-08-21,Website - Desktop,21,11.2,False
SESS0004339,CUST00209,2026-08-15,Website - Desktop,9,1.7,True
SESS0004340,CUST00209,2026-07-06,Website - Desktop,17,6.5,False
SESS0004341,CUST00209,2026-07-23,Website - Mobile Browser,10,13.5,False
SESS0004342,CUST00209,2026-07-16,Website - Mobile Browser,7,24.3,False
SESS0004343,CUST00209,2026-08-07,Website - Mobile Browser,25,10.9,True
SESS0004344,CUST00209,2026-07-09,Website - Desktop,22,8.9,False
SESS0004345,CUST00209,2026-08-10,Website - Desktop,9,18.8,False
SESS0004346,CUST00209,2026-08-04,Website - Mobile Browser,2,18.6,True
SESS0004347,CUST00209,2026-07-29,Website - Desktop,18,26.1,False
SESS0004348,CUST00209,2026-07-04,Website - Mobile Browser,13,24.2,False
SESS0004349,CUST00209,2026-07-27,Website - Mobile Browser,3,13.1,False
SESS0004350,CUST00210,2026-06-14,Website - Mobile Browser,20,15.3,False
SESS0004351,CUST00210,2026-02-25,Website - Desktop,9,26.7,False
SESS0004352,CUST00210,2026-03-23,Website - Mobile Browser,19,27.1,False
SESS0004353,CUST00210,2026-07-08,Website - Mobile Browser,7,1.2,False
SESS0004354,CUST00210,2026-06-24,Website - Mobile Browser,2,14.1,False
SESS0004355,CUST00210,2026-03-15,Website - Desktop,1,25.4,False
SESS0004356,CUST00210,2026-06-11,Mobile App,14,18.8,False
SESS0004357,CUST00210,2026-04-21,Mobile App,24,11.2,True
SESS0004358,CUST00210,2026-05-26,Website - Mobile Browser,2,27.0,False
SESS0004359,CUST00210,2026-03-31,Website - Mobile Browser,22,18.9,False
SESS0004360,CUST00210,2026-01-14,Mobile App,1,28.8,False
SESS0004361,CUST00210,2026-01-19,Mobile App,8,11.1,False
SESS0004362,CUST00210,2026-02-17,Website - Desktop,9,29.1,False
SESS0004363,CUST00210,2026-07-09,Mobile App,15,18.1,False
SESS0004364,CUST00210,2026-06-21,Website - Desktop,9,24.3,False
SESS0004365,CUST00210,2026-01-11,Mobile App,22,14.2,False
SESS0004366,CUST00210,2026-01-25,Mobile App,4,4.8,False
SESS0004367,CUST00210,2026-03-27,Website - Mobile Browser,12,6.8,False
SESS0004368,CUST00210,2026-03-09,Website - Desktop,1,1.1,True
SESS0004369,CUST00210,2026-07-31,Mobile App,22,28.4,True
SESS0004370,CUST00211,2026-06-09,Website - Mobile Browser,13,28.0,True
SESS0004371,CUST00211,2025-11-10,Mobile App,10,16.1,True
SESS0004372,CUST00212,2026-07-14,Website - Mobile Browser,8,27.3,True
SESS0004373,CUST00212,2026-08-06,Website - Desktop,10,16.2,False
SESS0004374,CUST00213,2026-03-19,Website - Mobile Browser,12,13.6,False
SESS0004375,CUST00213,2026-08-05,Website - Mobile Browser,15,26.6,False
SESS0004376,CUST00213,2026-05-28,Website - Mobile Browser,24,4.9,False
SESS0004377,CUST00213,2026-04-17,Website - Desktop,21,20.6,False
SESS0004378,CUST00213,2026-04-19,Mobile App,12,25.8,False
SESS0004379,CUST00213,2026-04-25,Website - Desktop,5,25.9,True
SESS0004380,CUST00213,2026-05-20,Website - Mobile Browser,5,13.4,False
SESS0004381,CUST00213,2026-07-17,Mobile App,19,11.0,False
SESS0004382,CUST00213,2026-07-02,Website - Mobile Browser,11,5.9,False
SESS0004383,CUST00213,2026-06-10,Website - Mobile Browser,15,20.7,False
SESS0004384,CUST00213,2026-06-14,Website - Mobile Browser,22,21.9,False
SESS0004385,CUST00213,2026-07-12,Website - Desktop,19,1.7,True
SESS0004386,CUST00213,2026-03-31,Website - Mobile Browser,4,17.5,False
SESS0004387,CUST00214,2026-08-04,Website - Desktop,10,8.2,False
SESS0004388,CUST00214,2026-08-03,Website - Desktop,4,20.4,False
SESS0004389,CUST00214,2026-08-06,Website - Mobile Browser,25,9.2,False
SESS0004390,CUST00214,2026-08-06,Website - Mobile Browser,24,3.9,False
SESS0004391,CUST00214,2026-08-04,Website - Desktop,24,1.4,False
SESS0004392,CUST00214,2026-08-20,Website - Mobile Browser,9,9.0,False
SESS0004393,CUST00214,2026-08-01,Mobile App,8,27.6,True
SESS0004394,CUST00214,2026-08-13,Website - Desktop,20,27.9,False
SESS0004395,CUST00214,2026-08-09,Website - Desktop,20,21.1,False
SESS0004396,CUST00214,2026-08-08,Mobile App,12,25.9,False
SESS0004397,CUST00214,2026-08-05,Mobile App,2,15.5,False
SESS0004398,CUST00214,2026-08-15,Website - Mobile Browser,5,13.7,False
SESS0004399,CUST00214,2026-08-14,Website - Desktop,15,23.1,False
SESS0004400,CUST00214,2026-08-01,Website - Desktop,16,8.5,False
SESS0004401,CUST00214,2026-08-05,Mobile App,12,8.9,False
SESS0004402,CUST00214,2026-08-07,Mobile App,7,15.7,True
SESS0004403,CUST00214,2026-08-13,Website - Desktop,24,17.8,False
SESS0004404,CUST00214,2026-07-29,Website - Desktop,20,14.4,True
SESS0004405,CUST00214,2026-08-03,Website - Desktop,2,21.5,False
SESS0004406,CUST00214,2026-08-05,Website - Desktop,20,29.5,False
SESS0004407,CUST00214,2026-08-12,Website - Desktop,19,20.8,False
SESS0004408,CUST00214,2026-08-04,Website - Desktop,24,25.4,True
SESS0004409,CUST00214,2026-08-15,Website - Desktop,5,6.3,False
SESS0004410,CUST00214,2026-08-15,Website - Desktop,22,25.4,True
SESS0004411,CUST00214,2026-08-21,Website - Desktop,12,17.8,False
SESS0004412,CUST00214,2026-08-07,Mobile App,6,23.4,False
SESS0004413,CUST00214,2026-08-12,Website - Desktop,20,22.2,True
SESS0004414,CUST00214,2026-08-02,Website - Desktop,4,23.6,False
SESS0004415,CUST00214,2026-08-06,Mobile App,16,4.9,False
SESS0004416,CUST00214,2026-08-01,Website - Desktop,7,24.3,False
SESS0004417,CUST00214,2026-08-18,Website - Desktop,4,21.0,True
SESS0004418,CUST00214,2026-08-05,Mobile App,16,27.2,False
SESS0004419,CUST00214,2026-08-06,Mobile App,2,10.5,False
SESS0004420,CUST00214,2026-08-18,Website - Desktop,18,7.6,False
SESS0004421,CUST00214,2026-08-09,Website - Desktop,20,28.9,False
SESS0004422,CUST00214,2026-08-02,Website - Desktop,14,24.1,False
SESS0004423,CUST00214,2026-08-10,Website - Desktop,18,28.7,False
SESS0004424,CUST00214,2026-08-02,Mobile App,12,23.9,False
SESS0004425,CUST00214,2026-08-19,Website - Desktop,23,29.1,False
SESS0004426,CUST00215,2025-09-01,Website - Mobile Browser,2,17.0,False
SESS0004427,CUST00215,2026-08-02,Website - Desktop,25,0.7,False
SESS0004428,CUST00215,2025-12-28,Website - Mobile Browser,19,3.2,False
SESS0004429,CUST00215,2025-12-16,Website - Mobile Browser,2,9.2,True
SESS0004430,CUST00215,2025-11-15,Mobile App,12,27.4,False
SESS0004431,CUST00215,2025-12-05,Website - Mobile Browser,11,23.1,True
SESS0004432,CUST00215,2026-06-03,Website - Mobile Browser,19,14.0,False
SESS0004433,CUST00215,2026-06-07,Website - Desktop,18,11.8,True
SESS0004434,CUST00215,2026-04-17,Website - Mobile Browser,22,29.0,False
SESS0004435,CUST00215,2026-01-02,Website - Mobile Browser,22,12.9,False
SESS0004436,CUST00215,2026-02-08,Website - Mobile Browser,17,16.6,False
SESS0004437,CUST00215,2026-07-21,Mobile App,3,1.5,False
SESS0004438,CUST00215,2026-07-19,Website - Mobile Browser,7,18.1,True
SESS0004439,CUST00215,2026-06-25,Website - Desktop,7,5.6,True
SESS0004440,CUST00215,2026-06-27,Website - Desktop,2,1.5,False
SESS0004441,CUST00215,2026-06-04,Website - Mobile Browser,22,22.1,False
SESS0004442,CUST00215,2026-03-03,Website - Mobile Browser,14,7.7,False
SESS0004443,CUST00215,2025-11-17,Mobile App,1,20.1,False
SESS0004444,CUST00215,2025-11-07,Website - Mobile Browser,18,19.3,False
SESS0004445,CUST00215,2026-04-23,Website - Mobile Browser,3,17.0,False
SESS0004446,CUST00215,2026-01-17,Website - Mobile Browser,10,8.9,False
SESS0004447,CUST00215,2025-10-01,Website - Mobile Browser,4,22.7,False
SESS0004448,CUST00215,2025-12-23,Website - Desktop,14,12.4,False
SESS0004449,CUST00215,2025-09-20,Website - Desktop,5,22.3,False
SESS0004450,CUST00215,2026-03-14,Website - Desktop,17,21.1,True
SESS0004451,CUST00215,2026-03-07,Mobile App,24,23.1,False
SESS0004452,CUST00216,2026-06-02,Website - Desktop,5,22.0,False
SESS0004453,CUST00216,2026-07-13,Website - Desktop,1,8.1,False
SESS0004454,CUST00216,2026-08-12,Mobile App,25,20.7,True
SESS0004455,CUST00216,2025-10-31,Website - Desktop,20,24.7,False
SESS0004456,CUST00216,2026-04-08,Website - Desktop,20,23.7,False
SESS0004457,CUST00216,2025-12-30,Mobile App,22,20.9,False
SESS0004458,CUST00216,2026-01-01,Website - Desktop,9,18.5,True
SESS0004459,CUST00216,2026-06-01,Website - Desktop,17,13.7,True
SESS0004460,CUST00216,2026-05-17,Website - Desktop,13,24.6,True
SESS0004461,CUST00216,2026-05-05,Website - Mobile Browser,20,21.2,False
SESS0004462,CUST00216,2025-12-29,Website - Desktop,11,24.3,False
SESS0004463,CUST00216,2026-05-17,Website - Mobile Browser,5,6.3,False
SESS0004464,CUST00216,2026-03-05,Mobile App,21,11.7,False
SESS0004465,CUST00216,2025-10-26,Mobile App,18,28.2,False
SESS0004466,CUST00216,2026-04-22,Website - Desktop,25,28.7,False
SESS0004467,CUST00216,2026-04-04,Website - Desktop,22,29.9,False
SESS0004468,CUST00216,2025-11-11,Mobile App,22,29.6,True
SESS0004469,CUST00216,2025-12-12,Mobile App,19,23.6,True
SESS0004470,CUST00216,2026-06-30,Website - Mobile Browser,25,19.7,False
SESS0004471,CUST00216,2025-11-02,Website - Mobile Browser,5,8.4,False
SESS0004472,CUST00216,2026-07-22,Mobile App,6,27.1,False
SESS0004473,CUST00216,2026-03-26,Mobile App,8,14.8,False
SESS0004474,CUST00216,2025-11-01,Website - Desktop,2,29.4,False
SESS0004475,CUST00216,2025-12-24,Mobile App,7,15.7,False
SESS0004476,CUST00216,2026-04-14,Website - Desktop,23,26.6,False
SESS0004477,CUST00216,2026-04-13,Website - Desktop,16,15.3,True
SESS0004478,CUST00216,2026-03-07,Website - Desktop,11,10.2,False
SESS0004479,CUST00216,2026-03-30,Website - Desktop,22,23.4,False
SESS0004480,CUST00216,2026-06-14,Website - Mobile Browser,22,27.5,False
SESS0004481,CUST00216,2026-01-21,Website - Desktop,17,11.9,False
SESS0004482,CUST00217,2026-04-12,Website - Desktop,11,2.5,False
SESS0004483,CUST00217,2025-11-05,Website - Desktop,21,22.6,False
SESS0004484,CUST00217,2025-10-07,Website - Desktop,21,8.0,False
SESS0004485,CUST00218,2026-05-18,Website - Desktop,8,5.4,True
SESS0004486,CUST00218,2026-05-30,Website - Desktop,4,8.0,False
SESS0004487,CUST00218,2026-07-05,Mobile App,9,24.1,True
SESS0004488,CUST00218,2026-06-01,Mobile App,10,5.0,False
SESS0004489,CUST00218,2026-06-29,Website - Mobile Browser,14,13.6,False
SESS0004490,CUST00218,2026-07-08,Mobile App,12,4.5,False
SESS0004491,CUST00218,2026-07-09,Mobile App,21,17.4,False
SESS0004492,CUST00218,2026-08-07,Website - Mobile Browser,12,20.3,False
SESS0004493,CUST00218,2026-05-21,Website - Desktop,14,11.5,True
SESS0004494,CUST00218,2026-08-10,Mobile App,11,26.4,False
SESS0004495,CUST00218,2026-07-29,Mobile App,18,3.1,False
SESS0004496,CUST00218,2026-05-30,Mobile App,6,25.1,False
SESS0004497,CUST00218,2026-08-01,Website - Mobile Browser,16,27.0,False
SESS0004498,CUST00219,2026-04-05,Mobile App,16,20.3,False
SESS0004499,CUST00219,2026-02-07,Mobile App,25,8.7,True
SESS0004500,CUST00219,2025-08-27,Website - Mobile Browser,4,0.5,True
SESS0004501,CUST00219,2026-05-25,Website - Mobile Browser,17,18.7,True
SESS0004502,CUST00219,2026-03-31,Website - Desktop,2,1.6,True
SESS0004503,CUST00219,2026-02-20,Website - Mobile Browser,3,16.1,False
SESS0004504,CUST00219,2025-10-29,Website - Mobile Browser,25,25.1,False
SESS0004505,CUST00219,2026-02-25,Website - Desktop,12,18.7,True
SESS0004506,CUST00219,2026-02-28,Mobile App,16,1.1,True
SESS0004507,CUST00219,2026-08-04,Website - Mobile Browser,20,13.2,False
SESS0004508,CUST00219,2025-12-12,Website - Desktop,7,9.8,False
SESS0004509,CUST00219,2026-07-05,Mobile App,2,9.7,False
SESS0004510,CUST00219,2025-11-24,Website - Mobile Browser,16,14.6,False
SESS0004511,CUST00220,2026-07-13,Mobile App,8,1.7,True
SESS0004512,CUST00220,2026-07-28,Website - Mobile Browser,25,5.0,False
SESS0004513,CUST00220,2026-07-14,Mobile App,4,12.3,False
SESS0004514,CUST00220,2026-07-22,Website - Desktop,11,24.2,True
SESS0004515,CUST00220,2026-08-20,Website - Desktop,4,8.8,False
SESS0004516,CUST00220,2026-08-19,Mobile App,2,8.9,True
SESS0004517,CUST00220,2026-07-24,Mobile App,15,8.8,False
SESS0004518,CUST00220,2026-07-15,Mobile App,14,13.0,False
SESS0004519,CUST00220,2026-08-20,Mobile App,6,7.0,False
SESS0004520,CUST00220,2026-07-23,Website - Desktop,12,10.5,True
SESS0004521,CUST00220,2026-07-06,Mobile App,9,13.9,False
SESS0004522,CUST00220,2026-07-01,Mobile App,14,14.0,True
SESS0004523,CUST00220,2026-07-21,Mobile App,22,7.6,False
SESS0004524,CUST00220,2026-07-14,Website - Desktop,24,2.2,False
SESS0004525,CUST00220,2026-08-17,Website - Desktop,4,0.7,False
SESS0004526,CUST00220,2026-07-22,Website - Desktop,24,25.4,False
SESS0004527,CUST00220,2026-08-02,Website - Desktop,18,14.9,False
SESS0004528,CUST00220,2026-07-27,Mobile App,11,14.1,True
SESS0004529,CUST00220,2026-07-08,Mobile App,6,3.0,False
SESS0004530,CUST00220,2026-08-09,Website - Desktop,15,26.2,False
SESS0004531,CUST00220,2026-08-08,Mobile App,8,11.3,False
SESS0004532,CUST00220,2026-07-09,Website - Mobile Browser,8,22.9,False
SESS0004533,CUST00220,2026-07-25,Mobile App,21,26.0,False
SESS0004534,CUST00221,2025-12-20,Website - Mobile Browser,19,21.2,False
SESS0004535,CUST00221,2026-03-05,Website - Desktop,11,14.5,True
SESS0004536,CUST00221,2025-10-03,Website - Desktop,19,9.3,True
SESS0004537,CUST00221,2025-12-13,Mobile App,23,16.1,True
SESS0004538,CUST00221,2026-04-03,Website - Desktop,6,12.2,False
SESS0004539,CUST00221,2026-03-20,Website - Mobile Browser,17,23.6,False
SESS0004540,CUST00221,2025-10-21,Website - Mobile Browser,11,22.3,False
SESS0004541,CUST00221,2025-10-22,Mobile App,24,1.5,True
SESS0004542,CUST00221,2026-05-29,Website - Mobile Browser,3,10.0,False
SESS0004543,CUST00221,2026-06-05,Website - Mobile Browser,2,23.5,True
SESS0004544,CUST00221,2026-06-29,Website - Mobile Browser,8,6.1,False
SESS0004545,CUST00221,2026-04-03,Website - Desktop,24,7.8,False
SESS0004546,CUST00221,2025-10-22,Mobile App,25,7.5,False
SESS0004547,CUST00221,2026-08-06,Website - Mobile Browser,25,11.4,False
SESS0004548,CUST00221,2026-08-15,Website - Desktop,23,26.2,True
SESS0004549,CUST00221,2026-04-19,Website - Mobile Browser,10,4.0,False
SESS0004550,CUST00221,2026-06-06,Website - Desktop,8,13.8,False
SESS0004551,CUST00221,2026-06-03,Website - Mobile Browser,21,4.8,False
SESS0004552,CUST00223,2025-12-01,Website - Desktop,2,3.8,True
SESS0004553,CUST00223,2026-07-28,Website - Mobile Browser,23,26.3,True
SESS0004554,CUST00223,2026-02-12,Website - Mobile Browser,8,25.9,False
SESS0004555,CUST00223,2026-07-01,Website - Mobile Browser,19,22.5,True
SESS0004556,CUST00223,2025-12-14,Website - Mobile Browser,18,11.5,False
SESS0004557,CUST00223,2025-10-18,Website - Desktop,13,18.4,False
SESS0004558,CUST00223,2025-12-25,Website - Desktop,20,3.3,False
SESS0004559,CUST00223,2026-01-01,Mobile App,23,23.3,False
SESS0004560,CUST00223,2026-05-22,Website - Mobile Browser,3,29.4,False
SESS0004561,CUST00223,2026-02-04,Website - Mobile Browser,12,26.8,False
SESS0004562,CUST00223,2026-01-27,Website - Desktop,20,23.2,True
SESS0004563,CUST00223,2026-01-15,Website - Mobile Browser,21,2.7,False
SESS0004564,CUST00223,2026-01-24,Website - Desktop,10,19.5,True
SESS0004565,CUST00223,2026-05-28,Website - Mobile Browser,23,24.6,False
SESS0004566,CUST00223,2026-01-19,Mobile App,13,10.8,False
SESS0004567,CUST00223,2026-08-10,Website - Mobile Browser,10,27.9,False
SESS0004568,CUST00223,2026-01-01,Mobile App,24,10.4,True
SESS0004569,CUST00224,2026-07-10,Website - Desktop,1,20.1,False
SESS0004570,CUST00224,2026-08-16,Website - Desktop,12,0.7,False
SESS0004571,CUST00224,2026-07-01,Mobile App,1,14.3,False
SESS0004572,CUST00224,2026-01-19,Website - Desktop,14,4.8,False
SESS0004573,CUST00224,2026-06-18,Mobile App,15,3.8,False
SESS0004574,CUST00224,2026-03-01,Mobile App,14,1.3,True
SESS0004575,CUST00224,2026-06-20,Website - Mobile Browser,22,11.8,False
SESS0004576,CUST00224,2026-03-20,Mobile App,4,17.1,False
SESS0004577,CUST00224,2026-04-06,Mobile App,24,4.0,False
SESS0004578,CUST00224,2026-03-26,Mobile App,14,25.2,False
SESS0004579,CUST00224,2026-07-07,Mobile App,19,8.7,False
SESS0004580,CUST00224,2026-03-27,Website - Mobile Browser,3,19.8,True
SESS0004581,CUST00224,2026-05-17,Mobile App,5,15.2,False
SESS0004582,CUST00224,2026-02-27,Mobile App,17,1.2,False
SESS0004583,CUST00224,2026-03-03,Website - Mobile Browser,22,20.9,False
SESS0004584,CUST00224,2026-05-05,Website - Desktop,16,23.7,True
SESS0004585,CUST00224,2026-07-21,Website - Mobile Browser,19,14.2,False
SESS0004586,CUST00224,2026-02-07,Website - Mobile Browser,5,26.5,True
SESS0004587,CUST00224,2026-03-09,Website - Mobile Browser,11,13.1,False
SESS0004588,CUST00224,2026-03-27,Website - Mobile Browser,20,27.3,False
SESS0004589,CUST00224,2026-04-30,Mobile App,16,13.8,False
SESS0004590,CUST00224,2026-06-21,Website - Mobile Browser,12,12.0,False
SESS0004591,CUST00224,2026-04-27,Website - Mobile Browser,4,29.7,False
SESS0004592,CUST00225,2026-08-11,Mobile App,12,26.0,False
SESS0004593,CUST00225,2025-09-12,Mobile App,7,11.4,False
SESS0004594,CUST00225,2026-04-21,Website - Mobile Browser,19,28.0,False
SESS0004595,CUST00225,2026-05-01,Website - Desktop,24,16.2,False
SESS0004596,CUST00225,2026-07-20,Mobile App,12,1.8,False
SESS0004597,CUST00225,2026-02-18,Mobile App,14,14.3,False
SESS0004598,CUST00225,2025-12-05,Website - Mobile Browser,17,12.8,False
SESS0004599,CUST00225,2026-04-02,Website - Desktop,18,4.1,True
SESS0004600,CUST00225,2026-01-09,Mobile App,16,21.9,False
SESS0004601,CUST00226,2025-10-02,Website - Desktop,16,13.8,False
SESS0004602,CUST00226,2026-04-14,Website - Mobile Browser,20,20.2,False
SESS0004603,CUST00226,2025-12-04,Website - Mobile Browser,18,9.6,False
SESS0004604,CUST00226,2026-01-07,Website - Desktop,13,18.3,False
SESS0004605,CUST00226,2026-07-25,Mobile App,6,10.8,False
SESS0004606,CUST00226,2025-10-05,Mobile App,20,6.4,False
SESS0004607,CUST00226,2025-10-14,Website - Desktop,14,19.4,True
SESS0004608,CUST00226,2026-05-23,Website - Desktop,16,3.8,True
SESS0004609,CUST00226,2025-12-21,Website - Desktop,19,17.5,True
SESS0004610,CUST00226,2026-06-02,Mobile App,22,1.6,False
SESS0004611,CUST00226,2026-01-22,Mobile App,25,16.9,False
SESS0004612,CUST00226,2025-10-20,Mobile App,11,19.4,False
SESS0004613,CUST00226,2025-10-20,Website - Mobile Browser,24,21.8,False
SESS0004614,CUST00226,2025-12-12,Mobile App,8,10.2,False
SESS0004615,CUST00226,2025-11-06,Website - Desktop,23,5.6,True
SESS0004616,CUST00226,2025-09-27,Website - Mobile Browser,9,23.4,False
SESS0004617,CUST00226,2025-11-23,Website - Desktop,16,15.4,True
SESS0004618,CUST00226,2026-03-21,Website - Mobile Browser,6,12.4,False
SESS0004619,CUST00226,2026-05-28,Website - Mobile Browser,7,9.1,False
SESS0004620,CUST00226,2025-11-28,Website - Desktop,8,17.3,True
SESS0004621,CUST00226,2026-03-06,Mobile App,5,17.6,True
SESS0004622,CUST00226,2025-12-09,Website - Mobile Browser,15,15.6,False
SESS0004623,CUST00226,2025-09-03,Mobile App,8,17.2,False
SESS0004624,CUST00226,2026-05-31,Website - Mobile Browser,15,11.5,False
SESS0004625,CUST00226,2025-09-20,Website - Mobile Browser,2,9.8,False
SESS0004626,CUST00226,2026-06-05,Website - Mobile Browser,22,15.1,False
SESS0004627,CUST00226,2026-05-10,Website - Mobile Browser,3,14.0,True
SESS0004628,CUST00226,2025-12-18,Mobile App,22,9.4,False
SESS0004629,CUST00227,2026-06-30,Mobile App,12,7.8,False
SESS0004630,CUST00227,2026-07-18,Mobile App,3,20.9,False
SESS0004631,CUST00227,2026-02-03,Mobile App,19,4.7,False
SESS0004632,CUST00227,2026-07-11,Mobile App,2,18.8,False
SESS0004633,CUST00227,2025-11-01,Website - Mobile Browser,7,11.7,False
SESS0004634,CUST00227,2026-02-11,Website - Desktop,15,19.5,False
SESS0004635,CUST00227,2026-02-08,Mobile App,20,8.1,True
SESS0004636,CUST00227,2025-12-24,Mobile App,14,16.3,False
SESS0004637,CUST00227,2026-04-27,Website - Desktop,1,24.3,False
SESS0004638,CUST00227,2026-05-07,Website - Desktop,1,12.3,False
SESS0004639,CUST00227,2025-11-26,Mobile App,25,27.7,False
SESS0004640,CUST00227,2026-05-23,Website - Desktop,9,24.2,True
SESS0004641,CUST00227,2025-09-04,Website - Mobile Browser,3,1.0,True
SESS0004642,CUST00227,2025-10-08,Website - Desktop,25,22.6,False
SESS0004643,CUST00227,2026-01-21,Website - Mobile Browser,7,10.8,False
SESS0004644,CUST00227,2026-01-16,Mobile App,4,27.7,True
SESS0004645,CUST00227,2026-02-18,Website - Mobile Browser,3,15.4,False
SESS0004646,CUST00227,2025-09-13,Website - Mobile Browser,14,18.5,False
SESS0004647,CUST00227,2026-03-05,Website - Mobile Browser,4,6.8,True
SESS0004648,CUST00227,2026-07-21,Website - Mobile Browser,19,7.7,False
SESS0004649,CUST00228,2026-07-29,Mobile App,17,9.5,False
SESS0004650,CUST00228,2026-07-05,Website - Mobile Browser,3,3.5,False
SESS0004651,CUST00228,2026-07-25,Website - Desktop,2,25.7,False
SESS0004652,CUST00228,2026-07-06,Website - Desktop,13,2.1,True
SESS0004653,CUST00228,2026-07-29,Website - Desktop,10,25.3,False
SESS0004654,CUST00228,2026-08-12,Mobile App,13,6.0,False
SESS0004655,CUST00228,2026-08-11,Website - Desktop,11,8.9,False
SESS0004656,CUST00228,2026-07-28,Mobile App,6,28.9,False
SESS0004657,CUST00228,2026-08-01,Website - Desktop,23,7.9,False
SESS0004658,CUST00228,2026-08-04,Website - Mobile Browser,23,5.5,False
SESS0004659,CUST00228,2026-08-09,Website - Mobile Browser,10,0.6,False
SESS0004660,CUST00228,2026-08-01,Mobile App,25,13.6,False
SESS0004661,CUST00228,2026-08-20,Mobile App,9,11.9,False
SESS0004662,CUST00228,2026-08-11,Website - Mobile Browser,11,25.1,False
SESS0004663,CUST00228,2026-07-30,Website - Mobile Browser,2,21.8,True
SESS0004664,CUST00228,2026-08-12,Mobile App,8,27.8,False
SESS0004665,CUST00228,2026-08-14,Mobile App,2,13.5,False
SESS0004666,CUST00228,2026-07-09,Website - Desktop,4,12.0,False
SESS0004667,CUST00228,2026-08-18,Mobile App,9,19.2,False
SESS0004668,CUST00228,2026-08-03,Website - Mobile Browser,6,0.5,True
SESS0004669,CUST00229,2026-08-19,Website - Mobile Browser,4,14.9,False
SESS0004670,CUST00229,2026-05-24,Website - Desktop,17,1.7,False
SESS0004671,CUST00229,2026-05-30,Website - Desktop,9,20.1,True
SESS0004672,CUST00229,2026-01-29,Website - Mobile Browser,11,8.5,True
SESS0004673,CUST00229,2025-12-04,Website - Mobile Browser,7,13.3,False
SESS0004674,CUST00229,2026-02-05,Mobile App,5,15.8,False
SESS0004675,CUST00229,2026-07-09,Website - Mobile Browser,3,10.2,False
SESS0004676,CUST00229,2026-05-20,Website - Desktop,18,3.9,False
SESS0004677,CUST00229,2026-04-18,Mobile App,22,11.5,False
SESS0004678,CUST00229,2025-09-22,Mobile App,19,2.3,False
SESS0004679,CUST00229,2026-04-17,Website - Mobile Browser,10,18.0,True
SESS0004680,CUST00229,2025-12-27,Website - Mobile Browser,4,19.5,True
SESS0004681,CUST00229,2026-03-04,Website - Desktop,6,17.3,False
SESS0004682,CUST00229,2026-05-03,Website - Desktop,17,3.8,True
SESS0004683,CUST00229,2026-06-18,Mobile App,25,3.0,False
SESS0004684,CUST00229,2026-01-29,Website - Desktop,23,21.2,False
SESS0004685,CUST00229,2025-09-03,Website - Mobile Browser,7,17.6,False
SESS0004686,CUST00229,2026-03-21,Mobile App,14,10.0,True
SESS0004687,CUST00230,2025-08-29,Mobile App,23,1.4,False
SESS0004688,CUST00230,2026-06-21,Mobile App,5,2.0,False
SESS0004689,CUST00230,2025-09-02,Website - Mobile Browser,10,21.2,False
SESS0004690,CUST00230,2025-11-16,Website - Mobile Browser,17,28.8,False
SESS0004691,CUST00230,2026-01-27,Website - Desktop,20,9.3,True
SESS0004692,CUST00230,2025-11-28,Website - Mobile Browser,5,14.2,False
SESS0004693,CUST00230,2025-11-15,Website - Mobile Browser,4,7.8,False
SESS0004694,CUST00231,2026-04-26,Website - Mobile Browser,4,27.4,False
SESS0004695,CUST00231,2025-12-22,Website - Desktop,23,19.4,True
SESS0004696,CUST00231,2026-02-07,Website - Desktop,7,24.0,False
SESS0004697,CUST00231,2026-04-23,Website - Mobile Browser,21,1.3,True
SESS0004698,CUST00231,2026-05-31,Mobile App,2,15.8,False
SESS0004699,CUST00231,2026-03-21,Mobile App,4,11.1,False
SESS0004700,CUST00231,2026-01-01,Website - Mobile Browser,25,5.5,False
SESS0004701,CUST00231,2026-07-09,Website - Desktop,6,16.5,False
SESS0004702,CUST00231,2026-07-05,Mobile App,24,4.2,False
SESS0004703,CUST00231,2025-10-20,Website - Mobile Browser,9,12.1,False
SESS0004704,CUST00231,2026-06-01,Website - Desktop,3,19.1,False
SESS0004705,CUST00231,2025-11-09,Mobile App,1,29.9,False
SESS0004706,CUST00231,2025-10-31,Website - Desktop,6,7.6,False
SESS0004707,CUST00231,2025-09-05,Mobile App,15,14.5,True
SESS0004708,CUST00231,2026-03-31,Mobile App,20,27.6,True
SESS0004709,CUST00231,2026-06-27,Website - Mobile Browser,22,20.0,False
SESS0004710,CUST00231,2026-06-03,Website - Desktop,21,21.3,False
SESS0004711,CUST00231,2026-03-09,Website - Mobile Browser,13,27.3,False
SESS0004712,CUST00231,2026-08-05,Website - Mobile Browser,23,26.4,False
SESS0004713,CUST00231,2025-12-22,Website - Desktop,5,2.7,False
SESS0004714,CUST00232,2025-12-18,Mobile App,10,25.4,True
SESS0004715,CUST00232,2025-11-17,Mobile App,7,21.1,False
SESS0004716,CUST00232,2025-11-10,Website - Desktop,3,1.1,False
SESS0004717,CUST00232,2025-12-14,Website - Mobile Browser,23,26.0,False
SESS0004718,CUST00232,2026-01-26,Mobile App,10,24.0,False
SESS0004719,CUST00232,2025-12-02,Mobile App,12,8.7,False
SESS0004720,CUST00232,2026-07-30,Website - Desktop,3,13.4,False
SESS0004721,CUST00232,2025-11-13,Website - Mobile Browser,19,20.3,False
SESS0004722,CUST00232,2026-01-01,Website - Desktop,14,22.7,False
SESS0004723,CUST00232,2025-10-15,Website - Mobile Browser,23,7.4,False
SESS0004724,CUST00232,2026-07-16,Website - Mobile Browser,6,7.0,False
SESS0004725,CUST00232,2026-02-01,Website - Mobile Browser,6,24.0,False
SESS0004726,CUST00232,2026-06-23,Mobile App,13,19.6,False
SESS0004727,CUST00232,2026-01-09,Website - Mobile Browser,6,23.4,False
SESS0004728,CUST00232,2026-02-02,Website - Mobile Browser,14,15.7,False
SESS0004729,CUST00232,2026-05-21,Website - Mobile Browser,2,8.6,False
SESS0004730,CUST00232,2026-05-20,Mobile App,12,27.2,False
SESS0004731,CUST00232,2026-01-10,Website - Mobile Browser,8,2.8,False
SESS0004732,CUST00232,2026-02-03,Website - Desktop,19,7.4,False
SESS0004733,CUST00232,2026-01-17,Website - Mobile Browser,14,20.6,False
SESS0004734,CUST00232,2025-11-09,Website - Mobile Browser,3,19.7,False
SESS0004735,CUST00233,2026-01-10,Website - Mobile Browser,15,21.7,False
SESS0004736,CUST00233,2026-06-16,Website - Desktop,21,0.6,False
SESS0004737,CUST00233,2025-09-29,Mobile App,24,17.0,False
SESS0004738,CUST00233,2025-10-29,Website - Desktop,19,8.8,False
SESS0004739,CUST00233,2026-07-21,Website - Mobile Browser,13,6.3,False
SESS0004740,CUST00233,2026-05-14,Website - Desktop,17,12.8,False
SESS0004741,CUST00233,2025-10-09,Mobile App,25,2.6,False
SESS0004742,CUST00233,2026-05-26,Mobile App,11,27.4,False
SESS0004743,CUST00233,2025-10-09,Website - Mobile Browser,25,24.8,False
SESS0004744,CUST00233,2026-02-19,Website - Mobile Browser,12,8.7,True
SESS0004745,CUST00233,2026-04-01,Website - Desktop,19,10.3,True
SESS0004746,CUST00233,2026-05-23,Mobile App,23,1.5,False
SESS0004747,CUST00233,2025-12-19,Mobile App,12,9.2,False
SESS0004748,CUST00233,2025-11-03,Mobile App,22,20.8,True
SESS0004749,CUST00233,2026-08-16,Website - Mobile Browser,23,27.8,True
SESS0004750,CUST00233,2026-06-10,Website - Mobile Browser,14,15.2,False
SESS0004751,CUST00233,2026-01-03,Website - Mobile Browser,8,29.3,False
SESS0004752,CUST00233,2025-11-26,Website - Desktop,8,12.4,False
SESS0004753,CUST00233,2025-10-06,Website - Mobile Browser,1,28.3,False
SESS0004754,CUST00234,2026-02-07,Website - Desktop,3,15.0,False
SESS0004755,CUST00235,2025-08-29,Mobile App,8,8.2,False
SESS0004756,CUST00235,2026-06-12,Website - Mobile Browser,16,25.4,False
SESS0004757,CUST00235,2026-01-18,Website - Desktop,2,29.8,True
SESS0004758,CUST00235,2026-07-01,Website - Mobile Browser,6,6.9,False
SESS0004759,CUST00235,2026-01-01,Mobile App,5,15.7,False
SESS0004760,CUST00235,2026-08-02,Website - Mobile Browser,20,19.8,False
SESS0004761,CUST00235,2026-06-24,Mobile App,12,28.4,False
SESS0004762,CUST00235,2026-01-30,Website - Desktop,24,20.6,False
SESS0004763,CUST00235,2026-06-28,Mobile App,4,2.6,True
SESS0004764,CUST00236,2025-12-13,Website - Mobile Browser,14,7.7,False
SESS0004765,CUST00236,2026-08-21,Mobile App,3,3.1,False
SESS0004766,CUST00236,2025-09-26,Mobile App,8,29.7,True
SESS0004767,CUST00236,2026-04-15,Mobile App,18,15.4,True
SESS0004768,CUST00236,2026-01-14,Mobile App,2,24.6,False
SESS0004769,CUST00236,2026-02-12,Website - Desktop,19,26.7,False
SESS0004770,CUST00236,2026-08-04,Mobile App,1,7.4,False
SESS0004771,CUST00236,2025-12-03,Mobile App,17,24.1,False
SESS0004772,CUST00236,2026-04-17,Website - Desktop,10,16.6,False
SESS0004773,CUST00236,2025-12-21,Mobile App,22,1.6,True
SESS0004774,CUST00236,2025-10-16,Mobile App,17,5.0,True
SESS0004775,CUST00236,2025-11-24,Website - Desktop,1,16.5,False
SESS0004776,CUST00236,2026-03-18,Mobile App,17,8.2,False
SESS0004777,CUST00236,2025-10-12,Website - Desktop,21,16.7,False
SESS0004778,CUST00236,2025-10-22,Website - Mobile Browser,21,6.2,False
SESS0004779,CUST00236,2026-05-04,Website - Desktop,19,18.4,False
SESS0004780,CUST00236,2026-05-28,Mobile App,7,20.1,False
SESS0004781,CUST00236,2025-09-18,Website - Desktop,7,19.5,False
SESS0004782,CUST00236,2026-06-11,Website - Desktop,7,21.9,False
SESS0004783,CUST00236,2026-07-04,Mobile App,4,1.8,False
SESS0004784,CUST00237,2026-04-21,Mobile App,10,25.4,True
SESS0004785,CUST00237,2026-01-07,Mobile App,21,9.1,True
SESS0004786,CUST00238,2026-02-14,Website - Desktop,12,10.4,False
SESS0004787,CUST00238,2025-11-22,Website - Mobile Browser,10,4.4,False
SESS0004788,CUST00238,2025-11-27,Mobile App,22,20.6,False
SESS0004789,CUST00238,2026-08-01,Website - Mobile Browser,12,13.0,False
SESS0004790,CUST00238,2026-08-10,Website - Mobile Browser,15,4.3,True
SESS0004791,CUST00238,2026-05-30,Website - Desktop,25,2.8,False
SESS0004792,CUST00238,2026-06-21,Website - Mobile Browser,25,17.0,False
SESS0004793,CUST00238,2025-11-30,Website - Desktop,23,16.8,False
SESS0004794,CUST00238,2026-07-13,Website - Desktop,16,13.0,False
SESS0004795,CUST00238,2025-11-07,Website - Desktop,3,6.9,False
SESS0004796,CUST00238,2025-11-24,Website - Mobile Browser,3,4.3,True
SESS0004797,CUST00238,2026-03-12,Website - Mobile Browser,3,16.2,False
SESS0004798,CUST00238,2026-01-09,Website - Mobile Browser,15,19.5,False
SESS0004799,CUST00238,2026-04-22,Mobile App,9,15.4,False
SESS0004800,CUST00238,2026-07-23,Website - Desktop,12,3.9,False
SESS0004801,CUST00239,2025-11-30,Website - Mobile Browser,17,12.6,False
SESS0004802,CUST00239,2025-12-20,Mobile App,21,22.2,False
SESS0004803,CUST00239,2026-06-04,Website - Mobile Browser,8,8.8,False
SESS0004804,CUST00239,2025-12-24,Website - Mobile Browser,1,15.2,False
SESS0004805,CUST00239,2026-07-12,Website - Mobile Browser,13,23.5,False
SESS0004806,CUST00239,2025-09-08,Mobile App,8,19.0,False
SESS0004807,CUST00239,2026-07-06,Website - Desktop,16,24.2,False
SESS0004808,CUST00239,2026-07-21,Website - Mobile Browser,7,27.3,True
SESS0004809,CUST00239,2025-09-12,Website - Mobile Browser,21,10.1,False
SESS0004810,CUST00239,2026-01-09,Website - Mobile Browser,5,1.5,False
SESS0004811,CUST00239,2026-03-30,Website - Desktop,20,6.1,False
SESS0004812,CUST00239,2026-03-04,Mobile App,15,2.9,False
SESS0004813,CUST00239,2025-10-22,Website - Desktop,1,28.3,False
SESS0004814,CUST00239,2025-09-01,Website - Desktop,14,26.9,True
SESS0004815,CUST00239,2026-07-15,Mobile App,24,14.3,False
SESS0004816,CUST00239,2025-09-29,Website - Desktop,7,14.0,False
SESS0004817,CUST00239,2026-08-17,Mobile App,2,20.8,False
SESS0004818,CUST00239,2025-10-06,Website - Mobile Browser,21,10.8,False
SESS0004819,CUST00239,2026-02-14,Mobile App,22,9.9,False
SESS0004820,CUST00239,2026-08-16,Mobile App,15,22.9,False
SESS0004821,CUST00239,2026-07-01,Website - Mobile Browser,19,20.5,False
SESS0004822,CUST00240,2026-05-01,Website - Mobile Browser,18,29.2,False
SESS0004823,CUST00240,2026-01-23,Mobile App,21,21.6,False
SESS0004824,CUST00240,2026-05-17,Mobile App,25,27.8,False
SESS0004825,CUST00240,2026-05-25,Website - Desktop,25,4.6,False
SESS0004826,CUST00240,2026-03-07,Website - Desktop,1,23.2,False
SESS0004827,CUST00240,2026-04-15,Website - Desktop,25,29.1,False
SESS0004828,CUST00240,2026-07-29,Mobile App,10,12.4,False
SESS0004829,CUST00240,2026-01-22,Website - Desktop,22,15.0,False
SESS0004830,CUST00240,2026-05-30,Website - Desktop,4,28.3,True
SESS0004831,CUST00240,2026-03-20,Website - Mobile Browser,10,16.8,False
SESS0004832,CUST00240,2026-05-20,Mobile App,17,12.8,False
SESS0004833,CUST00240,2026-06-14,Mobile App,14,4.2,False
SESS0004834,CUST00240,2026-04-17,Website - Desktop,2,21.0,False
SESS0004835,CUST00240,2026-06-21,Website - Desktop,16,2.9,False
SESS0004836,CUST00240,2026-07-17,Mobile App,17,14.2,False
SESS0004837,CUST00240,2026-02-07,Mobile App,8,5.1,False
SESS0004838,CUST00240,2026-02-13,Mobile App,23,8.9,False
SESS0004839,CUST00240,2026-01-22,Mobile App,15,7.7,False
SESS0004840,CUST00240,2026-08-07,Website - Desktop,22,13.0,False
SESS0004841,CUST00240,2026-02-14,Website - Mobile Browser,16,19.9,False
SESS0004842,CUST00240,2026-01-10,Website - Mobile Browser,2,22.8,False
SESS0004843,CUST00240,2026-01-14,Mobile App,9,24.0,False
SESS0004844,CUST00240,2026-03-30,Mobile App,15,13.5,False
SESS0004845,CUST00240,2026-07-25,Website - Mobile Browser,17,28.0,False
SESS0004846,CUST00240,2026-01-16,Website - Desktop,13,25.3,True
SESS0004847,CUST00240,2026-02-14,Website - Desktop,1,8.8,False
SESS0004848,CUST00240,2026-02-04,Mobile App,22,6.2,True
SESS0004849,CUST00240,2026-05-31,Website - Desktop,25,29.3,False
SESS0004850,CUST00240,2026-03-11,Mobile App,3,24.5,False
SESS0004851,CUST00240,2026-08-15,Website - Mobile Browser,13,24.6,True
SESS0004852,CUST00240,2026-06-02,Mobile App,6,14.2,False
SESS0004853,CUST00240,2026-04-27,Website - Desktop,2,1.1,False
SESS0004854,CUST00241,2026-04-13,Website - Desktop,7,22.0,True
SESS0004855,CUST00241,2026-07-17,Website - Desktop,22,14.3,True
SESS0004856,CUST00241,2026-06-08,Website - Mobile Browser,11,6.7,True
SESS0004857,CUST00241,2025-11-26,Mobile App,21,20.3,True
SESS0004858,CUST00241,2026-02-24,Mobile App,11,8.1,False
SESS0004859,CUST00241,2026-05-09,Mobile App,19,25.2,False
SESS0004860,CUST00241,2026-04-14,Website - Mobile Browser,5,1.3,True
SESS0004861,CUST00241,2026-08-01,Mobile App,8,22.2,False
SESS0004862,CUST00241,2025-10-27,Mobile App,2,23.6,False
SESS0004863,CUST00241,2026-07-23,Mobile App,6,2.7,False
SESS0004864,CUST00241,2026-02-12,Website - Desktop,6,19.6,False
SESS0004865,CUST00241,2025-10-31,Website - Desktop,21,29.6,False
SESS0004866,CUST00241,2025-12-17,Website - Desktop,7,17.0,False
SESS0004867,CUST00241,2025-12-12,Website - Desktop,25,13.0,True
SESS0004868,CUST00241,2025-11-30,Website - Desktop,4,28.9,False
SESS0004869,CUST00241,2025-10-27,Website - Mobile Browser,19,21.6,False
SESS0004870,CUST00241,2026-06-19,Website - Mobile Browser,5,12.7,False
SESS0004871,CUST00241,2025-12-06,Website - Mobile Browser,9,25.6,False
SESS0004872,CUST00241,2026-01-24,Mobile App,15,23.0,False
SESS0004873,CUST00241,2026-04-11,Website - Desktop,18,29.2,False
SESS0004874,CUST00241,2026-03-15,Mobile App,24,19.4,False
SESS0004875,CUST00241,2026-01-31,Website - Mobile Browser,4,8.5,False
SESS0004876,CUST00241,2026-04-29,Website - Mobile Browser,10,29.0,True
SESS0004877,CUST00241,2026-06-26,Mobile App,5,6.2,False
SESS0004878,CUST00241,2026-04-13,Website - Mobile Browser,8,24.9,False
SESS0004879,CUST00241,2026-03-05,Website - Mobile Browser,7,28.5,False
SESS0004880,CUST00241,2025-12-22,Website - Mobile Browser,11,26.3,True
SESS0004881,CUST00241,2026-04-26,Website - Mobile Browser,1,10.4,False
SESS0004882,CUST00241,2026-04-03,Website - Desktop,11,1.8,False
SESS0004883,CUST00242,2025-10-08,Mobile App,19,20.7,False
SESS0004884,CUST00242,2025-12-05,Website - Desktop,7,11.1,False
SESS0004885,CUST00242,2026-05-30,Website - Desktop,5,11.1,False
SESS0004886,CUST00242,2026-07-25,Website - Mobile Browser,16,15.0,False
SESS0004887,CUST00242,2025-12-26,Website - Desktop,25,27.3,False
SESS0004888,CUST00242,2026-07-14,Website - Desktop,19,7.7,False
SESS0004889,CUST00242,2025-11-26,Website - Desktop,2,1.9,True
SESS0004890,CUST00242,2026-06-13,Website - Mobile Browser,18,26.3,False
SESS0004891,CUST00242,2026-02-18,Website - Desktop,10,16.6,True
SESS0004892,CUST00242,2026-03-12,Website - Mobile Browser,22,14.0,False
SESS0004893,CUST00242,2026-04-22,Mobile App,16,14.1,False
SESS0004894,CUST00242,2026-04-24,Website - Mobile Browser,12,27.1,False
SESS0004895,CUST00242,2025-12-28,Website - Mobile Browser,13,1.1,True
SESS0004896,CUST00242,2026-03-01,Mobile App,1,26.6,False
SESS0004897,CUST00242,2025-09-18,Website - Desktop,6,25.9,False
SESS0004898,CUST00242,2026-01-05,Website - Desktop,24,6.3,False
SESS0004899,CUST00242,2026-04-15,Mobile App,25,13.3,False
SESS0004900,CUST00242,2026-08-09,Website - Mobile Browser,8,4.7,False
SESS0004901,CUST00242,2025-10-11,Website - Desktop,15,1.4,False
SESS0004902,CUST00242,2025-11-16,Website - Desktop,5,11.1,False
SESS0004903,CUST00242,2026-02-07,Mobile App,23,14.6,True
SESS0004904,CUST00242,2025-10-06,Website - Mobile Browser,13,23.3,True
SESS0004905,CUST00242,2026-03-13,Website - Desktop,2,19.6,False
SESS0004906,CUST00242,2025-12-11,Website - Mobile Browser,23,23.4,False
SESS0004907,CUST00242,2026-07-07,Website - Mobile Browser,21,18.1,False
SESS0004908,CUST00242,2025-12-15,Website - Desktop,9,28.2,False
SESS0004909,CUST00242,2026-01-31,Website - Mobile Browser,12,5.1,False
SESS0004910,CUST00242,2026-08-16,Website - Desktop,3,23.7,False
SESS0004911,CUST00242,2025-09-25,Website - Desktop,19,12.7,False
SESS0004912,CUST00242,2026-07-05,Website - Desktop,20,21.1,False
SESS0004913,CUST00242,2026-02-24,Website - Mobile Browser,20,10.9,False
SESS0004914,CUST00242,2026-01-17,Website - Mobile Browser,4,5.6,False
SESS0004915,CUST00243,2026-08-07,Website - Desktop,23,26.3,False
SESS0004916,CUST00243,2026-08-21,Website - Mobile Browser,5,13.5,True
SESS0004917,CUST00243,2026-01-31,Mobile App,5,25.6,False
SESS0004918,CUST00243,2026-07-12,Website - Desktop,1,5.3,False
SESS0004919,CUST00243,2026-02-07,Mobile App,13,25.9,False
SESS0004920,CUST00243,2025-12-18,Website - Desktop,13,3.5,False
SESS0004921,CUST00244,2026-05-18,Website - Mobile Browser,1,23.1,False
SESS0004922,CUST00244,2026-01-01,Mobile App,9,22.0,False
SESS0004923,CUST00244,2026-03-31,Website - Mobile Browser,12,3.4,True
SESS0004924,CUST00244,2025-10-20,Website - Desktop,8,15.4,False
SESS0004925,CUST00244,2026-07-02,Mobile App,12,0.7,True
SESS0004926,CUST00244,2026-03-04,Mobile App,18,21.7,True
SESS0004927,CUST00244,2026-06-11,Website - Desktop,25,19.7,False
SESS0004928,CUST00244,2026-01-04,Website - Desktop,19,11.0,False
SESS0004929,CUST00244,2025-11-17,Website - Mobile Browser,23,28.4,False
SESS0004930,CUST00244,2026-08-02,Website - Desktop,16,14.7,False
SESS0004931,CUST00244,2026-03-06,Mobile App,20,6.7,False
SESS0004932,CUST00244,2026-01-08,Mobile App,25,7.3,False
SESS0004933,CUST00244,2025-10-02,Website - Desktop,7,22.1,True
SESS0004934,CUST00244,2025-10-25,Website - Desktop,17,28.9,False
SESS0004935,CUST00244,2026-04-12,Website - Mobile Browser,19,6.0,False
SESS0004936,CUST00244,2026-04-06,Website - Desktop,4,1.7,True
SESS0004937,CUST00244,2026-06-26,Mobile App,16,13.5,True
SESS0004938,CUST00245,2026-05-24,Mobile App,21,19.0,False
SESS0004939,CUST00245,2025-10-20,Website - Mobile Browser,17,11.9,False
SESS0004940,CUST00245,2026-08-01,Website - Mobile Browser,13,29.2,False
SESS0004941,CUST00245,2026-04-03,Website - Desktop,7,26.3,True
SESS0004942,CUST00245,2026-07-01,Website - Desktop,16,7.8,False
SESS0004943,CUST00245,2025-12-05,Website - Desktop,6,0.6,False
SESS0004944,CUST00245,2026-08-07,Mobile App,3,16.9,False
SESS0004945,CUST00245,2026-08-03,Website - Mobile Browser,19,29.7,True
SESS0004946,CUST00245,2025-12-11,Website - Mobile Browser,7,25.3,False
SESS0004947,CUST00245,2026-07-17,Mobile App,4,29.5,False
SESS0004948,CUST00245,2026-08-11,Mobile App,9,28.3,False
SESS0004949,CUST00245,2026-07-14,Website - Mobile Browser,11,2.0,False
SESS0004950,CUST00245,2026-02-11,Mobile App,22,20.9,False
SESS0004951,CUST00245,2025-10-15,Website - Desktop,20,19.3,False
SESS0004952,CUST00245,2026-07-30,Mobile App,17,4.9,False
SESS0004953,CUST00245,2025-08-27,Mobile App,1,18.4,False
SESS0004954,CUST00246,2025-11-25,Mobile App,18,19.8,False
SESS0004955,CUST00246,2026-03-15,Mobile App,25,4.1,False
SESS0004956,CUST00246,2025-12-17,Website - Desktop,12,5.8,False
SESS0004957,CUST00246,2026-07-25,Website - Mobile Browser,23,10.0,False
SESS0004958,CUST00246,2026-04-04,Mobile App,5,7.4,True
SESS0004959,CUST00246,2026-08-07,Website - Desktop,20,27.3,False
SESS0004960,CUST00246,2025-09-17,Website - Mobile Browser,24,14.2,False
SESS0004961,CUST00246,2026-01-21,Website - Desktop,12,13.6,False
SESS0004962,CUST00246,2025-10-17,Mobile App,6,6.3,False
SESS0004963,CUST00246,2026-06-19,Website - Mobile Browser,17,16.4,False
SESS0004964,CUST00246,2026-05-29,Mobile App,20,8.8,True
SESS0004965,CUST00247,2026-06-13,Mobile App,6,28.7,False
SESS0004966,CUST00247,2026-08-04,Mobile App,8,28.0,True
SESS0004967,CUST00247,2025-11-22,Website - Mobile Browser,21,16.6,False
SESS0004968,CUST00247,2026-06-06,Website - Desktop,17,21.2,False
SESS0004969,CUST00247,2026-04-16,Website - Desktop,22,16.5,False
SESS0004970,CUST00247,2026-01-14,Mobile App,19,10.5,False
SESS0004971,CUST00247,2025-11-04,Website - Desktop,11,1.8,False
SESS0004972,CUST00247,2026-06-23,Website - Desktop,6,27.1,False
SESS0004973,CUST00247,2025-09-21,Website - Mobile Browser,10,20.5,True
SESS0004974,CUST00247,2026-08-08,Mobile App,17,13.2,False
SESS0004975,CUST00247,2025-12-04,Website - Mobile Browser,4,9.0,False
SESS0004976,CUST00247,2026-07-14,Mobile App,10,23.9,False
SESS0004977,CUST00247,2025-10-10,Website - Mobile Browser,18,8.5,False
SESS0004978,CUST00247,2026-05-20,Mobile App,22,28.7,False
SESS0004979,CUST00247,2026-08-01,Website - Desktop,5,3.6,False
SESS0004980,CUST00247,2025-10-20,Website - Desktop,22,6.2,False
SESS0004981,CUST00247,2026-02-02,Mobile App,19,27.2,True
SESS0004982,CUST00247,2026-04-26,Website - Mobile Browser,25,26.7,False
SESS0004983,CUST00247,2026-05-27,Mobile App,15,16.9,False
SESS0004984,CUST00247,2025-08-30,Website - Mobile Browser,23,12.9,False
SESS0004985,CUST00247,2025-10-08,Website - Mobile Browser,12,16.2,False
SESS0004986,CUST00248,2026-05-31,Mobile App,25,3.0,False
SESS0004987,CUST00248,2026-05-06,Website - Desktop,15,19.4,False
SESS0004988,CUST00248,2026-07-08,Website - Desktop,3,15.4,False
SESS0004989,CUST00248,2026-06-19,Website - Mobile Browser,19,13.8,False
SESS0004990,CUST00248,2026-07-12,Website - Desktop,7,13.9,True
SESS0004991,CUST00248,2026-05-29,Mobile App,9,17.5,False
SESS0004992,CUST00248,2026-05-08,Mobile App,14,22.3,False
SESS0004993,CUST00248,2026-07-22,Website - Mobile Browser,20,15.9,True
SESS0004994,CUST00248,2026-06-17,Website - Desktop,8,29.6,False
SESS0004995,CUST00248,2026-05-02,Mobile App,9,13.5,False
SESS0004996,CUST00248,2026-08-19,Website - Desktop,21,17.9,False
SESS0004997,CUST00248,2026-08-11,Mobile App,17,25.2,False
SESS0004998,CUST00248,2026-06-03,Website - Mobile Browser,6,29.6,False
SESS0004999,CUST00248,2026-05-26,Website - Mobile Browser,5,22.8,False
SESS0005000,CUST00248,2026-08-20,Mobile App,22,29.1,False
SESS0005001,CUST00248,2026-06-08,Website - Desktop,7,28.9,False
SESS0005002,CUST00248,2026-08-08,Mobile App,5,11.2,False
SESS0005003,CUST00248,2026-05-07,Mobile App,3,5.1,False
SESS0005004,CUST00248,2026-06-18,Mobile App,18,23.5,False
SESS0005005,CUST00248,2026-07-03,Website - Mobile Browser,19,10.8,False
SESS0005006,CUST00248,2026-08-07,Website - Desktop,8,4.7,False
SESS0005007,CUST00248,2026-07-15,Website - Desktop,25,12.0,True
SESS0005008,CUST00248,2026-07-28,Website - Mobile Browser,18,23.6,False
SESS0005009,CUST00248,2026-07-24,Website - Desktop,16,24.4,True
SESS0005010,CUST00248,2026-05-20,Website - Mobile Browser,20,1.9,False
SESS0005011,CUST00248,2026-05-06,Mobile App,7,27.1,False
SESS0005012,CUST00248,2026-08-21,Mobile App,21,12.5,False
SESS0005013,CUST00248,2026-07-05,Mobile App,19,15.7,False
SESS0005014,CUST00248,2026-07-04,Website - Mobile Browser,9,18.7,False
SESS0005015,CUST00248,2026-06-06,Website - Desktop,24,24.2,False
SESS0005016,CUST00248,2026-08-06,Mobile App,24,15.2,True
SESS0005017,CUST00248,2026-07-12,Mobile App,1,15.2,False
SESS0005018,CUST00248,2026-08-02,Mobile App,9,23.7,False
SESS0005019,CUST00248,2026-08-17,Website - Desktop,2,29.8,False
SESS0005020,CUST00248,2026-06-13,Website - Mobile Browser,19,2.8,False
SESS0005021,CUST00248,2026-07-09,Website - Desktop,10,26.8,False
SESS0005022,CUST00248,2026-08-05,Website - Desktop,18,13.4,False
SESS0005023,CUST00248,2026-05-27,Website - Mobile Browser,13,7.5,False
SESS0005024,CUST00248,2026-07-19,Website - Desktop,14,6.0,True
SESS0005025,CUST00249,2025-12-04,Website - Desktop,23,14.9,False
SESS0005026,CUST00249,2025-11-25,Mobile App,24,10.1,False
SESS0005027,CUST00249,2026-02-25,Website - Mobile Browser,14,13.2,False
SESS0005028,CUST00249,2026-01-25,Website - Desktop,25,16.4,False
SESS0005029,CUST00249,2026-06-24,Mobile App,9,5.5,False
SESS0005030,CUST00249,2026-08-15,Mobile App,21,2.4,True
SESS0005031,CUST00249,2025-09-25,Website - Mobile Browser,20,15.3,False
SESS0005032,CUST00249,2025-10-02,Website - Desktop,7,21.4,False
SESS0005033,CUST00249,2026-06-13,Mobile App,3,19.2,True
SESS0005034,CUST00249,2025-11-22,Website - Mobile Browser,8,17.5,False
SESS0005035,CUST00249,2026-02-21,Website - Mobile Browser,6,4.1,False
SESS0005036,CUST00249,2026-03-27,Mobile App,1,14.1,False
SESS0005037,CUST00249,2026-04-23,Mobile App,5,20.0,True
SESS0005038,CUST00249,2025-10-03,Website - Mobile Browser,9,28.5,False
SESS0005039,CUST00249,2026-06-04,Website - Desktop,14,13.9,False
SESS0005040,CUST00249,2026-05-09,Mobile App,12,25.0,False
SESS0005041,CUST00249,2026-03-16,Mobile App,24,28.5,False
SESS0005042,CUST00249,2026-06-24,Website - Desktop,13,0.7,False
SESS0005043,CUST00249,2026-01-09,Website - Mobile Browser,19,25.2,False
SESS0005044,CUST00249,2026-03-01,Mobile App,13,20.7,False
SESS0005045,CUST00249,2026-07-26,Website - Desktop,15,19.8,False
SESS0005046,CUST00249,2026-01-11,Website - Mobile Browser,15,22.7,False
SESS0005047,CUST00250,2026-07-21,Website - Desktop,24,13.3,False
SESS0005048,CUST00250,2026-07-20,Website - Desktop,16,29.2,True
SESS0005049,CUST00250,2026-08-05,Website - Desktop,5,0.7,False
SESS0005050,CUST00250,2026-08-18,Website - Desktop,21,4.6,False
SESS0005051,CUST00250,2026-07-19,Website - Desktop,11,27.8,True
SESS0005052,CUST00250,2026-06-12,Website - Desktop,2,9.0,False
SESS0005053,CUST00250,2026-08-03,Website - Mobile Browser,16,16.1,False
SESS0005054,CUST00250,2026-07-01,Website - Mobile Browser,16,29.9,False
SESS0005055,CUST00250,2026-07-26,Website - Desktop,24,8.6,True
SESS0005056,CUST00250,2026-08-14,Website - Desktop,3,20.8,False
SESS0005057,CUST00250,2026-07-06,Website - Mobile Browser,2,12.7,False
SESS0005058,CUST00250,2026-07-04,Website - Mobile Browser,18,14.3,False
SESS0005059,CUST00250,2026-08-01,Website - Mobile Browser,17,13.2,False
SESS0005060,CUST00250,2026-06-30,Mobile App,2,11.7,False
SESS0005061,CUST00250,2026-08-05,Website - Desktop,14,25.9,False
SESS0005062,CUST00250,2026-08-10,Website - Mobile Browser,2,7.7,False
SESS0005063,CUST00250,2026-07-18,Mobile App,9,7.8,True
SESS0005064,CUST00250,2026-07-14,Website - Mobile Browser,23,6.1,False
SESS0005065,CUST00250,2026-08-17,Mobile App,8,24.7,False
SESS0005066,CUST00250,2026-08-07,Mobile App,4,24.1,False
SESS0005067,CUST00250,2026-07-23,Website - Mobile Browser,1,12.3,False
SESS0005068,CUST00250,2026-08-04,Website - Mobile Browser,11,10.6,False
SESS0005069,CUST00250,2026-07-26,Website - Desktop,5,21.0,False
SESS0005070,CUST00251,2025-09-05,Website - Desktop,4,10.6,False
SESS0005071,CUST00251,2026-03-19,Website - Desktop,20,14.0,False
SESS0005072,CUST00251,2025-09-04,Website - Desktop,23,28.6,True
SESS0005073,CUST00251,2026-08-02,Mobile App,15,28.8,False
SESS0005074,CUST00251,2025-10-01,Mobile App,21,15.3,False
SESS0005075,CUST00251,2026-07-24,Mobile App,22,7.6,False
SESS0005076,CUST00251,2026-06-11,Website - Desktop,14,27.5,False
SESS0005077,CUST00251,2026-05-16,Mobile App,22,29.6,False
SESS0005078,CUST00251,2026-06-28,Website - Mobile Browser,23,24.3,False
SESS0005079,CUST00251,2025-11-26,Website - Mobile Browser,18,13.4,False
SESS0005080,CUST00251,2026-06-17,Website - Desktop,21,16.2,True
SESS0005081,CUST00251,2025-12-28,Website - Mobile Browser,13,27.2,False
SESS0005082,CUST00251,2026-08-12,Website - Mobile Browser,20,22.6,False
SESS0005083,CUST00251,2025-11-24,Website - Mobile Browser,14,4.3,False
SESS0005084,CUST00251,2026-02-03,Website - Mobile Browser,10,19.2,False
SESS0005085,CUST00251,2025-09-13,Mobile App,19,6.3,False
SESS0005086,CUST00251,2026-02-07,Website - Mobile Browser,18,8.9,False
SESS0005087,CUST00251,2026-08-18,Website - Desktop,4,14.8,False
SESS0005088,CUST00251,2025-11-29,Mobile App,14,14.7,False
SESS0005089,CUST00251,2026-06-08,Website - Mobile Browser,2,3.2,False
SESS0005090,CUST00251,2025-11-10,Mobile App,21,29.6,False
SESS0005091,CUST00251,2026-05-31,Website - Desktop,3,18.4,True
SESS0005092,CUST00251,2026-03-12,Website - Mobile Browser,11,25.8,False
SESS0005093,CUST00251,2025-12-20,Mobile App,1,6.0,False
SESS0005094,CUST00251,2026-01-18,Website - Desktop,6,3.5,True
SESS0005095,CUST00251,2025-12-30,Website - Desktop,21,2.7,True
SESS0005096,CUST00251,2026-06-16,Website - Desktop,12,22.1,False
SESS0005097,CUST00251,2026-06-27,Website - Desktop,24,8.5,False
SESS0005098,CUST00251,2026-07-01,Mobile App,2,3.3,False
SESS0005099,CUST00251,2025-12-25,Website - Desktop,7,19.1,False
SESS0005100,CUST00251,2026-04-05,Mobile App,22,10.9,False
SESS0005101,CUST00251,2026-05-20,Website - Desktop,7,22.1,False
SESS0005102,CUST00251,2026-06-24,Website - Desktop,8,20.4,True
SESS0005103,CUST00251,2025-11-16,Website - Desktop,1,7.4,False
SESS0005104,CUST00251,2026-06-21,Website - Desktop,11,28.4,False
SESS0005105,CUST00251,2025-10-02,Website - Mobile Browser,10,2.4,False
SESS0005106,CUST00252,2026-08-09,Mobile App,5,26.6,False
SESS0005107,CUST00252,2026-08-05,Mobile App,25,28.5,True
SESS0005108,CUST00252,2026-07-21,Website - Desktop,12,0.9,False
SESS0005109,CUST00252,2026-07-29,Website - Mobile Browser,7,22.3,False
SESS0005110,CUST00252,2026-07-15,Mobile App,17,2.1,False
SESS0005111,CUST00252,2026-07-24,Website - Mobile Browser,20,23.8,True
SESS0005112,CUST00252,2026-07-19,Website - Desktop,9,0.6,False
SESS0005113,CUST00252,2026-08-08,Mobile App,3,1.2,False
SESS0005114,CUST00252,2026-07-23,Website - Desktop,16,3.3,False
SESS0005115,CUST00252,2026-08-13,Mobile App,22,10.2,False
SESS0005116,CUST00253,2026-07-15,Website - Desktop,16,19.1,False
SESS0005117,CUST00253,2026-05-25,Website - Desktop,12,10.6,False
SESS0005118,CUST00253,2026-08-07,Mobile App,15,4.3,False
SESS0005119,CUST00253,2025-12-21,Mobile App,11,10.0,False
SESS0005120,CUST00253,2025-10-06,Mobile App,10,14.3,True
SESS0005121,CUST00253,2026-03-24,Website - Desktop,14,13.1,False
SESS0005122,CUST00253,2026-07-20,Website - Mobile Browser,8,17.6,False
SESS0005123,CUST00253,2026-05-06,Website - Mobile Browser,24,26.2,False
SESS0005124,CUST00254,2026-04-09,Website - Desktop,23,2.0,True
SESS0005125,CUST00254,2026-06-08,Mobile App,12,2.2,False
SESS0005126,CUST00254,2026-04-02,Mobile App,9,25.0,False
SESS0005127,CUST00254,2026-02-18,Mobile App,19,2.0,True
SESS0005128,CUST00254,2026-05-20,Website - Mobile Browser,24,16.4,False
SESS0005129,CUST00254,2025-12-18,Website - Desktop,17,5.8,False
SESS0005130,CUST00254,2025-11-15,Website - Desktop,16,6.1,False
SESS0005131,CUST00254,2026-04-20,Website - Mobile Browser,3,25.0,False
SESS0005132,CUST00254,2026-07-15,Website - Mobile Browser,2,7.0,False
SESS0005133,CUST00254,2026-02-20,Website - Mobile Browser,20,3.7,False
SESS0005134,CUST00254,2026-01-07,Website - Desktop,20,7.7,False
SESS0005135,CUST00255,2026-08-18,Website - Desktop,15,20.2,True
SESS0005136,CUST00255,2026-08-16,Website - Desktop,6,3.0,False
SESS0005137,CUST00255,2026-08-15,Website - Desktop,22,6.0,True
SESS0005138,CUST00255,2026-08-21,Website - Mobile Browser,13,25.8,False
SESS0005139,CUST00255,2026-08-12,Website - Desktop,20,3.1,True
SESS0005140,CUST00255,2026-08-21,Website - Desktop,9,6.1,False
SESS0005141,CUST00255,2026-08-19,Mobile App,13,8.4,False
SESS0005142,CUST00255,2026-08-20,Mobile App,24,23.5,False
SESS0005143,CUST00255,2026-08-14,Website - Desktop,19,3.2,True
SESS0005144,CUST00255,2026-08-17,Website - Mobile Browser,25,29.4,False
SESS0005145,CUST00255,2026-08-11,Website - Mobile Browser,2,14.2,True
SESS0005146,CUST00255,2026-08-21,Website - Desktop,13,21.7,False
SESS0005147,CUST00255,2026-08-15,Mobile App,15,15.5,False
SESS0005148,CUST00255,2026-08-11,Website - Mobile Browser,15,27.7,False
SESS0005149,CUST00255,2026-08-17,Website - Desktop,4,2.2,False
SESS0005150,CUST00255,2026-08-18,Mobile App,18,22.6,True
SESS0005151,CUST00255,2026-08-14,Mobile App,2,17.8,False
SESS0005152,CUST00255,2026-08-16,Website - Mobile Browser,14,6.7,False
SESS0005153,CUST00255,2026-08-20,Website - Desktop,17,22.1,False
SESS0005154,CUST00255,2026-08-21,Website - Desktop,15,26.6,False
SESS0005155,CUST00255,2026-08-13,Website - Desktop,18,12.7,False
SESS0005156,CUST00255,2026-08-13,Website - Mobile Browser,22,9.6,False
SESS0005157,CUST00255,2026-08-18,Mobile App,8,9.0,False
SESS0005158,CUST00256,2025-11-12,Mobile App,8,5.9,False
SESS0005159,CUST00256,2025-08-31,Website - Desktop,12,19.6,False
SESS0005160,CUST00256,2025-11-22,Website - Mobile Browser,14,25.7,False
SESS0005161,CUST00256,2025-09-03,Mobile App,11,9.3,False
SESS0005162,CUST00256,2026-04-04,Mobile App,11,4.1,False
SESS0005163,CUST00256,2026-06-24,Mobile App,11,29.2,False
SESS0005164,CUST00256,2026-01-23,Website - Mobile Browser,12,3.7,False
SESS0005165,CUST00256,2026-03-13,Website - Desktop,13,17.3,False
SESS0005166,CUST00256,2026-03-19,Website - Mobile Browser,19,11.1,False
SESS0005167,CUST00256,2026-01-22,Website - Desktop,14,0.9,False
SESS0005168,CUST00256,2026-06-28,Website - Mobile Browser,25,27.6,False
SESS0005169,CUST00256,2026-03-24,Mobile App,15,22.4,True
SESS0005170,CUST00256,2026-04-09,Website - Mobile Browser,13,22.2,False
SESS0005171,CUST00256,2026-07-12,Website - Mobile Browser,5,3.1,False
SESS0005172,CUST00256,2026-08-14,Mobile App,5,10.1,False
SESS0005173,CUST00256,2026-05-22,Website - Desktop,12,14.7,False
SESS0005174,CUST00256,2026-05-08,Website - Desktop,24,6.3,False
SESS0005175,CUST00256,2026-08-15,Mobile App,16,12.2,True
SESS0005176,CUST00256,2026-06-12,Mobile App,10,4.7,False
SESS0005177,CUST00256,2025-11-29,Mobile App,2,6.0,False
SESS0005178,CUST00256,2026-01-07,Mobile App,18,2.8,False
SESS0005179,CUST00256,2026-07-17,Mobile App,6,17.9,True
SESS0005180,CUST00256,2026-07-30,Mobile App,20,23.5,False
SESS0005181,CUST00256,2025-12-20,Mobile App,10,26.8,False
SESS0005182,CUST00256,2026-01-02,Website - Mobile Browser,5,5.4,False
SESS0005183,CUST00256,2026-08-06,Mobile App,3,21.6,False
SESS0005184,CUST00256,2025-10-14,Website - Desktop,19,12.1,True
SESS0005185,CUST00256,2026-07-02,Website - Desktop,1,14.1,False
SESS0005186,CUST00256,2026-08-17,Website - Mobile Browser,22,18.0,False
SESS0005187,CUST00256,2025-11-23,Website - Mobile Browser,2,27.7,False
SESS0005188,CUST00256,2026-03-08,Mobile App,22,30.0,False
SESS0005189,CUST00256,2025-10-12,Website - Desktop,13,14.0,False
SESS0005190,CUST00256,2026-08-15,Mobile App,15,15.4,False
SESS0005191,CUST00256,2026-06-05,Website - Desktop,14,29.4,False
SESS0005192,CUST00256,2026-02-25,Website - Desktop,23,17.1,False
SESS0005193,CUST00256,2026-02-14,Website - Mobile Browser,1,20.6,False
SESS0005194,CUST00256,2025-12-17,Website - Desktop,7,15.8,False
SESS0005195,CUST00256,2026-06-13,Website - Mobile Browser,24,11.0,False
SESS0005196,CUST00256,2026-04-01,Website - Mobile Browser,11,10.4,True
SESS0005197,CUST00256,2026-05-13,Website - Mobile Browser,14,5.4,False
SESS0005198,CUST00257,2026-05-12,Website - Desktop,13,17.2,False
SESS0005199,CUST00257,2026-04-16,Mobile App,25,4.7,False
SESS0005200,CUST00257,2026-03-14,Mobile App,16,7.7,False
SESS0005201,CUST00257,2026-08-16,Website - Mobile Browser,14,27.7,False
SESS0005202,CUST00257,2026-02-10,Website - Mobile Browser,23,5.4,False
SESS0005203,CUST00257,2026-03-21,Website - Mobile Browser,22,8.5,True
SESS0005204,CUST00257,2025-09-15,Website - Mobile Browser,22,7.6,False
SESS0005205,CUST00257,2026-04-06,Website - Desktop,14,12.2,True
SESS0005206,CUST00257,2026-02-21,Mobile App,10,18.2,False
SESS0005207,CUST00257,2026-01-31,Mobile App,18,1.9,False
SESS0005208,CUST00257,2026-08-05,Website - Mobile Browser,13,5.5,False
SESS0005209,CUST00258,2025-10-27,Website - Mobile Browser,24,15.8,False
SESS0005210,CUST00258,2026-03-16,Website - Desktop,20,29.0,False
SESS0005211,CUST00258,2026-03-16,Website - Desktop,20,26.9,False
SESS0005212,CUST00258,2025-09-16,Mobile App,25,7.8,False
SESS0005213,CUST00258,2025-12-30,Website - Mobile Browser,22,27.3,False
SESS0005214,CUST00258,2026-07-05,Website - Mobile Browser,14,18.8,False
SESS0005215,CUST00258,2025-10-19,Mobile App,8,20.2,False
SESS0005216,CUST00258,2026-04-29,Website - Mobile Browser,18,7.2,False
SESS0005217,CUST00258,2025-09-19,Mobile App,18,7.8,True
SESS0005218,CUST00258,2026-05-12,Website - Desktop,19,22.4,False
SESS0005219,CUST00258,2026-03-20,Website - Desktop,19,2.5,True
SESS0005220,CUST00258,2026-08-03,Mobile App,16,29.0,False
SESS0005221,CUST00258,2026-05-15,Mobile App,21,29.1,False
SESS0005222,CUST00258,2026-05-10,Mobile App,3,23.4,False
SESS0005223,CUST00258,2026-02-19,Mobile App,1,2.8,True
SESS0005224,CUST00258,2026-05-07,Website - Mobile Browser,25,11.3,True
SESS0005225,CUST00258,2026-08-01,Website - Mobile Browser,5,7.6,True
SESS0005226,CUST00258,2026-08-17,Mobile App,7,2.7,True
SESS0005227,CUST00258,2025-11-12,Website - Desktop,21,22.9,True
SESS0005228,CUST00258,2026-02-05,Mobile App,10,23.2,False
SESS0005229,CUST00258,2026-03-08,Mobile App,3,5.5,True
SESS0005230,CUST00258,2026-04-26,Mobile App,4,16.7,False
SESS0005231,CUST00258,2025-12-23,Website - Desktop,6,1.5,True
SESS0005232,CUST00258,2026-03-20,Website - Mobile Browser,12,18.3,False
SESS0005233,CUST00259,2026-07-08,Mobile App,22,23.3,False
SESS0005234,CUST00259,2026-08-02,Website - Desktop,13,27.2,False
SESS0005235,CUST00259,2025-10-17,Mobile App,1,21.1,False
SESS0005236,CUST00259,2026-03-09,Website - Mobile Browser,19,19.3,False
SESS0005237,CUST00259,2026-04-29,Mobile App,15,11.6,False
SESS0005238,CUST00259,2025-12-18,Mobile App,25,5.6,False
SESS0005239,CUST00259,2025-08-29,Website - Desktop,17,7.5,False
SESS0005240,CUST00259,2026-04-03,Website - Mobile Browser,25,14.7,False
SESS0005241,CUST00259,2026-05-10,Mobile App,11,8.9,False
SESS0005242,CUST00259,2026-01-03,Website - Desktop,20,3.9,False
SESS0005243,CUST00259,2025-10-09,Website - Mobile Browser,2,27.0,False
SESS0005244,CUST00259,2026-08-13,Website - Desktop,1,4.4,True
SESS0005245,CUST00259,2026-04-04,Mobile App,2,25.4,True
SESS0005246,CUST00259,2026-03-05,Website - Mobile Browser,8,19.9,False
SESS0005247,CUST00259,2026-05-16,Website - Mobile Browser,1,25.9,False
SESS0005248,CUST00260,2026-05-17,Website - Desktop,21,21.5,False
SESS0005249,CUST00260,2025-11-24,Mobile App,7,5.4,False
SESS0005250,CUST00260,2026-03-31,Website - Mobile Browser,1,1.2,False
SESS0005251,CUST00260,2026-05-27,Website - Mobile Browser,7,5.7,False
SESS0005252,CUST00260,2025-10-30,Website - Mobile Browser,8,4.6,False
SESS0005253,CUST00260,2025-10-31,Website - Desktop,6,21.5,False
SESS0005254,CUST00260,2026-04-17,Website - Desktop,5,19.8,True
SESS0005255,CUST00260,2026-02-21,Mobile App,3,7.0,True
SESS0005256,CUST00260,2025-10-09,Website - Desktop,19,10.7,False
SESS0005257,CUST00260,2025-09-28,Website - Mobile Browser,24,6.8,False
SESS0005258,CUST00260,2026-08-02,Website - Desktop,22,1.3,False
SESS0005259,CUST00260,2026-03-21,Mobile App,13,13.7,True
SESS0005260,CUST00261,2026-08-03,Website - Desktop,24,16.3,False
SESS0005261,CUST00261,2026-01-13,Website - Mobile Browser,1,5.8,True
SESS0005262,CUST00261,2026-01-20,Mobile App,17,12.2,False
SESS0005263,CUST00261,2026-05-04,Mobile App,14,13.6,False
SESS0005264,CUST00261,2025-10-15,Mobile App,6,1.7,False
SESS0005265,CUST00261,2025-12-28,Mobile App,16,20.7,False
SESS0005266,CUST00261,2025-09-30,Website - Desktop,7,19.4,True
SESS0005267,CUST00261,2026-01-01,Website - Mobile Browser,1,11.1,True
SESS0005268,CUST00261,2026-05-08,Website - Mobile Browser,17,8.8,True
SESS0005269,CUST00261,2026-07-09,Website - Mobile Browser,11,1.3,False
SESS0005270,CUST00261,2026-02-22,Website - Desktop,1,16.1,False
SESS0005271,CUST00261,2025-11-01,Mobile App,18,9.1,False
SESS0005272,CUST00261,2026-01-18,Website - Desktop,2,7.4,False
SESS0005273,CUST00261,2025-11-16,Website - Desktop,14,13.8,False
SESS0005274,CUST00261,2026-08-16,Website - Mobile Browser,1,17.0,False
SESS0005275,CUST00261,2026-04-11,Mobile App,21,13.8,False
SESS0005276,CUST00261,2025-12-27,Website - Desktop,2,10.5,False
SESS0005277,CUST00261,2026-05-24,Website - Desktop,11,21.7,True
SESS0005278,CUST00261,2026-03-03,Website - Desktop,6,13.5,False
SESS0005279,CUST00261,2025-09-03,Website - Mobile Browser,15,7.7,False
SESS0005280,CUST00261,2026-04-02,Website - Mobile Browser,6,17.2,True
SESS0005281,CUST00261,2026-08-15,Website - Mobile Browser,18,27.3,True
SESS0005282,CUST00261,2025-09-17,Website - Desktop,4,3.2,True
SESS0005283,CUST00261,2026-01-08,Mobile App,9,1.3,False
SESS0005284,CUST00261,2025-10-26,Website - Desktop,18,1.4,False
SESS0005285,CUST00261,2026-08-08,Website - Mobile Browser,2,11.2,True
SESS0005286,CUST00261,2026-03-05,Mobile App,13,9.8,True
SESS0005287,CUST00262,2025-08-28,Website - Mobile Browser,23,25.0,False
SESS0005288,CUST00262,2026-01-12,Website - Desktop,3,21.7,False
SESS0005289,CUST00262,2025-09-05,Website - Mobile Browser,13,8.5,False
SESS0005290,CUST00262,2026-07-18,Website - Desktop,19,13.4,False
SESS0005291,CUST00262,2026-03-17,Website - Desktop,7,19.1,True
SESS0005292,CUST00262,2026-07-02,Website - Desktop,2,13.7,False
SESS0005293,CUST00262,2026-08-06,Mobile App,10,19.2,False
SESS0005294,CUST00262,2025-11-02,Mobile App,8,16.5,False
SESS0005295,CUST00262,2026-04-07,Mobile App,19,2.3,True
SESS0005296,CUST00262,2025-10-31,Website - Desktop,11,21.1,False
SESS0005297,CUST00262,2025-11-13,Website - Mobile Browser,13,14.2,False
SESS0005298,CUST00262,2025-12-29,Mobile App,19,25.9,True
SESS0005299,CUST00262,2026-07-06,Website - Mobile Browser,13,22.3,True
SESS0005300,CUST00262,2026-07-21,Mobile App,19,5.0,True
SESS0005301,CUST00262,2026-03-30,Website - Desktop,10,10.3,False
SESS0005302,CUST00262,2026-03-21,Website - Desktop,15,22.9,True
SESS0005303,CUST00262,2026-07-13,Mobile App,22,6.6,True
SESS0005304,CUST00262,2026-05-08,Website - Mobile Browser,12,28.7,False
SESS0005305,CUST00262,2026-07-09,Website - Mobile Browser,6,13.5,False
SESS0005306,CUST00262,2025-10-29,Website - Desktop,7,22.0,True
SESS0005307,CUST00262,2025-10-19,Website - Desktop,21,17.8,False
SESS0005308,CUST00262,2026-06-17,Website - Mobile Browser,9,16.0,False
SESS0005309,CUST00262,2025-09-06,Mobile App,12,21.4,False
SESS0005310,CUST00262,2025-09-09,Website - Desktop,6,18.8,False
SESS0005311,CUST00262,2026-03-08,Mobile App,7,19.0,False
SESS0005312,CUST00262,2026-08-06,Website - Desktop,22,19.0,True
SESS0005313,CUST00262,2026-07-31,Website - Desktop,1,26.9,False
SESS0005314,CUST00262,2026-06-13,Website - Mobile Browser,17,12.3,False
SESS0005315,CUST00262,2025-12-17,Website - Mobile Browser,20,24.1,False
SESS0005316,CUST00262,2025-12-09,Website - Desktop,10,16.2,False
SESS0005317,CUST00263,2025-12-30,Mobile App,19,16.9,False
SESS0005318,CUST00263,2025-10-30,Website - Desktop,22,10.7,False
SESS0005319,CUST00263,2026-03-01,Website - Mobile Browser,3,16.8,False
SESS0005320,CUST00263,2026-07-17,Website - Mobile Browser,15,12.5,False
SESS0005321,CUST00263,2026-02-22,Mobile App,16,7.8,False
SESS0005322,CUST00263,2026-04-01,Mobile App,8,25.8,False
SESS0005323,CUST00263,2026-08-21,Website - Desktop,21,5.2,False
SESS0005324,CUST00263,2026-07-24,Website - Desktop,14,6.2,False
SESS0005325,CUST00263,2026-07-30,Mobile App,4,8.2,False
SESS0005326,CUST00263,2026-07-27,Mobile App,12,12.3,True
SESS0005327,CUST00263,2026-03-12,Website - Mobile Browser,11,5.7,False
SESS0005328,CUST00263,2026-01-13,Mobile App,13,5.6,False
SESS0005329,CUST00263,2026-02-04,Website - Mobile Browser,14,5.9,True
SESS0005330,CUST00263,2025-10-07,Website - Desktop,15,1.4,False
SESS0005331,CUST00263,2026-03-14,Website - Desktop,12,24.1,True
SESS0005332,CUST00263,2025-12-26,Website - Mobile Browser,10,6.5,False
SESS0005333,CUST00263,2026-01-05,Mobile App,3,2.8,False
SESS0005334,CUST00263,2025-11-21,Website - Desktop,19,8.3,False
SESS0005335,CUST00263,2026-06-17,Website - Desktop,16,19.4,True
SESS0005336,CUST00263,2025-11-02,Mobile App,21,16.8,False
SESS0005337,CUST00263,2026-01-19,Mobile App,21,23.2,False
SESS0005338,CUST00263,2026-01-02,Website - Mobile Browser,4,27.0,True
SESS0005339,CUST00263,2026-07-22,Website - Mobile Browser,4,4.1,False
SESS0005340,CUST00263,2026-07-24,Website - Desktop,25,15.0,False
SESS0005341,CUST00263,2026-06-14,Website - Desktop,22,11.9,True
SESS0005342,CUST00263,2026-07-20,Website - Mobile Browser,17,29.7,True
SESS0005343,CUST00263,2026-05-08,Website - Desktop,24,6.5,True
SESS0005344,CUST00263,2026-06-25,Website - Mobile Browser,20,16.1,False
SESS0005345,CUST00263,2025-10-01,Website - Mobile Browser,19,24.5,False
SESS0005346,CUST00265,2026-03-02,Website - Desktop,11,24.4,False
SESS0005347,CUST00265,2026-04-22,Website - Mobile Browser,3,24.0,False
SESS0005348,CUST00265,2025-12-20,Website - Desktop,16,26.6,True
SESS0005349,CUST00266,2026-06-14,Mobile App,11,28.8,False
SESS0005350,CUST00266,2026-06-21,Website - Mobile Browser,6,8.2,False
SESS0005351,CUST00266,2026-06-15,Mobile App,1,21.9,True
SESS0005352,CUST00266,2026-05-26,Website - Desktop,13,29.4,False
SESS0005353,CUST00266,2026-06-17,Mobile App,24,14.6,False
SESS0005354,CUST00266,2026-04-28,Website - Desktop,6,9.6,False
SESS0005355,CUST00266,2026-05-15,Website - Mobile Browser,3,27.7,False
SESS0005356,CUST00266,2026-06-02,Mobile App,14,12.9,False
SESS0005357,CUST00266,2026-04-27,Website - Desktop,4,21.9,False
SESS0005358,CUST00266,2026-08-13,Website - Mobile Browser,21,12.7,False
SESS0005359,CUST00266,2026-05-30,Website - Desktop,20,3.5,False
SESS0005360,CUST00266,2026-06-01,Mobile App,17,27.4,False
SESS0005361,CUST00266,2026-04-10,Website - Mobile Browser,21,1.6,False
SESS0005362,CUST00266,2026-04-02,Website - Desktop,3,25.6,False
SESS0005363,CUST00266,2026-04-14,Mobile App,12,17.6,True
SESS0005364,CUST00267,2026-05-29,Website - Desktop,1,4.6,False
SESS0005365,CUST00267,2026-06-07,Mobile App,14,1.8,False
SESS0005366,CUST00267,2026-04-10,Mobile App,6,27.4,False
SESS0005367,CUST00267,2026-08-20,Website - Mobile Browser,20,16.5,False
SESS0005368,CUST00267,2026-07-08,Website - Mobile Browser,8,19.3,True
SESS0005369,CUST00267,2026-07-08,Mobile App,2,16.8,False
SESS0005370,CUST00267,2026-06-24,Website - Desktop,24,21.2,False
SESS0005371,CUST00267,2026-05-22,Mobile App,12,1.6,False
SESS0005372,CUST00267,2026-02-18,Website - Desktop,25,11.7,False
SESS0005373,CUST00267,2026-08-11,Website - Mobile Browser,25,29.0,False
SESS0005374,CUST00268,2025-12-15,Mobile App,2,28.0,False
SESS0005375,CUST00268,2026-03-26,Website - Desktop,3,8.7,False
SESS0005376,CUST00268,2026-07-17,Website - Desktop,13,0.9,False
SESS0005377,CUST00268,2026-03-10,Website - Desktop,6,7.8,False
SESS0005378,CUST00268,2026-04-14,Website - Desktop,3,21.7,False
SESS0005379,CUST00268,2026-05-20,Website - Desktop,6,15.8,False
SESS0005380,CUST00268,2026-03-07,Website - Desktop,24,18.2,False
SESS0005381,CUST00268,2025-09-12,Website - Desktop,15,29.3,False
SESS0005382,CUST00268,2025-12-14,Website - Mobile Browser,14,6.8,False
SESS0005383,CUST00268,2025-11-02,Website - Desktop,23,23.1,False
SESS0005384,CUST00268,2026-08-09,Website - Mobile Browser,8,1.3,False
SESS0005385,CUST00268,2025-09-14,Website - Desktop,19,14.3,False
SESS0005386,CUST00268,2026-06-20,Website - Mobile Browser,18,25.5,True
SESS0005387,CUST00268,2026-07-07,Website - Desktop,14,1.0,False
SESS0005388,CUST00268,2026-05-19,Website - Mobile Browser,4,1.7,False
SESS0005389,CUST00268,2026-03-03,Website - Mobile Browser,9,22.0,False
SESS0005390,CUST00269,2025-10-30,Mobile App,25,8.8,False
SESS0005391,CUST00269,2026-01-07,Website - Mobile Browser,2,29.3,False
SESS0005392,CUST00269,2026-05-05,Website - Desktop,24,1.2,True
SESS0005393,CUST00269,2026-07-20,Website - Desktop,25,16.8,False
SESS0005394,CUST00269,2025-10-01,Website - Mobile Browser,13,13.1,True
SESS0005395,CUST00269,2026-08-03,Website - Mobile Browser,14,6.7,False
SESS0005396,CUST00269,2026-07-14,Website - Desktop,13,1.0,False
SESS0005397,CUST00269,2026-05-10,Mobile App,6,3.1,True
SESS0005398,CUST00269,2025-09-22,Website - Desktop,5,12.0,False
SESS0005399,CUST00269,2025-11-08,Website - Desktop,10,25.2,False
SESS0005400,CUST00269,2025-11-09,Mobile App,17,1.2,False
SESS0005401,CUST00269,2026-04-14,Website - Desktop,12,17.7,True
SESS0005402,CUST00269,2025-09-01,Website - Desktop,20,19.2,False
SESS0005403,CUST00269,2026-07-24,Website - Desktop,8,10.4,False
SESS0005404,CUST00269,2025-11-09,Website - Mobile Browser,8,14.4,False
SESS0005405,CUST00269,2026-05-02,Website - Mobile Browser,19,10.3,False
SESS0005406,CUST00269,2026-07-25,Website - Mobile Browser,14,27.7,False
SESS0005407,CUST00269,2025-08-28,Website - Desktop,15,26.9,False
SESS0005408,CUST00269,2025-11-21,Website - Desktop,18,24.5,False
SESS0005409,CUST00269,2026-06-15,Website - Desktop,24,27.7,True
SESS0005410,CUST00270,2026-07-01,Mobile App,6,28.3,False
SESS0005411,CUST00270,2026-08-17,Website - Mobile Browser,18,25.0,False
SESS0005412,CUST00270,2026-08-18,Website - Mobile Browser,21,2.0,False
SESS0005413,CUST00270,2026-06-29,Website - Desktop,25,5.5,True
SESS0005414,CUST00271,2026-01-25,Website - Mobile Browser,25,19.2,True
SESS0005415,CUST00271,2026-06-29,Website - Desktop,19,20.7,False
SESS0005416,CUST00271,2025-10-08,Website - Desktop,11,26.4,True
SESS0005417,CUST00271,2025-11-10,Website - Mobile Browser,13,15.1,False
SESS0005418,CUST00271,2025-12-14,Website - Mobile Browser,19,18.7,True
SESS0005419,CUST00271,2026-05-03,Mobile App,22,15.8,False
SESS0005420,CUST00271,2026-07-13,Website - Desktop,1,2.2,False
SESS0005421,CUST00271,2026-02-11,Mobile App,11,17.3,True
SESS0005422,CUST00271,2026-04-01,Mobile App,10,4.7,False
SESS0005423,CUST00271,2026-07-07,Website - Desktop,16,26.7,False
SESS0005424,CUST00271,2026-04-19,Website - Mobile Browser,18,10.6,False
SESS0005425,CUST00271,2025-12-01,Mobile App,22,28.3,False
SESS0005426,CUST00271,2026-07-12,Website - Desktop,23,7.8,True
SESS0005427,CUST00271,2026-05-26,Website - Desktop,14,2.6,True
SESS0005428,CUST00271,2025-12-23,Website - Desktop,24,5.4,False
SESS0005429,CUST00271,2026-05-11,Website - Mobile Browser,12,4.7,False
SESS0005430,CUST00271,2026-02-09,Mobile App,7,8.3,False
SESS0005431,CUST00271,2026-02-08,Mobile App,17,18.2,False
SESS0005432,CUST00271,2025-12-25,Mobile App,15,4.7,True
SESS0005433,CUST00271,2026-07-20,Website - Desktop,12,29.9,False
SESS0005434,CUST00271,2026-06-22,Mobile App,22,6.9,False
SESS0005435,CUST00271,2026-03-05,Website - Desktop,4,21.5,False
SESS0005436,CUST00271,2026-04-11,Website - Desktop,3,24.2,False
SESS0005437,CUST00271,2026-04-20,Mobile App,8,6.5,False
SESS0005438,CUST00271,2026-02-02,Website - Mobile Browser,8,2.3,False
SESS0005439,CUST00271,2026-05-13,Website - Desktop,10,3.1,False
SESS0005440,CUST00271,2026-02-20,Mobile App,14,19.8,False
SESS0005441,CUST00271,2026-05-02,Mobile App,22,5.8,True
SESS0005442,CUST00271,2025-12-07,Website - Mobile Browser,7,3.1,False
SESS0005443,CUST00271,2026-04-23,Website - Mobile Browser,18,1.9,True
SESS0005444,CUST00272,2025-10-07,Mobile App,19,7.6,False
SESS0005445,CUST00272,2026-07-17,Website - Mobile Browser,24,28.0,False
SESS0005446,CUST00272,2026-02-18,Website - Desktop,15,13.9,False
SESS0005447,CUST00272,2025-11-01,Website - Desktop,25,28.6,False
SESS0005448,CUST00273,2026-05-13,Website - Desktop,10,10.3,False
SESS0005449,CUST00273,2026-08-13,Mobile App,9,27.0,False
SESS0005450,CUST00273,2026-05-03,Website - Mobile Browser,11,24.3,False
SESS0005451,CUST00273,2026-07-05,Mobile App,12,23.3,False
SESS0005452,CUST00273,2026-08-11,Mobile App,2,4.6,False
SESS0005453,CUST00273,2026-05-24,Website - Mobile Browser,11,11.5,False
SESS0005454,CUST00273,2026-06-13,Mobile App,18,18.7,False
SESS0005455,CUST00273,2026-05-07,Mobile App,23,7.9,False
SESS0005456,CUST00273,2026-06-18,Mobile App,7,11.3,False
SESS0005457,CUST00273,2026-04-11,Mobile App,10,29.2,False
SESS0005458,CUST00273,2026-04-12,Website - Desktop,24,23.7,False
SESS0005459,CUST00273,2026-07-26,Mobile App,13,7.9,False
SESS0005460,CUST00273,2026-08-04,Website - Desktop,1,11.9,False
SESS0005461,CUST00273,2026-08-14,Mobile App,11,19.2,True
SESS0005462,CUST00273,2026-06-16,Website - Desktop,10,24.5,False
SESS0005463,CUST00273,2026-06-08,Mobile App,4,28.0,False
SESS0005464,CUST00273,2026-04-13,Website - Desktop,10,17.1,False
SESS0005465,CUST00273,2026-08-21,Website - Desktop,22,4.5,False
SESS0005466,CUST00273,2026-06-03,Website - Mobile Browser,15,7.9,True
SESS0005467,CUST00273,2026-04-11,Website - Desktop,2,13.4,False
SESS0005468,CUST00273,2026-04-29,Website - Desktop,6,10.7,False
SESS0005469,CUST00273,2026-07-28,Mobile App,8,22.3,False
SESS0005470,CUST00274,2026-08-09,Website - Mobile Browser,20,6.6,False
SESS0005471,CUST00274,2026-08-18,Mobile App,6,11.5,True
SESS0005472,CUST00274,2026-08-19,Website - Desktop,17,29.6,False
SESS0005473,CUST00274,2026-08-10,Mobile App,19,20.3,False
SESS0005474,CUST00274,2026-08-16,Website - Mobile Browser,10,25.0,False
SESS0005475,CUST00274,2026-08-13,Mobile App,13,20.5,False
SESS0005476,CUST00274,2026-08-09,Website - Mobile Browser,3,22.6,False
SESS0005477,CUST00274,2026-08-15,Website - Desktop,11,25.2,False
SESS0005478,CUST00274,2026-08-07,Website - Desktop,10,13.3,False
SESS0005479,CUST00274,2026-08-21,Mobile App,8,24.8,True
SESS0005480,CUST00274,2026-08-18,Website - Desktop,3,29.1,True
SESS0005481,CUST00274,2026-08-09,Mobile App,24,16.0,False
SESS0005482,CUST00274,2026-08-10,Website - Desktop,11,8.0,False
SESS0005483,CUST00274,2026-08-11,Mobile App,17,17.8,False
SESS0005484,CUST00274,2026-08-15,Website - Mobile Browser,22,10.7,True
SESS0005485,CUST00274,2026-08-21,Website - Mobile Browser,10,11.6,False
SESS0005486,CUST00274,2026-08-12,Website - Mobile Browser,20,20.5,False
SESS0005487,CUST00274,2026-08-21,Website - Desktop,5,22.9,False
SESS0005488,CUST00274,2026-08-20,Mobile App,24,4.3,False
SESS0005489,CUST00274,2026-08-12,Mobile App,2,24.0,False
SESS0005490,CUST00274,2026-08-10,Mobile App,15,14.8,False
SESS0005491,CUST00274,2026-08-16,Website - Mobile Browser,16,7.6,False
SESS0005492,CUST00274,2026-08-12,Website - Desktop,2,20.4,True
SESS0005493,CUST00275,2025-10-21,Mobile App,22,9.3,False
SESS0005494,CUST00275,2025-12-10,Website - Mobile Browser,20,4.3,False
SESS0005495,CUST00275,2025-09-18,Mobile App,13,26.6,False
SESS0005496,CUST00275,2025-11-01,Website - Desktop,6,14.9,False
SESS0005497,CUST00275,2025-11-04,Mobile App,23,15.3,False
SESS0005498,CUST00275,2026-04-20,Mobile App,5,22.9,False
SESS0005499,CUST00276,2026-01-31,Website - Mobile Browser,17,10.5,True
SESS0005500,CUST00276,2026-07-06,Website - Desktop,22,2.0,False
SESS0005501,CUST00276,2025-09-20,Website - Desktop,17,28.1,True
SESS0005502,CUST00276,2025-11-23,Website - Desktop,24,14.3,False
SESS0005503,CUST00276,2026-03-05,Website - Desktop,14,20.5,True
SESS0005504,CUST00276,2026-03-15,Website - Desktop,14,17.0,False
SESS0005505,CUST00276,2025-10-17,Website - Desktop,2,17.2,False
SESS0005506,CUST00276,2026-08-09,Website - Mobile Browser,8,11.9,False
SESS0005507,CUST00276,2025-09-16,Mobile App,11,17.3,False
SESS0005508,CUST00276,2026-04-30,Mobile App,23,12.7,False
SESS0005509,CUST00276,2026-01-21,Mobile App,8,6.6,False
SESS0005510,CUST00276,2026-03-07,Mobile App,6,4.4,False
SESS0005511,CUST00276,2026-04-06,Mobile App,17,4.9,False
SESS0005512,CUST00276,2025-10-27,Website - Desktop,3,18.0,True
SESS0005513,CUST00276,2026-07-28,Mobile App,21,21.4,False
SESS0005514,CUST00276,2026-01-07,Website - Desktop,24,26.8,False
SESS0005515,CUST00276,2025-10-17,Website - Mobile Browser,13,17.6,False
SESS0005516,CUST00276,2025-10-03,Website - Mobile Browser,16,17.3,False
SESS0005517,CUST00276,2025-11-19,Website - Mobile Browser,20,29.7,False
SESS0005518,CUST00276,2026-01-11,Mobile App,19,13.0,False
SESS0005519,CUST00276,2026-03-17,Website - Desktop,6,15.1,True
SESS0005520,CUST00276,2026-06-15,Website - Mobile Browser,7,12.0,False
SESS0005521,CUST00276,2026-05-30,Mobile App,6,23.0,False
SESS0005522,CUST00276,2025-10-09,Website - Mobile Browser,3,12.9,True
SESS0005523,CUST00276,2025-11-15,Mobile App,4,4.5,False
SESS0005524,CUST00276,2026-04-10,Website - Mobile Browser,23,23.1,True
SESS0005525,CUST00276,2026-03-17,Website - Desktop,7,29.2,False
SESS0005526,CUST00276,2025-09-22,Mobile App,19,24.9,False
SESS0005527,CUST00276,2026-04-17,Mobile App,15,29.9,False
SESS0005528,CUST00276,2026-07-20,Website - Mobile Browser,12,20.2,False
SESS0005529,CUST00276,2026-07-30,Website - Desktop,1,12.9,True
SESS0005530,CUST00277,2026-05-21,Mobile App,14,6.1,False
SESS0005531,CUST00277,2026-02-15,Mobile App,21,22.2,False
SESS0005532,CUST00277,2026-05-13,Website - Desktop,13,18.8,False
SESS0005533,CUST00277,2026-03-31,Website - Mobile Browser,17,9.6,True
SESS0005534,CUST00277,2026-06-17,Website - Desktop,1,25.2,False
SESS0005535,CUST00277,2026-05-31,Mobile App,24,5.2,True
SESS0005536,CUST00277,2026-05-12,Mobile App,25,4.3,False
SESS0005537,CUST00277,2026-03-04,Mobile App,23,13.6,False
SESS0005538,CUST00277,2026-08-18,Website - Desktop,7,22.6,False
SESS0005539,CUST00277,2026-04-01,Website - Mobile Browser,24,7.3,False
SESS0005540,CUST00277,2026-07-31,Website - Desktop,3,3.9,False
SESS0005541,CUST00277,2026-01-12,Mobile App,1,29.0,False
SESS0005542,CUST00278,2026-03-08,Mobile App,22,25.4,False
SESS0005543,CUST00278,2026-01-03,Website - Mobile Browser,23,21.7,False
SESS0005544,CUST00278,2025-10-17,Website - Mobile Browser,14,29.0,False
SESS0005545,CUST00278,2026-04-13,Website - Mobile Browser,11,6.4,False
SESS0005546,CUST00278,2025-10-28,Website - Mobile Browser,3,21.5,True
SESS0005547,CUST00278,2026-08-10,Mobile App,17,23.0,False
SESS0005548,CUST00278,2026-08-21,Website - Mobile Browser,1,24.4,True
SESS0005549,CUST00278,2026-07-10,Website - Desktop,14,11.9,False
SESS0005550,CUST00278,2026-01-06,Website - Mobile Browser,24,28.2,False
SESS0005551,CUST00278,2025-09-03,Mobile App,17,2.7,False
SESS0005552,CUST00278,2026-06-12,Website - Desktop,11,17.7,False
SESS0005553,CUST00278,2025-10-17,Mobile App,7,6.4,False
SESS0005554,CUST00278,2026-02-08,Website - Mobile Browser,2,21.7,False
SESS0005555,CUST00278,2026-05-09,Website - Mobile Browser,9,29.6,True
SESS0005556,CUST00278,2026-03-09,Mobile App,16,11.2,False
SESS0005557,CUST00278,2025-11-16,Website - Mobile Browser,7,20.2,True
SESS0005558,CUST00278,2026-01-18,Mobile App,5,21.5,False
SESS0005559,CUST00278,2026-06-25,Mobile App,23,13.7,False
SESS0005560,CUST00278,2026-01-01,Website - Desktop,15,25.0,False
SESS0005561,CUST00278,2026-08-01,Website - Desktop,2,24.5,False
SESS0005562,CUST00278,2026-01-25,Website - Mobile Browser,8,2.1,False
SESS0005563,CUST00278,2026-01-24,Website - Desktop,18,2.3,False
SESS0005564,CUST00278,2026-05-18,Mobile App,23,25.8,False
SESS0005565,CUST00278,2026-02-02,Mobile App,10,25.6,False
SESS0005566,CUST00278,2026-01-13,Website - Mobile Browser,20,2.6,False
SESS0005567,CUST00278,2026-01-04,Website - Mobile Browser,20,28.7,False
SESS0005568,CUST00278,2025-12-22,Website - Mobile Browser,6,27.3,False
SESS0005569,CUST00278,2026-01-17,Mobile App,11,4.1,False
SESS0005570,CUST00278,2026-05-14,Website - Desktop,16,12.7,False
SESS0005571,CUST00278,2025-11-09,Mobile App,13,21.9,False
SESS0005572,CUST00278,2025-11-13,Website - Desktop,15,12.7,False
SESS0005573,CUST00278,2025-11-03,Website - Mobile Browser,6,28.8,False
SESS0005574,CUST00278,2025-11-05,Website - Desktop,4,25.3,False
SESS0005575,CUST00278,2026-07-07,Website - Mobile Browser,9,21.4,False
SESS0005576,CUST00279,2026-05-20,Mobile App,19,9.5,False
SESS0005577,CUST00280,2026-04-06,Website - Desktop,7,20.3,False
SESS0005578,CUST00280,2026-07-17,Website - Desktop,24,25.8,False
SESS0005579,CUST00280,2026-03-12,Website - Desktop,13,2.8,False
SESS0005580,CUST00280,2026-05-29,Website - Mobile Browser,18,25.4,False
SESS0005581,CUST00280,2026-01-20,Website - Desktop,1,23.4,False
SESS0005582,CUST00280,2026-04-15,Mobile App,23,26.9,False
SESS0005583,CUST00280,2025-11-11,Website - Mobile Browser,12,18.0,False
SESS0005584,CUST00280,2025-10-16,Website - Mobile Browser,15,15.7,True
SESS0005585,CUST00280,2025-10-05,Mobile App,19,21.1,False
SESS0005586,CUST00280,2026-04-18,Website - Desktop,25,17.9,True
SESS0005587,CUST00280,2025-12-13,Mobile App,4,17.6,False
SESS0005588,CUST00280,2026-06-22,Mobile App,21,14.1,False
SESS0005589,CUST00280,2026-06-01,Mobile App,18,23.4,False
SESS0005590,CUST00280,2026-04-08,Website - Desktop,2,21.3,False
SESS0005591,CUST00280,2025-09-14,Mobile App,15,4.5,False
SESS0005592,CUST00280,2025-11-13,Mobile App,8,27.8,False
SESS0005593,CUST00280,2026-03-13,Website - Mobile Browser,18,3.5,True
SESS0005594,CUST00280,2025-10-22,Mobile App,25,27.4,False
SESS0005595,CUST00280,2026-01-12,Website - Desktop,16,13.1,True
SESS0005596,CUST00280,2026-03-01,Mobile App,1,6.4,False
SESS0005597,CUST00280,2025-10-30,Website - Desktop,25,7.9,False
SESS0005598,CUST00280,2026-02-02,Website - Desktop,12,12.9,True
SESS0005599,CUST00280,2026-05-03,Website - Mobile Browser,4,17.6,False
SESS0005600,CUST00280,2026-01-12,Website - Desktop,13,20.0,False
SESS0005601,CUST00280,2026-04-24,Website - Desktop,7,17.9,False
SESS0005602,CUST00280,2025-12-03,Mobile App,11,8.2,False
SESS0005603,CUST00280,2026-05-22,Mobile App,20,7.7,False
SESS0005604,CUST00280,2026-03-17,Website - Mobile Browser,20,0.7,False
SESS0005605,CUST00280,2025-10-22,Website - Desktop,9,29.6,False
SESS0005606,CUST00280,2026-01-18,Website - Mobile Browser,18,15.1,False
SESS0005607,CUST00280,2026-06-04,Website - Mobile Browser,22,2.0,False
SESS0005608,CUST00280,2025-11-06,Website - Mobile Browser,14,16.2,True
SESS0005609,CUST00280,2026-01-22,Mobile App,11,6.8,True
SESS0005610,CUST00280,2026-02-11,Website - Mobile Browser,6,13.0,False
SESS0005611,CUST00280,2026-07-05,Mobile App,11,8.5,False
SESS0005612,CUST00280,2025-10-12,Website - Mobile Browser,2,20.7,False
SESS0005613,CUST00280,2026-07-28,Website - Mobile Browser,2,9.5,False
SESS0005614,CUST00281,2025-12-18,Website - Desktop,4,25.0,False
SESS0005615,CUST00281,2026-07-28,Website - Desktop,25,22.1,True
SESS0005616,CUST00281,2026-04-04,Mobile App,19,20.3,False
SESS0005617,CUST00281,2026-05-18,Mobile App,15,6.7,False
SESS0005618,CUST00281,2026-07-08,Website - Desktop,9,12.1,False
SESS0005619,CUST00281,2026-04-27,Website - Mobile Browser,8,19.1,False
SESS0005620,CUST00281,2026-06-06,Website - Desktop,8,25.4,False
SESS0005621,CUST00281,2025-09-26,Mobile App,19,19.3,True
SESS0005622,CUST00281,2025-08-30,Website - Mobile Browser,9,3.6,True
SESS0005623,CUST00281,2026-07-03,Website - Mobile Browser,11,28.4,False
SESS0005624,CUST00281,2025-09-14,Mobile App,17,7.0,True
SESS0005625,CUST00281,2026-06-29,Mobile App,12,9.2,False
SESS0005626,CUST00281,2025-12-17,Website - Mobile Browser,21,8.0,False
SESS0005627,CUST00281,2026-07-17,Mobile App,12,19.1,True
SESS0005628,CUST00281,2025-11-08,Website - Mobile Browser,21,1.7,False
SESS0005629,CUST00281,2025-10-20,Website - Mobile Browser,10,25.9,True
SESS0005630,CUST00281,2025-11-11,Website - Desktop,6,20.0,False
SESS0005631,CUST00281,2026-06-25,Mobile App,11,17.2,False
SESS0005632,CUST00282,2026-01-04,Mobile App,24,20.7,False
SESS0005633,CUST00282,2026-07-20,Mobile App,8,17.0,False
SESS0005634,CUST00282,2026-03-25,Website - Mobile Browser,14,29.6,False
SESS0005635,CUST00282,2026-06-21,Website - Desktop,2,29.8,False
SESS0005636,CUST00282,2026-02-14,Mobile App,24,15.9,False
SESS0005637,CUST00282,2026-05-07,Mobile App,7,23.5,False
SESS0005638,CUST00282,2025-12-09,Mobile App,21,6.8,False
SESS0005639,CUST00282,2025-10-02,Website - Desktop,18,6.9,False
SESS0005640,CUST00282,2026-03-17,Website - Desktop,22,21.1,True
SESS0005641,CUST00282,2026-07-17,Website - Mobile Browser,4,15.6,False
SESS0005642,CUST00282,2025-10-20,Mobile App,23,22.8,False
SESS0005643,CUST00282,2026-01-23,Website - Mobile Browser,20,26.2,False
SESS0005644,CUST00282,2026-03-06,Website - Mobile Browser,1,5.8,False
SESS0005645,CUST00282,2026-04-06,Mobile App,17,5.4,True
SESS0005646,CUST00282,2025-10-22,Mobile App,12,28.0,False
SESS0005647,CUST00282,2026-03-13,Website - Mobile Browser,11,4.0,False
SESS0005648,CUST00282,2026-02-12,Mobile App,3,24.5,False
SESS0005649,CUST00282,2026-08-15,Mobile App,11,13.4,False
SESS0005650,CUST00282,2026-05-02,Website - Desktop,16,2.6,True
SESS0005651,CUST00282,2026-07-18,Website - Mobile Browser,22,17.0,False
SESS0005652,CUST00282,2026-08-13,Mobile App,8,2.2,True
SESS0005653,CUST00282,2026-04-22,Website - Desktop,11,24.2,False
SESS0005654,CUST00282,2025-10-18,Website - Desktop,17,18.9,False
SESS0005655,CUST00282,2026-02-03,Mobile App,22,25.2,True
SESS0005656,CUST00282,2026-05-26,Mobile App,13,13.4,False
SESS0005657,CUST00282,2025-10-14,Mobile App,20,26.2,True
SESS0005658,CUST00282,2026-01-11,Website - Mobile Browser,16,20.0,True
SESS0005659,CUST00282,2026-01-10,Website - Desktop,11,22.6,False
SESS0005660,CUST00282,2025-10-27,Mobile App,13,8.8,False
SESS0005661,CUST00282,2025-09-03,Website - Desktop,9,21.1,True
SESS0005662,CUST00282,2026-05-01,Website - Mobile Browser,10,9.8,False
SESS0005663,CUST00282,2026-06-17,Mobile App,12,13.6,False
SESS0005664,CUST00282,2026-07-28,Website - Desktop,22,24.4,False
SESS0005665,CUST00282,2026-03-25,Website - Mobile Browser,5,29.5,False
SESS0005666,CUST00282,2025-10-31,Website - Mobile Browser,14,19.8,False
SESS0005667,CUST00282,2026-07-14,Website - Mobile Browser,2,21.4,False
SESS0005668,CUST00282,2026-08-11,Website - Desktop,4,23.0,True
SESS0005669,CUST00283,2026-08-02,Website - Desktop,24,13.3,False
SESS0005670,CUST00283,2026-03-19,Mobile App,18,26.0,True
SESS0005671,CUST00283,2026-07-11,Website - Desktop,14,9.0,False
SESS0005672,CUST00283,2026-08-17,Mobile App,21,11.4,False
SESS0005673,CUST00283,2026-07-12,Website - Mobile Browser,1,29.1,False
SESS0005674,CUST00283,2025-09-20,Website - Mobile Browser,24,6.7,True
SESS0005675,CUST00283,2025-10-14,Website - Mobile Browser,8,8.1,False
SESS0005676,CUST00284,2026-04-30,Mobile App,25,14.8,False
SESS0005677,CUST00284,2026-05-15,Website - Desktop,2,7.8,False
SESS0005678,CUST00284,2026-04-06,Website - Mobile Browser,24,27.0,False
SESS0005679,CUST00285,2026-08-19,Mobile App,25,16.4,True
SESS0005680,CUST00285,2026-06-07,Website - Desktop,20,29.2,False
SESS0005681,CUST00285,2026-04-24,Website - Desktop,25,10.0,True
SESS0005682,CUST00285,2026-08-08,Mobile App,11,26.0,False
SESS0005683,CUST00285,2025-12-20,Website - Mobile Browser,16,25.7,False
SESS0005684,CUST00285,2026-05-10,Website - Mobile Browser,5,12.4,False
SESS0005685,CUST00285,2026-08-03,Mobile App,21,6.5,True
SESS0005686,CUST00285,2025-09-25,Website - Desktop,22,22.3,False
SESS0005687,CUST00285,2026-04-01,Website - Desktop,3,11.6,False
SESS0005688,CUST00285,2026-06-10,Website - Mobile Browser,22,12.0,True
SESS0005689,CUST00285,2025-09-01,Website - Mobile Browser,17,27.3,False
SESS0005690,CUST00285,2026-07-13,Website - Desktop,24,7.9,False
SESS0005691,CUST00285,2026-01-24,Mobile App,7,19.2,True
SESS0005692,CUST00285,2025-10-26,Website - Mobile Browser,18,10.7,False
SESS0005693,CUST00285,2026-06-29,Website - Desktop,18,22.8,False
SESS0005694,CUST00286,2025-11-04,Website - Desktop,17,3.3,False
SESS0005695,CUST00286,2025-12-05,Mobile App,4,24.0,True
SESS0005696,CUST00286,2026-03-02,Website - Mobile Browser,19,28.6,True
SESS0005697,CUST00286,2026-07-22,Website - Mobile Browser,6,28.0,False
SESS0005698,CUST00286,2026-02-19,Mobile App,17,22.7,True
SESS0005699,CUST00286,2026-07-19,Website - Desktop,6,10.8,False
SESS0005700,CUST00286,2025-09-14,Website - Desktop,24,3.3,False
SESS0005701,CUST00286,2025-11-20,Website - Desktop,11,11.4,True
SESS0005702,CUST00286,2025-12-15,Website - Mobile Browser,20,5.3,False
SESS0005703,CUST00286,2026-02-04,Website - Mobile Browser,8,3.0,False
SESS0005704,CUST00286,2026-01-29,Mobile App,8,10.7,False
SESS0005705,CUST00287,2026-04-05,Mobile App,17,4.9,False
SESS0005706,CUST00287,2026-07-16,Website - Desktop,22,9.4,False
SESS0005707,CUST00287,2026-07-18,Website - Desktop,15,17.6,False
SESS0005708,CUST00287,2026-06-04,Website - Desktop,12,13.6,False
SESS0005709,CUST00287,2026-04-11,Website - Mobile Browser,19,21.6,False
SESS0005710,CUST00287,2026-06-18,Mobile App,7,4.9,False
SESS0005711,CUST00287,2026-04-18,Website - Desktop,2,16.0,True
SESS0005712,CUST00287,2026-08-18,Website - Mobile Browser,14,27.3,False
SESS0005713,CUST00287,2026-06-28,Website - Desktop,21,6.7,False
SESS0005714,CUST00287,2026-07-14,Mobile App,22,20.6,False
SESS0005715,CUST00287,2026-04-02,Website - Mobile Browser,6,6.7,False
SESS0005716,CUST00287,2026-05-24,Website - Desktop,18,13.5,False
SESS0005717,CUST00288,2026-07-18,Website - Desktop,13,14.3,False
SESS0005718,CUST00288,2026-01-10,Mobile App,13,6.7,False
SESS0005719,CUST00288,2025-09-08,Mobile App,1,25.6,False
SESS0005720,CUST00288,2026-04-25,Mobile App,4,14.3,False
SESS0005721,CUST00288,2026-05-04,Mobile App,17,23.2,False
SESS0005722,CUST00288,2025-12-25,Mobile App,23,26.8,False
SESS0005723,CUST00288,2026-06-12,Mobile App,17,24.8,False
SESS0005724,CUST00288,2026-06-30,Website - Mobile Browser,16,8.8,True
SESS0005725,CUST00288,2026-06-05,Mobile App,14,24.3,False
SESS0005726,CUST00288,2026-01-20,Website - Mobile Browser,23,7.1,False
SESS0005727,CUST00288,2025-12-28,Mobile App,8,28.3,True
SESS0005728,CUST00288,2026-08-01,Website - Mobile Browser,4,12.0,False
SESS0005729,CUST00288,2026-05-12,Website - Desktop,14,5.8,False
SESS0005730,CUST00288,2026-03-13,Mobile App,17,8.6,False
SESS0005731,CUST00288,2026-02-18,Website - Desktop,3,9.1,True
SESS0005732,CUST00288,2025-12-01,Website - Mobile Browser,11,13.9,False
SESS0005733,CUST00288,2026-07-21,Website - Desktop,5,5.3,False
SESS0005734,CUST00288,2026-07-23,Mobile App,25,25.2,False
SESS0005735,CUST00288,2025-09-26,Website - Mobile Browser,10,16.0,True
SESS0005736,CUST00288,2026-04-23,Website - Desktop,24,29.5,False
SESS0005737,CUST00288,2025-12-19,Mobile App,24,20.0,True
SESS0005738,CUST00288,2026-02-26,Website - Desktop,1,9.2,False
SESS0005739,CUST00288,2025-10-06,Website - Mobile Browser,4,13.5,False
SESS0005740,CUST00288,2026-06-14,Website - Desktop,7,15.6,False
SESS0005741,CUST00288,2026-06-13,Mobile App,24,11.7,False
SESS0005742,CUST00288,2025-10-04,Website - Desktop,9,2.6,True
SESS0005743,CUST00288,2025-09-22,Website - Desktop,21,15.0,False
SESS0005744,CUST00288,2026-01-08,Website - Desktop,16,26.3,False
SESS0005745,CUST00288,2025-10-21,Mobile App,3,13.2,True
SESS0005746,CUST00288,2026-06-11,Mobile App,22,8.6,False
SESS0005747,CUST00288,2026-06-03,Website - Mobile Browser,19,6.3,False
SESS0005748,CUST00288,2026-07-03,Website - Desktop,1,14.1,False
SESS0005749,CUST00288,2025-08-30,Website - Mobile Browser,1,20.8,False
SESS0005750,CUST00288,2025-08-31,Website - Mobile Browser,17,11.6,True
SESS0005751,CUST00288,2026-06-13,Website - Mobile Browser,22,1.3,False
SESS0005752,CUST00288,2026-07-06,Website - Mobile Browser,1,25.3,False
SESS0005753,CUST00288,2026-04-06,Mobile App,9,16.5,False
SESS0005754,CUST00288,2025-10-22,Mobile App,22,6.4,True
SESS0005755,CUST00288,2026-04-09,Mobile App,9,13.9,False
SESS0005756,CUST00288,2026-07-06,Website - Desktop,9,22.2,True
SESS0005757,CUST00289,2026-06-29,Website - Mobile Browser,23,5.4,False
SESS0005758,CUST00289,2026-08-09,Website - Mobile Browser,6,5.1,False
SESS0005759,CUST00289,2026-07-31,Mobile App,17,28.8,False
SESS0005760,CUST00289,2026-05-24,Mobile App,12,23.7,True
SESS0005761,CUST00289,2026-05-26,Website - Mobile Browser,19,25.9,False
SESS0005762,CUST00289,2026-07-23,Mobile App,4,25.4,False
SESS0005763,CUST00289,2026-06-02,Website - Mobile Browser,1,4.0,False
SESS0005764,CUST00289,2026-07-27,Website - Desktop,20,13.2,False
SESS0005765,CUST00289,2026-05-22,Mobile App,11,22.9,False
SESS0005766,CUST00289,2026-05-23,Mobile App,23,4.5,False
SESS0005767,CUST00289,2026-08-17,Website - Mobile Browser,3,7.3,False
SESS0005768,CUST00289,2026-05-14,Mobile App,2,7.8,False
SESS0005769,CUST00289,2026-08-01,Mobile App,12,1.9,False
SESS0005770,CUST00289,2026-06-06,Website - Desktop,9,18.2,False
SESS0005771,CUST00289,2026-05-18,Mobile App,18,7.3,False
SESS0005772,CUST00289,2026-05-21,Website - Desktop,2,22.9,False
SESS0005773,CUST00289,2026-06-15,Website - Mobile Browser,8,14.7,False
SESS0005774,CUST00289,2026-07-05,Website - Desktop,7,18.1,False
SESS0005775,CUST00289,2026-06-30,Mobile App,24,17.1,False
SESS0005776,CUST00289,2026-06-02,Website - Mobile Browser,1,6.1,False
SESS0005777,CUST00289,2026-08-20,Website - Mobile Browser,14,19.4,False
SESS0005778,CUST00289,2026-07-13,Website - Desktop,18,12.6,False
SESS0005779,CUST00289,2026-06-01,Mobile App,19,19.6,False
SESS0005780,CUST00289,2026-06-11,Mobile App,11,29.3,False
SESS0005781,CUST00289,2026-07-20,Website - Desktop,22,15.6,False
SESS0005782,CUST00289,2026-08-08,Mobile App,11,17.7,False
SESS0005783,CUST00289,2026-05-20,Mobile App,18,4.2,True
SESS0005784,CUST00289,2026-06-01,Website - Desktop,6,3.6,False
SESS0005785,CUST00289,2026-05-14,Website - Desktop,9,9.0,False
SESS0005786,CUST00289,2026-05-31,Website - Mobile Browser,8,17.3,False
SESS0005787,CUST00289,2026-06-02,Website - Desktop,4,14.8,False
SESS0005788,CUST00289,2026-05-28,Website - Mobile Browser,1,1.4,False
SESS0005789,CUST00289,2026-07-07,Website - Desktop,13,16.1,False
SESS0005790,CUST00289,2026-08-19,Website - Mobile Browser,9,27.5,False
SESS0005791,CUST00289,2026-07-22,Website - Desktop,22,28.0,False
SESS0005792,CUST00289,2026-07-23,Website - Desktop,10,23.5,False
SESS0005793,CUST00290,2026-01-02,Website - Desktop,1,13.6,True
SESS0005794,CUST00290,2026-01-29,Website - Desktop,24,2.2,False
SESS0005795,CUST00290,2026-03-04,Website - Desktop,9,3.6,True
SESS0005796,CUST00290,2026-08-19,Mobile App,18,0.5,False
SESS0005797,CUST00290,2026-01-23,Website - Mobile Browser,7,15.3,True
SESS0005798,CUST00290,2026-05-22,Mobile App,18,20.5,False
SESS0005799,CUST00290,2026-05-11,Website - Desktop,1,9.5,False
SESS0005800,CUST00290,2026-05-13,Website - Desktop,4,12.4,True
SESS0005801,CUST00290,2026-04-20,Website - Mobile Browser,25,21.4,False
SESS0005802,CUST00290,2026-02-23,Website - Desktop,12,4.4,False
SESS0005803,CUST00290,2026-03-31,Website - Desktop,18,9.0,False
SESS0005804,CUST00290,2026-07-08,Mobile App,7,20.2,True
SESS0005805,CUST00290,2026-06-16,Mobile App,13,14.4,True
SESS0005806,CUST00290,2026-04-26,Website - Desktop,5,8.2,False
SESS0005807,CUST00290,2026-05-27,Mobile App,8,10.5,False
SESS0005808,CUST00290,2026-08-14,Website - Desktop,6,18.5,False
SESS0005809,CUST00290,2026-02-15,Website - Mobile Browser,8,22.8,False
SESS0005810,CUST00290,2026-06-21,Mobile App,20,23.0,False
SESS0005811,CUST00290,2025-12-30,Website - Mobile Browser,12,4.5,False
SESS0005812,CUST00290,2025-12-29,Website - Desktop,2,15.9,False
SESS0005813,CUST00290,2026-03-10,Website - Desktop,7,5.8,False
SESS0005814,CUST00290,2026-06-15,Website - Desktop,8,9.1,False
SESS0005815,CUST00290,2026-05-18,Mobile App,3,8.0,False
SESS0005816,CUST00290,2026-07-07,Website - Desktop,24,9.5,False
SESS0005817,CUST00290,2026-01-03,Website - Desktop,24,14.9,False
SESS0005818,CUST00291,2026-05-29,Website - Desktop,2,8.6,False
SESS0005819,CUST00291,2026-05-11,Website - Mobile Browser,2,17.5,False
SESS0005820,CUST00291,2025-08-31,Website - Mobile Browser,3,18.3,False
SESS0005821,CUST00291,2026-05-21,Website - Desktop,11,17.5,False
SESS0005822,CUST00291,2025-09-27,Mobile App,20,11.9,False
SESS0005823,CUST00291,2026-03-26,Mobile App,22,6.4,False
SESS0005824,CUST00291,2026-07-22,Mobile App,11,14.4,False
SESS0005825,CUST00291,2026-01-04,Website - Desktop,18,27.2,False
SESS0005826,CUST00291,2026-04-29,Mobile App,2,15.8,False
SESS0005827,CUST00291,2026-04-28,Website - Desktop,4,21.3,False
SESS0005828,CUST00291,2025-09-19,Website - Desktop,14,18.9,False
SESS0005829,CUST00291,2025-11-29,Mobile App,2,14.5,False
SESS0005830,CUST00291,2026-06-25,Mobile App,4,27.0,False
SESS0005831,CUST00291,2026-02-05,Website - Mobile Browser,15,20.0,False
SESS0005832,CUST00291,2026-05-21,Website - Mobile Browser,24,13.0,False
SESS0005833,CUST00291,2026-02-15,Website - Mobile Browser,4,11.9,False
SESS0005834,CUST00291,2026-02-22,Mobile App,8,12.6,False
SESS0005835,CUST00291,2026-05-28,Mobile App,4,1.4,False
SESS0005836,CUST00291,2025-12-17,Website - Desktop,15,29.9,False
SESS0005837,CUST00291,2026-08-21,Website - Desktop,15,28.0,True
SESS0005838,CUST00291,2025-11-03,Mobile App,13,10.2,False
SESS0005839,CUST00291,2026-03-26,Mobile App,18,25.0,False
SESS0005840,CUST00291,2025-09-11,Mobile App,25,17.8,True
SESS0005841,CUST00291,2026-01-01,Website - Desktop,25,17.1,False
SESS0005842,CUST00291,2026-02-10,Website - Mobile Browser,17,11.3,False
SESS0005843,CUST00291,2026-02-09,Website - Desktop,19,28.7,False
SESS0005844,CUST00291,2026-07-25,Website - Mobile Browser,13,1.3,False
SESS0005845,CUST00291,2026-06-27,Mobile App,24,21.0,False
SESS0005846,CUST00292,2026-08-12,Website - Desktop,12,6.2,False
SESS0005847,CUST00292,2026-02-09,Mobile App,23,23.9,True
SESS0005848,CUST00292,2026-07-16,Website - Desktop,7,4.2,False
SESS0005849,CUST00292,2026-02-05,Website - Mobile Browser,13,29.1,True
SESS0005850,CUST00292,2025-10-17,Mobile App,14,22.7,False
SESS0005851,CUST00292,2026-05-24,Website - Desktop,18,21.4,False
SESS0005852,CUST00292,2026-01-25,Website - Desktop,24,9.5,True
SESS0005853,CUST00292,2025-09-04,Website - Mobile Browser,24,8.5,False
SESS0005854,CUST00292,2025-10-16,Website - Desktop,14,1.8,False
SESS0005855,CUST00292,2025-12-19,Mobile App,2,21.9,False
SESS0005856,CUST00292,2026-08-18,Mobile App,15,23.2,False
SESS0005857,CUST00292,2026-04-11,Mobile App,19,12.6,False
SESS0005858,CUST00292,2026-01-17,Mobile App,24,17.1,False
SESS0005859,CUST00292,2025-09-01,Website - Desktop,24,23.9,True
SESS0005860,CUST00292,2026-06-07,Mobile App,24,8.4,False
SESS0005861,CUST00292,2026-04-22,Website - Mobile Browser,16,17.5,False
SESS0005862,CUST00292,2025-10-28,Mobile App,12,3.9,False
SESS0005863,CUST00292,2026-03-28,Website - Mobile Browser,16,20.8,False
SESS0005864,CUST00292,2025-11-01,Website - Desktop,21,24.8,False
SESS0005865,CUST00292,2025-09-30,Website - Desktop,15,22.1,False
SESS0005866,CUST00292,2026-01-14,Website - Desktop,18,21.2,False
SESS0005867,CUST00292,2025-10-19,Website - Mobile Browser,8,28.7,False
SESS0005868,CUST00292,2025-12-26,Mobile App,2,25.3,False
SESS0005869,CUST00292,2025-09-03,Website - Mobile Browser,24,21.0,False
SESS0005870,CUST00292,2026-01-15,Website - Mobile Browser,19,2.1,False
SESS0005871,CUST00292,2025-12-14,Website - Desktop,15,4.1,False
SESS0005872,CUST00292,2026-08-05,Website - Mobile Browser,13,0.6,False
SESS0005873,CUST00292,2026-03-12,Website - Desktop,10,27.9,False
SESS0005874,CUST00292,2025-11-16,Website - Desktop,2,28.9,True
SESS0005875,CUST00292,2026-02-18,Website - Desktop,2,1.9,True
SESS0005876,CUST00292,2026-05-14,Mobile App,14,20.6,False
SESS0005877,CUST00292,2026-01-29,Website - Desktop,12,4.9,False
SESS0005878,CUST00292,2026-08-03,Mobile App,15,3.8,True
SESS0005879,CUST00292,2025-10-23,Website - Desktop,19,29.8,False
SESS0005880,CUST00292,2026-08-10,Website - Desktop,4,13.5,True
SESS0005881,CUST00293,2025-11-02,Mobile App,14,26.3,False
SESS0005882,CUST00293,2026-08-10,Mobile App,23,14.0,False
SESS0005883,CUST00293,2025-11-04,Website - Mobile Browser,1,20.8,True
SESS0005884,CUST00293,2026-01-23,Website - Mobile Browser,21,3.5,False
SESS0005885,CUST00293,2026-03-12,Website - Desktop,15,12.2,False
SESS0005886,CUST00293,2026-01-12,Mobile App,15,1.5,False
SESS0005887,CUST00293,2025-12-27,Website - Desktop,8,28.5,False
SESS0005888,CUST00293,2026-08-04,Mobile App,19,2.5,False
SESS0005889,CUST00293,2026-06-21,Website - Desktop,9,26.6,True
SESS0005890,CUST00293,2026-02-21,Website - Desktop,2,24.9,False
SESS0005891,CUST00293,2025-10-19,Website - Desktop,17,5.1,False
SESS0005892,CUST00293,2026-01-18,Website - Mobile Browser,7,13.4,True
SESS0005893,CUST00293,2025-12-03,Website - Mobile Browser,4,9.9,False
SESS0005894,CUST00293,2026-04-29,Website - Desktop,2,20.1,True
SESS0005895,CUST00293,2026-05-15,Mobile App,8,8.1,False
SESS0005896,CUST00293,2026-02-25,Website - Desktop,8,3.3,True
SESS0005897,CUST00293,2025-11-21,Website - Mobile Browser,2,24.6,False
SESS0005898,CUST00293,2025-11-24,Website - Desktop,15,13.3,False
SESS0005899,CUST00293,2026-01-10,Website - Desktop,21,0.6,False
SESS0005900,CUST00293,2026-05-28,Website - Mobile Browser,6,8.7,False
SESS0005901,CUST00294,2026-06-13,Website - Mobile Browser,14,29.3,False
SESS0005902,CUST00294,2026-07-04,Website - Desktop,8,21.2,False
SESS0005903,CUST00294,2026-01-07,Website - Mobile Browser,24,13.3,True
SESS0005904,CUST00294,2026-08-11,Website - Mobile Browser,22,0.9,False
SESS0005905,CUST00294,2025-09-18,Mobile App,8,29.3,False
SESS0005906,CUST00294,2026-02-03,Website - Desktop,15,7.1,True
SESS0005907,CUST00294,2026-01-24,Website - Desktop,25,24.3,False
SESS0005908,CUST00295,2025-11-10,Website - Desktop,10,11.0,False
SESS0005909,CUST00295,2025-12-22,Mobile App,14,3.8,True
SESS0005910,CUST00295,2025-11-19,Website - Desktop,1,29.8,False
SESS0005911,CUST00295,2026-07-06,Website - Desktop,16,0.7,False
SESS0005912,CUST00295,2025-12-17,Mobile App,20,28.4,True
SESS0005913,CUST00295,2026-07-22,Website - Desktop,18,15.0,False
SESS0005914,CUST00295,2026-08-12,Website - Desktop,3,4.2,True
SESS0005915,CUST00295,2026-06-06,Website - Mobile Browser,19,17.7,False
SESS0005916,CUST00295,2026-03-14,Website - Mobile Browser,18,17.9,False
SESS0005917,CUST00295,2026-03-22,Website - Desktop,18,12.2,True
SESS0005918,CUST00295,2025-12-24,Website - Desktop,8,9.8,True
SESS0005919,CUST00295,2025-11-04,Website - Desktop,21,6.0,False
SESS0005920,CUST00295,2025-10-11,Mobile App,12,3.1,False
SESS0005921,CUST00295,2025-12-20,Website - Mobile Browser,25,13.7,False
SESS0005922,CUST00295,2026-04-11,Mobile App,19,6.4,False
SESS0005923,CUST00295,2026-08-11,Website - Desktop,19,10.4,True
SESS0005924,CUST00295,2025-11-17,Mobile App,15,24.2,False
SESS0005925,CUST00295,2026-03-28,Website - Desktop,11,16.1,True
SESS0005926,CUST00295,2025-11-20,Mobile App,20,29.8,False
SESS0005927,CUST00295,2026-06-18,Mobile App,4,6.3,False
SESS0005928,CUST00295,2026-02-18,Mobile App,13,8.7,False
SESS0005929,CUST00295,2026-02-12,Website - Desktop,5,28.2,False
SESS0005930,CUST00295,2025-09-02,Website - Desktop,25,10.4,True
SESS0005931,CUST00295,2026-02-26,Mobile App,5,25.5,False
SESS0005932,CUST00295,2025-09-30,Website - Desktop,2,22.4,False
SESS0005933,CUST00295,2026-05-24,Mobile App,4,8.5,False
SESS0005934,CUST00295,2026-04-08,Mobile App,19,21.8,True
SESS0005935,CUST00295,2025-09-25,Website - Mobile Browser,18,8.5,False
SESS0005936,CUST00295,2026-02-19,Website - Mobile Browser,20,26.5,False
SESS0005937,CUST00295,2026-03-31,Mobile App,15,23.2,False
SESS0005938,CUST00295,2026-07-13,Website - Mobile Browser,22,23.0,False
SESS0005939,CUST00295,2026-08-06,Website - Mobile Browser,24,26.5,False
SESS0005940,CUST00295,2025-11-30,Website - Desktop,17,3.7,False
SESS0005941,CUST00295,2026-02-04,Website - Mobile Browser,8,0.7,True
SESS0005942,CUST00295,2026-06-02,Mobile App,11,15.7,False
SESS0005943,CUST00296,2026-08-01,Mobile App,11,25.7,False
SESS0005944,CUST00296,2026-06-12,Website - Mobile Browser,2,16.6,False
SESS0005945,CUST00296,2026-05-30,Mobile App,7,8.8,False
SESS0005946,CUST00296,2026-08-07,Website - Desktop,2,16.8,False
SESS0005947,CUST00296,2026-05-22,Website - Mobile Browser,24,26.8,False
SESS0005948,CUST00296,2026-06-09,Website - Mobile Browser,8,10.6,False
SESS0005949,CUST00296,2026-07-17,Website - Mobile Browser,22,13.2,False
SESS0005950,CUST00296,2026-06-17,Website - Mobile Browser,2,19.2,False
SESS0005951,CUST00296,2026-08-05,Mobile App,3,3.4,False
SESS0005952,CUST00296,2026-07-02,Website - Mobile Browser,10,12.8,False
SESS0005953,CUST00296,2026-05-31,Website - Mobile Browser,3,5.2,False
SESS0005954,CUST00296,2026-06-12,Website - Desktop,14,28.9,False
SESS0005955,CUST00296,2026-06-17,Website - Desktop,5,15.4,True
SESS0005956,CUST00296,2026-08-20,Website - Mobile Browser,24,22.0,False
SESS0005957,CUST00296,2026-07-14,Mobile App,13,23.4,True
SESS0005958,CUST00296,2026-07-08,Website - Desktop,20,15.5,False
SESS0005959,CUST00296,2026-08-04,Website - Desktop,19,27.1,False
SESS0005960,CUST00296,2026-07-18,Website - Mobile Browser,3,25.5,False
SESS0005961,CUST00296,2026-08-17,Website - Mobile Browser,5,0.5,False
SESS0005962,CUST00296,2026-07-13,Website - Mobile Browser,9,22.5,False
SESS0005963,CUST00296,2026-05-28,Website - Mobile Browser,12,15.1,False
SESS0005964,CUST00296,2026-07-27,Mobile App,25,12.9,False
SESS0005965,CUST00296,2026-07-27,Website - Mobile Browser,21,3.3,True
SESS0005966,CUST00296,2026-06-04,Website - Mobile Browser,20,10.7,True
SESS0005967,CUST00296,2026-08-02,Mobile App,17,17.3,False
SESS0005968,CUST00296,2026-06-13,Website - Desktop,21,3.5,False
SESS0005969,CUST00296,2026-08-01,Mobile App,17,11.9,False
SESS0005970,CUST00296,2026-06-27,Website - Mobile Browser,19,26.4,True
SESS0005971,CUST00296,2026-08-04,Mobile App,25,4.2,False
SESS0005972,CUST00296,2026-05-18,Website - Desktop,5,29.8,False
SESS0005973,CUST00296,2026-06-11,Website - Mobile Browser,16,11.9,True
SESS0005974,CUST00296,2026-05-30,Mobile App,14,3.4,True
SESS0005975,CUST00296,2026-05-19,Website - Mobile Browser,12,24.5,False
SESS0005976,CUST00296,2026-07-19,Website - Desktop,16,7.9,False
SESS0005977,CUST00296,2026-07-29,Mobile App,17,22.5,False
SESS0005978,CUST00296,2026-05-24,Website - Mobile Browser,7,17.5,False
SESS0005979,CUST00296,2026-07-01,Mobile App,17,7.0,False
SESS0005980,CUST00296,2026-08-13,Website - Desktop,5,20.4,False
SESS0005981,CUST00297,2026-06-25,Website - Desktop,19,16.6,False
SESS0005982,CUST00297,2026-07-27,Website - Mobile Browser,6,0.9,False
SESS0005983,CUST00297,2026-07-23,Website - Desktop,13,18.6,True
SESS0005984,CUST00297,2026-07-25,Website - Mobile Browser,20,12.7,True
SESS0005985,CUST00297,2026-08-05,Website - Desktop,14,20.8,True
SESS0005986,CUST00297,2026-06-23,Website - Desktop,18,7.5,False
SESS0005987,CUST00297,2026-07-04,Website - Desktop,11,7.3,False
SESS0005988,CUST00297,2026-07-04,Website - Mobile Browser,7,18.6,False
SESS0005989,CUST00297,2026-08-02,Website - Desktop,11,19.2,False
SESS0005990,CUST00297,2026-07-16,Website - Mobile Browser,24,23.5,True
SESS0005991,CUST00297,2026-06-26,Mobile App,17,1.0,False
SESS0005992,CUST00297,2026-06-24,Website - Desktop,3,20.5,True
SESS0005993,CUST00297,2026-08-19,Mobile App,19,9.2,False
SESS0005994,CUST00297,2026-06-24,Mobile App,5,22.6,False
SESS0005995,CUST00297,2026-08-13,Website - Mobile Browser,10,8.4,False
SESS0005996,CUST00297,2026-07-23,Website - Desktop,22,6.8,True
SESS0005997,CUST00297,2026-07-10,Website - Mobile Browser,10,21.0,False
SESS0005998,CUST00297,2026-07-07,Mobile App,24,6.9,False
SESS0005999,CUST00297,2026-08-03,Website - Mobile Browser,23,4.1,False
SESS0006000,CUST00297,2026-07-22,Website - Mobile Browser,24,13.1,False
SESS0006001,CUST00297,2026-07-28,Website - Mobile Browser,21,2.0,False
SESS0006002,CUST00297,2026-07-29,Website - Mobile Browser,16,28.8,False
SESS0006003,CUST00297,2026-07-12,Website - Desktop,21,19.2,False
SESS0006004,CUST00297,2026-07-07,Website - Mobile Browser,4,2.8,False
SESS0006005,CUST00297,2026-08-11,Website - Desktop,1,16.8,False
SESS0006006,CUST00297,2026-06-18,Mobile App,24,14.3,False
SESS0006007,CUST00297,2026-07-04,Website - Desktop,1,23.9,False
SESS0006008,CUST00297,2026-07-23,Website - Desktop,16,21.5,False
SESS0006009,CUST00297,2026-07-24,Website - Desktop,21,7.0,False
SESS0006010,CUST00297,2026-08-14,Website - Mobile Browser,10,4.7,False
SESS0006011,CUST00297,2026-06-19,Website - Mobile Browser,8,28.3,True
SESS0006012,CUST00297,2026-08-03,Website - Desktop,5,11.1,False
SESS0006013,CUST00297,2026-06-24,Website - Desktop,15,23.2,False
SESS0006014,CUST00298,2025-09-18,Website - Desktop,15,20.4,True
SESS0006015,CUST00298,2025-09-20,Mobile App,22,24.2,False
SESS0006016,CUST00298,2025-10-20,Website - Desktop,6,3.3,False
SESS0006017,CUST00298,2026-03-03,Website - Desktop,17,9.6,False
SESS0006018,CUST00298,2026-07-31,Mobile App,23,11.7,False
SESS0006019,CUST00298,2025-11-19,Website - Mobile Browser,13,21.5,False
SESS0006020,CUST00298,2026-05-25,Website - Mobile Browser,17,26.3,True
SESS0006021,CUST00298,2026-08-12,Mobile App,25,22.6,False
SESS0006022,CUST00298,2025-12-26,Website - Desktop,11,27.1,False
SESS0006023,CUST00298,2026-01-22,Website - Mobile Browser,25,17.0,False
SESS0006024,CUST00298,2026-05-24,Website - Mobile Browser,20,9.7,False
SESS0006025,CUST00298,2026-02-20,Mobile App,13,17.5,False
SESS0006026,CUST00298,2026-03-11,Mobile App,22,17.9,False
SESS0006027,CUST00298,2026-03-03,Mobile App,5,19.5,True
SESS0006028,CUST00298,2026-04-15,Website - Desktop,10,12.5,False
SESS0006029,CUST00298,2026-01-16,Website - Mobile Browser,22,21.3,False
SESS0006030,CUST00299,2025-10-21,Website - Desktop,24,29.6,False
SESS0006031,CUST00299,2026-06-19,Website - Mobile Browser,22,23.9,False
SESS0006032,CUST00299,2026-06-16,Website - Mobile Browser,17,23.7,True
SESS0006033,CUST00299,2026-02-04,Website - Desktop,24,27.6,False
SESS0006034,CUST00299,2025-10-07,Website - Mobile Browser,11,18.7,False
SESS0006035,CUST00299,2026-07-21,Website - Mobile Browser,11,29.4,False
SESS0006036,CUST00299,2025-11-28,Website - Mobile Browser,3,3.9,False
SESS0006037,CUST00299,2025-11-21,Website - Mobile Browser,15,5.6,False
SESS0006038,CUST00299,2026-04-16,Website - Desktop,21,2.0,False
SESS0006039,CUST00299,2026-03-15,Website - Desktop,7,15.1,False
SESS0006040,CUST00299,2025-09-14,Mobile App,13,20.4,False
SESS0006041,CUST00299,2026-06-26,Website - Mobile Browser,13,26.6,False
SESS0006042,CUST00299,2025-11-16,Website - Mobile Browser,20,26.4,False
SESS0006043,CUST00299,2025-09-11,Website - Mobile Browser,3,21.4,False
SESS0006044,CUST00299,2025-11-13,Website - Mobile Browser,5,24.4,False
SESS0006045,CUST00299,2025-11-18,Mobile App,2,16.7,False
SESS0006046,CUST00299,2025-10-20,Mobile App,1,3.4,False
SESS0006047,CUST00299,2026-07-06,Website - Mobile Browser,14,20.2,False
SESS0006048,CUST00300,2026-02-23,Mobile App,11,3.0,False
SESS0006049,CUST00300,2025-12-21,Website - Mobile Browser,11,3.7,False
SESS0006050,CUST00300,2026-05-26,Mobile App,19,21.1,False
SESS0006051,CUST00300,2026-04-25,Website - Mobile Browser,23,23.6,False
SESS0006052,CUST00300,2025-09-02,Mobile App,22,15.6,True
SESS0006053,CUST00300,2026-05-29,Website - Desktop,21,28.2,False
SESS0006054,CUST00300,2026-02-20,Website - Desktop,6,8.6,False
SESS0006055,CUST00300,2026-04-25,Website - Desktop,22,27.0,False
SESS0006056,CUST00300,2026-05-04,Website - Mobile Browser,23,17.9,False
SESS0006057,CUST00300,2026-03-13,Website - Desktop,23,19.9,False
SESS0006058,CUST00300,2025-09-10,Website - Mobile Browser,7,25.7,False
SESS0006059,CUST00300,2026-03-27,Website - Desktop,4,14.0,False
SESS0006060,CUST00300,2025-11-10,Mobile App,24,10.3,True
SESS0006061,CUST00300,2026-03-24,Mobile App,9,6.6,False
SESS0006062,CUST00300,2025-08-29,Website - Desktop,8,28.4,False
SESS0006063,CUST00300,2026-05-06,Website - Mobile Browser,15,20.6,False
SESS0006064,CUST00300,2026-03-24,Mobile App,9,27.1,False
SESS0006065,CUST00300,2026-01-06,Mobile App,13,24.1,False
SESS0006066,CUST00300,2026-07-16,Website - Mobile Browser,16,10.0,True
SESS0006067,CUST00300,2025-10-25,Mobile App,1,9.3,False
SESS0006068,CUST00300,2025-11-11,Website - Desktop,20,3.2,True
SESS0006069,CUST00300,2026-03-08,Website - Desktop,3,19.1,False
SESS0006070,CUST00300,2026-07-22,Mobile App,17,1.4,False
SESS0006071,CUST00300,2026-05-21,Mobile App,22,29.7,False
SESS0006072,CUST00300,2025-12-06,Website - Desktop,9,29.9,False
SESS0006073,CUST00301,2026-07-10,Website - Mobile Browser,25,15.2,False
SESS0006074,CUST00301,2026-07-06,Website - Desktop,5,23.9,False
SESS0006075,CUST00301,2026-06-02,Website - Mobile Browser,3,14.1,False
SESS0006076,CUST00301,2026-06-06,Mobile App,10,23.2,False
SESS0006077,CUST00301,2026-07-15,Website - Desktop,17,19.9,False
SESS0006078,CUST00301,2026-06-19,Website - Mobile Browser,2,6.9,False
SESS0006079,CUST00301,2026-06-18,Mobile App,13,27.9,False
SESS0006080,CUST00301,2026-06-11,Website - Mobile Browser,12,21.6,False
SESS0006081,CUST00301,2026-05-29,Website - Desktop,18,13.6,False
SESS0006082,CUST00301,2026-06-14,Website - Desktop,16,6.6,False
SESS0006083,CUST00301,2026-05-20,Website - Desktop,18,22.9,False
SESS0006084,CUST00301,2026-07-14,Website - Mobile Browser,16,5.7,False
SESS0006085,CUST00301,2026-07-19,Website - Mobile Browser,20,9.3,False
SESS0006086,CUST00301,2026-07-06,Website - Desktop,9,28.4,False
SESS0006087,CUST00301,2026-06-25,Website - Mobile Browser,3,5.9,False
SESS0006088,CUST00301,2026-06-04,Website - Desktop,20,21.1,False
SESS0006089,CUST00301,2026-05-21,Mobile App,22,12.4,False
SESS0006090,CUST00301,2026-08-03,Mobile App,25,17.4,True
SESS0006091,CUST00301,2026-07-28,Website - Desktop,11,12.1,False
SESS0006092,CUST00301,2026-08-09,Mobile App,19,26.1,True
SESS0006093,CUST00301,2026-06-06,Website - Desktop,3,19.1,False
SESS0006094,CUST00301,2026-07-11,Website - Desktop,13,6.9,True
SESS0006095,CUST00301,2026-07-28,Website - Mobile Browser,13,6.4,True
SESS0006096,CUST00301,2026-08-05,Mobile App,2,11.1,True
SESS0006097,CUST00301,2026-07-21,Website - Desktop,2,13.6,False
SESS0006098,CUST00301,2026-08-11,Website - Mobile Browser,23,25.5,True
SESS0006099,CUST00302,2026-06-17,Website - Mobile Browser,4,3.2,False
SESS0006100,CUST00302,2026-01-03,Website - Desktop,25,26.0,False
SESS0006101,CUST00302,2025-09-15,Website - Mobile Browser,24,14.6,False
SESS0006102,CUST00302,2026-04-09,Website - Mobile Browser,21,7.8,False
SESS0006103,CUST00302,2026-03-19,Mobile App,16,27.7,False
SESS0006104,CUST00302,2026-07-11,Website - Mobile Browser,11,17.6,False
SESS0006105,CUST00302,2025-11-25,Website - Desktop,15,14.3,True
SESS0006106,CUST00302,2026-02-26,Website - Desktop,10,15.7,False
SESS0006107,CUST00302,2025-12-16,Mobile App,16,3.1,True
SESS0006108,CUST00302,2025-11-12,Website - Mobile Browser,20,11.8,False
SESS0006109,CUST00302,2025-10-31,Mobile App,11,9.1,False
SESS0006110,CUST00302,2025-12-25,Website - Desktop,1,2.0,True
SESS0006111,CUST00302,2026-02-22,Mobile App,7,23.4,False
SESS0006112,CUST00302,2026-05-13,Mobile App,5,12.0,False
SESS0006113,CUST00302,2026-05-13,Website - Desktop,9,12.9,True
SESS0006114,CUST00302,2026-02-07,Mobile App,14,22.9,False
SESS0006115,CUST00302,2026-01-14,Website - Desktop,3,11.1,False
SESS0006116,CUST00302,2026-05-25,Website - Mobile Browser,5,22.4,False
SESS0006117,CUST00302,2026-07-24,Website - Mobile Browser,9,5.6,False
SESS0006118,CUST00303,2026-02-15,Mobile App,24,17.9,False
SESS0006119,CUST00303,2026-03-29,Mobile App,16,13.4,False
SESS0006120,CUST00303,2026-06-09,Website - Desktop,11,17.0,True
SESS0006121,CUST00303,2026-04-24,Mobile App,23,11.4,False
SESS0006122,CUST00303,2026-07-30,Website - Mobile Browser,18,10.0,False
SESS0006123,CUST00303,2025-09-23,Mobile App,14,6.3,False
SESS0006124,CUST00303,2025-10-04,Mobile App,25,4.9,False
SESS0006125,CUST00303,2025-08-27,Website - Mobile Browser,6,18.4,False
SESS0006126,CUST00303,2025-09-07,Mobile App,12,28.5,False
SESS0006127,CUST00303,2025-09-14,Website - Desktop,17,18.6,True
SESS0006128,CUST00303,2025-08-31,Website - Mobile Browser,7,10.8,False
SESS0006129,CUST00303,2025-12-03,Website - Mobile Browser,14,9.4,False
SESS0006130,CUST00303,2025-08-27,Website - Desktop,17,20.1,False
SESS0006131,CUST00303,2026-02-03,Website - Desktop,9,12.7,False
SESS0006132,CUST00303,2026-05-16,Website - Desktop,2,13.9,True
SESS0006133,CUST00303,2026-08-08,Website - Mobile Browser,8,3.5,True
SESS0006134,CUST00303,2025-10-01,Mobile App,18,28.5,False
SESS0006135,CUST00303,2026-01-06,Mobile App,17,16.6,False
SESS0006136,CUST00303,2026-04-16,Website - Desktop,11,12.4,False
SESS0006137,CUST00303,2026-08-11,Website - Desktop,25,1.3,False
SESS0006138,CUST00303,2026-05-21,Website - Mobile Browser,4,19.7,False
SESS0006139,CUST00303,2026-01-08,Mobile App,4,0.5,False
SESS0006140,CUST00303,2025-12-05,Website - Mobile Browser,22,24.8,False
SESS0006141,CUST00304,2026-04-19,Website - Desktop,9,15.2,True
SESS0006142,CUST00304,2025-12-12,Mobile App,15,16.2,False
SESS0006143,CUST00304,2025-09-08,Website - Mobile Browser,14,11.6,False
SESS0006144,CUST00304,2025-10-09,Website - Mobile Browser,10,12.0,False
SESS0006145,CUST00304,2025-10-17,Mobile App,8,9.4,False
SESS0006146,CUST00304,2026-02-07,Website - Desktop,24,17.4,False
SESS0006147,CUST00304,2026-07-28,Mobile App,16,17.5,False
SESS0006148,CUST00304,2026-08-15,Mobile App,23,13.2,False
SESS0006149,CUST00304,2026-07-22,Website - Mobile Browser,4,18.7,True
SESS0006150,CUST00304,2025-10-09,Mobile App,6,6.9,False
SESS0006151,CUST00304,2026-04-13,Website - Mobile Browser,21,15.2,False
SESS0006152,CUST00304,2026-08-04,Website - Desktop,2,10.0,True
SESS0006153,CUST00304,2026-06-08,Website - Mobile Browser,10,0.8,False
SESS0006154,CUST00304,2026-07-09,Mobile App,9,14.5,False
SESS0006155,CUST00304,2026-07-28,Mobile App,20,14.6,False
SESS0006156,CUST00304,2025-10-28,Website - Mobile Browser,14,5.3,True
SESS0006157,CUST00304,2025-10-06,Website - Desktop,19,14.9,False
SESS0006158,CUST00304,2026-05-14,Website - Desktop,13,1.0,False
SESS0006159,CUST00304,2026-02-06,Website - Mobile Browser,11,17.6,False
SESS0006160,CUST00304,2026-07-12,Mobile App,15,22.7,False
SESS0006161,CUST00304,2026-05-04,Website - Mobile Browser,8,12.0,False
SESS0006162,CUST00304,2025-12-03,Website - Mobile Browser,15,19.5,False
SESS0006163,CUST00304,2025-09-04,Website - Mobile Browser,15,24.3,False
SESS0006164,CUST00304,2026-03-17,Website - Mobile Browser,22,20.6,False
SESS0006165,CUST00304,2025-09-18,Website - Desktop,15,3.9,True
SESS0006166,CUST00304,2026-05-03,Website - Mobile Browser,20,16.3,False
SESS0006167,CUST00304,2025-11-12,Website - Desktop,24,18.2,False
SESS0006168,CUST00304,2026-01-17,Website - Desktop,8,25.4,False
SESS0006169,CUST00304,2026-01-09,Website - Desktop,16,7.9,False
SESS0006170,CUST00304,2025-09-09,Website - Desktop,8,13.4,True
SESS0006171,CUST00304,2026-01-29,Mobile App,8,15.5,False
SESS0006172,CUST00305,2026-02-10,Website - Desktop,13,27.1,True
SESS0006173,CUST00305,2025-10-29,Website - Mobile Browser,3,27.9,False
SESS0006174,CUST00305,2025-08-31,Website - Mobile Browser,16,10.3,False
SESS0006175,CUST00305,2026-07-16,Website - Mobile Browser,18,25.5,False
SESS0006176,CUST00305,2026-04-20,Website - Mobile Browser,6,24.5,True
SESS0006177,CUST00305,2026-08-07,Mobile App,2,10.0,True
SESS0006178,CUST00305,2026-07-08,Website - Desktop,12,22.3,False
SESS0006179,CUST00305,2026-05-09,Website - Desktop,11,16.7,False
SESS0006180,CUST00305,2026-05-12,Website - Desktop,24,17.2,False
SESS0006181,CUST00305,2025-11-07,Website - Desktop,10,27.8,False
SESS0006182,CUST00305,2025-12-01,Mobile App,22,22.3,False
SESS0006183,CUST00305,2026-04-25,Mobile App,7,18.5,False
SESS0006184,CUST00305,2026-08-08,Mobile App,25,29.4,False
SESS0006185,CUST00305,2025-11-02,Mobile App,7,11.5,False
SESS0006186,CUST00305,2026-05-02,Website - Mobile Browser,12,18.6,False
SESS0006187,CUST00305,2026-06-14,Website - Mobile Browser,22,16.5,False
SESS0006188,CUST00305,2026-08-20,Mobile App,17,6.0,False
SESS0006189,CUST00305,2025-09-11,Website - Mobile Browser,13,27.5,False
SESS0006190,CUST00305,2026-03-17,Website - Mobile Browser,16,23.0,False
SESS0006191,CUST00305,2026-07-01,Website - Desktop,17,19.7,False
SESS0006192,CUST00305,2026-03-16,Website - Mobile Browser,16,29.5,False
SESS0006193,CUST00305,2026-05-07,Website - Desktop,8,1.9,False
SESS0006194,CUST00305,2026-06-08,Website - Desktop,8,17.6,False
SESS0006195,CUST00305,2026-05-11,Website - Mobile Browser,8,26.1,False
SESS0006196,CUST00305,2026-05-21,Website - Desktop,1,17.3,False
SESS0006197,CUST00305,2025-12-08,Website - Desktop,17,24.4,False
SESS0006198,CUST00305,2025-09-27,Mobile App,25,2.1,False
SESS0006199,CUST00305,2026-01-06,Website - Desktop,12,20.0,False
SESS0006200,CUST00306,2026-07-29,Website - Mobile Browser,13,5.1,False
SESS0006201,CUST00306,2026-06-24,Website - Mobile Browser,25,22.3,False
SESS0006202,CUST00306,2026-06-02,Mobile App,15,18.6,False
SESS0006203,CUST00306,2026-08-09,Website - Mobile Browser,5,12.4,True
SESS0006204,CUST00306,2026-07-17,Website - Mobile Browser,6,10.7,False
SESS0006205,CUST00306,2026-06-23,Mobile App,11,18.8,False
SESS0006206,CUST00306,2026-05-26,Website - Mobile Browser,12,13.0,True
SESS0006207,CUST00306,2026-07-06,Website - Desktop,15,9.9,False
SESS0006208,CUST00307,2026-01-20,Mobile App,9,24.1,False
SESS0006209,CUST00307,2026-03-23,Mobile App,23,26.4,False
SESS0006210,CUST00307,2026-01-07,Website - Mobile Browser,15,20.3,False
SESS0006211,CUST00307,2026-08-16,Website - Mobile Browser,17,9.5,False
SESS0006212,CUST00307,2026-05-30,Website - Mobile Browser,11,23.1,False
SESS0006213,CUST00307,2025-10-19,Mobile App,12,6.3,False
SESS0006214,CUST00307,2026-04-26,Website - Mobile Browser,21,14.6,False
SESS0006215,CUST00307,2026-07-13,Mobile App,20,28.4,True
SESS0006216,CUST00307,2026-04-27,Website - Desktop,24,21.1,True
SESS0006217,CUST00307,2026-01-20,Mobile App,7,25.6,False
SESS0006218,CUST00307,2026-08-08,Website - Desktop,15,5.9,False
SESS0006219,CUST00307,2025-09-27,Website - Mobile Browser,4,9.9,False
SESS0006220,CUST00307,2025-11-26,Website - Mobile Browser,15,23.6,False
SESS0006221,CUST00307,2025-10-15,Mobile App,16,26.0,False
SESS0006222,CUST00307,2026-07-25,Website - Desktop,8,13.8,False
SESS0006223,CUST00307,2026-04-16,Website - Mobile Browser,25,5.1,False
SESS0006224,CUST00307,2026-02-05,Website - Mobile Browser,19,5.5,True
SESS0006225,CUST00307,2026-03-09,Website - Desktop,4,14.6,True
SESS0006226,CUST00307,2026-04-28,Website - Desktop,23,6.2,True
SESS0006227,CUST00307,2026-07-13,Website - Mobile Browser,12,16.2,True
SESS0006228,CUST00307,2025-12-28,Website - Mobile Browser,9,20.7,False
SESS0006229,CUST00307,2026-07-23,Website - Desktop,25,28.0,False
SESS0006230,CUST00307,2026-08-15,Mobile App,14,13.6,True
SESS0006231,CUST00307,2025-10-18,Website - Desktop,14,10.4,False
SESS0006232,CUST00307,2025-12-27,Website - Desktop,16,14.7,False
SESS0006233,CUST00307,2026-04-11,Website - Desktop,19,11.0,False
SESS0006234,CUST00307,2026-05-22,Website - Mobile Browser,25,23.8,False
SESS0006235,CUST00307,2026-06-29,Mobile App,11,28.3,False
SESS0006236,CUST00308,2026-04-26,Website - Desktop,22,4.4,False
SESS0006237,CUST00308,2026-08-15,Website - Desktop,2,5.8,False
SESS0006238,CUST00308,2026-06-25,Website - Mobile Browser,18,19.7,False
SESS0006239,CUST00308,2026-07-04,Website - Mobile Browser,3,1.3,False
SESS0006240,CUST00308,2026-03-08,Website - Desktop,11,16.1,True
SESS0006241,CUST00308,2026-07-04,Website - Desktop,16,15.4,False
SESS0006242,CUST00308,2026-07-20,Website - Desktop,21,4.9,False
SESS0006243,CUST00308,2026-08-19,Mobile App,10,28.3,True
SESS0006244,CUST00308,2026-04-18,Website - Desktop,3,11.4,False
SESS0006245,CUST00308,2026-04-11,Website - Mobile Browser,25,9.4,False
SESS0006246,CUST00308,2026-04-26,Website - Desktop,13,0.9,False
SESS0006247,CUST00308,2026-01-28,Website - Desktop,25,20.6,True
SESS0006248,CUST00308,2026-04-19,Website - Desktop,21,11.3,False
SESS0006249,CUST00308,2026-08-06,Website - Desktop,3,7.3,False
SESS0006250,CUST00308,2026-06-11,Website - Mobile Browser,9,13.5,False
SESS0006251,CUST00308,2026-05-26,Mobile App,2,1.7,False
SESS0006252,CUST00308,2026-06-24,Website - Desktop,18,9.4,False
SESS0006253,CUST00308,2026-04-03,Website - Mobile Browser,19,4.6,False
SESS0006254,CUST00308,2026-02-16,Mobile App,13,26.3,False
SESS0006255,CUST00308,2026-07-07,Website - Mobile Browser,2,27.8,False
SESS0006256,CUST00308,2026-03-02,Website - Mobile Browser,10,18.9,False
SESS0006257,CUST00308,2026-08-04,Website - Mobile Browser,12,22.3,False
SESS0006258,CUST00308,2026-04-12,Website - Mobile Browser,17,28.4,False
SESS0006259,CUST00308,2026-07-03,Mobile App,21,12.1,False
SESS0006260,CUST00308,2026-01-18,Website - Desktop,10,14.9,False
SESS0006261,CUST00308,2026-02-23,Website - Desktop,12,10.1,False
SESS0006262,CUST00308,2026-03-11,Website - Mobile Browser,4,14.8,False
SESS0006263,CUST00308,2026-06-14,Mobile App,8,10.8,False
SESS0006264,CUST00309,2026-03-07,Website - Mobile Browser,22,5.9,False
SESS0006265,CUST00309,2026-06-15,Website - Mobile Browser,20,19.1,False
SESS0006266,CUST00309,2026-05-11,Website - Desktop,23,7.8,False
SESS0006267,CUST00309,2026-07-22,Mobile App,24,1.5,False
SESS0006268,CUST00309,2026-08-02,Website - Mobile Browser,23,16.7,False
SESS0006269,CUST00309,2026-03-23,Website - Mobile Browser,18,26.1,False
SESS0006270,CUST00309,2026-02-16,Website - Mobile Browser,14,15.1,True
SESS0006271,CUST00309,2026-07-14,Website - Desktop,4,9.4,False
SESS0006272,CUST00309,2026-05-21,Website - Desktop,4,22.3,True
SESS0006273,CUST00309,2026-03-08,Website - Mobile Browser,17,28.4,True
SESS0006274,CUST00309,2026-03-14,Website - Desktop,1,28.6,False
SESS0006275,CUST00309,2026-03-01,Mobile App,13,29.1,False
SESS0006276,CUST00309,2026-08-12,Website - Mobile Browser,4,7.1,True
SESS0006277,CUST00309,2026-04-02,Website - Mobile Browser,18,9.2,False
SESS0006278,CUST00309,2026-05-02,Website - Mobile Browser,6,16.7,False
SESS0006279,CUST00309,2026-07-20,Mobile App,13,7.9,False
SESS0006280,CUST00309,2026-05-28,Website - Desktop,13,29.9,False
SESS0006281,CUST00309,2026-03-06,Mobile App,4,5.1,False
SESS0006282,CUST00310,2026-06-30,Mobile App,5,13.5,False
SESS0006283,CUST00310,2025-11-18,Website - Desktop,13,5.6,False
SESS0006284,CUST00310,2025-11-20,Website - Mobile Browser,12,27.9,False
SESS0006285,CUST00310,2025-12-16,Website - Mobile Browser,19,28.3,False
SESS0006286,CUST00310,2026-01-03,Website - Desktop,2,16.9,False
SESS0006287,CUST00310,2026-06-19,Website - Mobile Browser,17,18.7,False
SESS0006288,CUST00310,2025-12-02,Website - Desktop,8,19.7,True
SESS0006289,CUST00310,2026-01-22,Website - Desktop,25,15.1,False
SESS0006290,CUST00310,2026-08-08,Mobile App,9,5.6,False
SESS0006291,CUST00310,2026-03-11,Mobile App,9,25.1,False
SESS0006292,CUST00310,2026-02-21,Website - Desktop,3,27.0,False
SESS0006293,CUST00310,2026-03-06,Website - Desktop,9,23.1,False
SESS0006294,CUST00310,2026-05-28,Website - Desktop,9,8.9,False
SESS0006295,CUST00310,2026-02-04,Website - Mobile Browser,17,22.3,True
SESS0006296,CUST00310,2026-03-01,Website - Desktop,24,18.1,False
SESS0006297,CUST00310,2026-01-09,Website - Desktop,9,3.0,False
SESS0006298,CUST00310,2026-03-13,Website - Mobile Browser,4,25.1,False
SESS0006299,CUST00310,2026-04-27,Website - Desktop,18,1.8,False
SESS0006300,CUST00310,2026-03-27,Website - Desktop,14,4.5,False
SESS0006301,CUST00310,2026-05-04,Website - Mobile Browser,7,13.6,False
SESS0006302,CUST00310,2025-11-23,Website - Desktop,24,5.4,False
SESS0006303,CUST00310,2026-03-31,Website - Desktop,22,12.8,False
SESS0006304,CUST00310,2025-11-20,Website - Desktop,10,20.0,True
SESS0006305,CUST00310,2026-02-10,Website - Desktop,9,25.4,False
SESS0006306,CUST00310,2025-11-20,Mobile App,6,13.3,True
SESS0006307,CUST00310,2026-05-29,Website - Desktop,7,8.8,False
SESS0006308,CUST00311,2026-08-14,Website - Desktop,3,16.9,True
SESS0006309,CUST00311,2026-07-18,Website - Desktop,24,5.0,True
SESS0006310,CUST00311,2026-07-27,Website - Mobile Browser,9,28.2,False
SESS0006311,CUST00311,2026-07-02,Website - Desktop,12,2.6,True
SESS0006312,CUST00311,2026-08-04,Website - Mobile Browser,12,8.6,True
SESS0006313,CUST00311,2026-07-31,Website - Mobile Browser,12,23.3,False
SESS0006314,CUST00311,2026-07-16,Website - Desktop,1,11.3,False
SESS0006315,CUST00311,2026-08-20,Website - Mobile Browser,21,2.3,False
SESS0006316,CUST00311,2026-07-24,Website - Mobile Browser,17,27.7,False
SESS0006317,CUST00311,2026-06-28,Website - Desktop,6,14.4,True
SESS0006318,CUST00311,2026-06-29,Mobile App,7,9.6,False
SESS0006319,CUST00311,2026-07-24,Mobile App,22,18.7,False
SESS0006320,CUST00311,2026-08-16,Mobile App,24,23.6,True
SESS0006321,CUST00311,2026-07-23,Website - Desktop,6,13.8,False
SESS0006322,CUST00311,2026-07-27,Website - Desktop,5,13.7,False
SESS0006323,CUST00311,2026-07-01,Website - Desktop,15,9.1,False
SESS0006324,CUST00311,2026-08-06,Website - Desktop,17,23.9,False
SESS0006325,CUST00311,2026-08-06,Website - Mobile Browser,21,25.4,False
SESS0006326,CUST00311,2026-08-17,Website - Mobile Browser,15,19.4,False
SESS0006327,CUST00311,2026-07-22,Website - Desktop,19,20.7,False
SESS0006328,CUST00311,2026-08-07,Website - Desktop,9,18.4,True
SESS0006329,CUST00312,2025-11-21,Mobile App,14,14.9,False
SESS0006330,CUST00312,2026-08-16,Website - Desktop,6,29.7,False
SESS0006331,CUST00312,2025-09-08,Website - Desktop,14,15.4,False
SESS0006332,CUST00312,2025-12-16,Website - Mobile Browser,1,27.3,False
SESS0006333,CUST00313,2026-06-02,Website - Mobile Browser,14,27.0,False
SESS0006334,CUST00313,2026-06-30,Mobile App,25,6.0,True
SESS0006335,CUST00313,2025-11-12,Website - Desktop,4,27.1,False
SESS0006336,CUST00313,2026-01-21,Mobile App,4,14.8,False
SESS0006337,CUST00313,2025-08-30,Website - Desktop,8,9.4,False
SESS0006338,CUST00313,2025-10-12,Website - Mobile Browser,22,16.3,True
SESS0006339,CUST00313,2026-07-03,Mobile App,21,9.9,False
SESS0006340,CUST00313,2026-06-04,Website - Mobile Browser,4,15.6,True
SESS0006341,CUST00313,2026-07-29,Website - Desktop,9,16.4,True
SESS0006342,CUST00313,2026-02-02,Mobile App,14,4.5,True
SESS0006343,CUST00313,2026-02-23,Mobile App,20,7.1,False
SESS0006344,CUST00313,2026-02-09,Website - Mobile Browser,24,27.5,False
SESS0006345,CUST00313,2026-05-04,Website - Desktop,7,2.6,False
SESS0006346,CUST00313,2026-01-13,Website - Mobile Browser,8,17.1,False
SESS0006347,CUST00313,2026-07-25,Mobile App,12,14.8,False
SESS0006348,CUST00313,2026-04-19,Mobile App,11,17.6,True
SESS0006349,CUST00313,2025-09-13,Website - Mobile Browser,13,23.4,True
SESS0006350,CUST00313,2026-03-25,Website - Desktop,6,7.5,False
SESS0006351,CUST00313,2026-05-05,Mobile App,10,12.2,False
SESS0006352,CUST00313,2026-02-19,Website - Desktop,21,5.7,True
SESS0006353,CUST00313,2026-07-17,Website - Desktop,18,19.4,True
SESS0006354,CUST00313,2025-12-10,Website - Desktop,4,19.3,False
SESS0006355,CUST00313,2025-10-24,Website - Mobile Browser,5,26.1,False
SESS0006356,CUST00313,2025-12-09,Website - Mobile Browser,4,28.3,False
SESS0006357,CUST00313,2025-12-24,Website - Desktop,2,28.7,True
SESS0006358,CUST00314,2025-10-05,Website - Mobile Browser,10,1.5,False
SESS0006359,CUST00314,2025-10-21,Website - Desktop,20,26.8,False
SESS0006360,CUST00314,2026-06-24,Website - Mobile Browser,1,12.1,False
SESS0006361,CUST00315,2025-11-06,Mobile App,2,17.1,False
SESS0006362,CUST00315,2026-02-18,Website - Mobile Browser,12,5.9,False
SESS0006363,CUST00315,2025-08-29,Website - Mobile Browser,13,12.8,False
SESS0006364,CUST00315,2026-06-02,Website - Mobile Browser,7,12.9,True
SESS0006365,CUST00315,2026-06-13,Website - Desktop,18,27.9,False
SESS0006366,CUST00315,2026-07-18,Mobile App,4,9.1,False
SESS0006367,CUST00315,2026-06-01,Mobile App,16,29.6,True
SESS0006368,CUST00315,2025-09-11,Website - Mobile Browser,15,2.9,False
SESS0006369,CUST00315,2025-10-31,Mobile App,19,1.0,False
SESS0006370,CUST00315,2025-12-27,Website - Mobile Browser,5,1.3,True
SESS0006371,CUST00315,2026-04-29,Website - Mobile Browser,22,12.0,False
SESS0006372,CUST00315,2026-06-27,Mobile App,16,0.7,True
SESS0006373,CUST00315,2025-11-17,Website - Mobile Browser,10,15.0,False
SESS0006374,CUST00315,2026-02-03,Website - Desktop,21,13.7,False
SESS0006375,CUST00315,2026-05-06,Website - Mobile Browser,17,18.7,True
SESS0006376,CUST00315,2026-07-21,Mobile App,15,7.2,True
SESS0006377,CUST00315,2025-10-02,Website - Desktop,6,5.0,False
SESS0006378,CUST00315,2025-10-16,Mobile App,6,4.5,False
SESS0006379,CUST00315,2026-05-20,Website - Mobile Browser,6,28.9,False
SESS0006380,CUST00315,2026-08-02,Mobile App,4,9.3,False
SESS0006381,CUST00315,2026-03-17,Website - Mobile Browser,8,16.7,False
SESS0006382,CUST00315,2026-01-31,Website - Desktop,16,23.2,False
SESS0006383,CUST00315,2026-01-06,Mobile App,21,3.0,False
SESS0006384,CUST00315,2026-05-05,Website - Desktop,12,18.2,False
SESS0006385,CUST00315,2025-09-03,Mobile App,2,14.5,False
SESS0006386,CUST00315,2026-03-04,Website - Mobile Browser,6,22.2,False
SESS0006387,CUST00315,2026-05-03,Website - Desktop,7,12.3,False
SESS0006388,CUST00315,2026-04-12,Website - Mobile Browser,8,14.6,False
SESS0006389,CUST00315,2025-10-04,Website - Mobile Browser,21,11.3,True
SESS0006390,CUST00315,2026-02-13,Website - Desktop,18,7.7,False
SESS0006391,CUST00315,2025-12-05,Mobile App,1,26.3,False
SESS0006392,CUST00315,2026-03-15,Website - Desktop,2,18.7,True
SESS0006393,CUST00315,2026-01-26,Mobile App,4,13.6,True
SESS0006394,CUST00316,2025-09-19,Mobile App,8,23.1,False
SESS0006395,CUST00316,2025-11-29,Website - Mobile Browser,17,0.6,True
SESS0006396,CUST00316,2026-08-03,Mobile App,4,24.3,False
SESS0006397,CUST00316,2026-01-02,Website - Desktop,19,12.9,True
SESS0006398,CUST00316,2026-01-18,Mobile App,3,9.7,True
SESS0006399,CUST00316,2026-07-23,Website - Mobile Browser,22,6.4,False
SESS0006400,CUST00316,2026-07-19,Mobile App,11,6.0,False
SESS0006401,CUST00316,2026-07-08,Website - Desktop,6,29.6,False
SESS0006402,CUST00316,2025-10-09,Website - Desktop,2,20.8,True
SESS0006403,CUST00316,2025-10-24,Website - Desktop,24,8.7,False
SESS0006404,CUST00316,2026-03-20,Website - Desktop,8,7.3,False
SESS0006405,CUST00316,2026-04-23,Website - Desktop,2,27.2,False
SESS0006406,CUST00316,2026-02-03,Mobile App,4,0.7,False
SESS0006407,CUST00316,2026-08-20,Website - Mobile Browser,15,4.1,False
SESS0006408,CUST00316,2026-01-08,Website - Desktop,11,14.2,False
SESS0006409,CUST00316,2025-11-29,Mobile App,11,23.0,False
SESS0006410,CUST00316,2025-09-20,Website - Mobile Browser,19,11.2,False
SESS0006411,CUST00316,2026-06-07,Website - Mobile Browser,23,0.8,False
SESS0006412,CUST00316,2025-11-01,Website - Desktop,14,23.3,False
SESS0006413,CUST00316,2026-01-22,Mobile App,21,11.1,False
SESS0006414,CUST00316,2026-03-16,Mobile App,12,18.1,True
SESS0006415,CUST00316,2025-11-18,Website - Desktop,8,11.2,False
SESS0006416,CUST00316,2025-10-19,Mobile App,21,28.4,True
SESS0006417,CUST00316,2025-10-13,Mobile App,17,23.6,False
SESS0006418,CUST00316,2026-05-06,Mobile App,2,12.2,False
SESS0006419,CUST00316,2025-08-31,Website - Desktop,1,5.5,False
SESS0006420,CUST00316,2025-09-17,Mobile App,12,26.6,False
SESS0006421,CUST00316,2026-06-06,Website - Desktop,3,20.1,False
SESS0006422,CUST00316,2025-10-06,Website - Desktop,16,3.0,False
SESS0006423,CUST00316,2026-04-23,Mobile App,5,21.5,False
SESS0006424,CUST00316,2026-03-25,Website - Mobile Browser,20,25.5,False
SESS0006425,CUST00316,2025-08-30,Website - Mobile Browser,25,10.8,False
SESS0006426,CUST00316,2026-07-09,Mobile App,11,16.0,False
SESS0006427,CUST00316,2025-10-15,Website - Mobile Browser,20,21.2,False
SESS0006428,CUST00316,2026-07-24,Website - Mobile Browser,20,24.3,True
SESS0006429,CUST00316,2026-07-02,Website - Mobile Browser,18,25.9,True
SESS0006430,CUST00316,2026-06-11,Mobile App,11,26.0,True
SESS0006431,CUST00316,2025-11-02,Mobile App,9,5.3,False
SESS0006432,CUST00316,2026-02-13,Mobile App,10,21.2,False
SESS0006433,CUST00316,2026-02-15,Website - Desktop,10,29.0,False
SESS0006434,CUST00317,2025-10-01,Website - Mobile Browser,7,13.6,False
SESS0006435,CUST00317,2026-01-13,Website - Desktop,23,8.3,False
SESS0006436,CUST00317,2026-04-12,Mobile App,22,12.6,False
SESS0006437,CUST00317,2026-03-09,Website - Desktop,11,19.8,False
SESS0006438,CUST00318,2026-06-12,Website - Mobile Browser,1,6.2,True
SESS0006439,CUST00318,2025-10-18,Mobile App,21,29.4,True
SESS0006440,CUST00318,2025-10-11,Website - Desktop,13,26.5,True
SESS0006441,CUST00318,2026-02-26,Mobile App,13,3.6,False
SESS0006442,CUST00318,2026-07-03,Mobile App,4,3.6,True
SESS0006443,CUST00318,2025-09-20,Mobile App,18,7.0,True
SESS0006444,CUST00318,2026-02-27,Website - Mobile Browser,21,24.9,True
SESS0006445,CUST00318,2026-08-17,Mobile App,1,28.2,False
SESS0006446,CUST00318,2026-03-18,Website - Desktop,19,11.7,False
SESS0006447,CUST00318,2025-11-23,Website - Desktop,9,0.9,True
SESS0006448,CUST00318,2026-05-25,Mobile App,22,23.4,False
SESS0006449,CUST00318,2026-06-25,Website - Mobile Browser,11,9.1,True
SESS0006450,CUST00318,2026-01-04,Website - Desktop,24,2.2,False
SESS0006451,CUST00318,2025-11-16,Website - Desktop,18,24.7,True
SESS0006452,CUST00318,2025-11-29,Website - Desktop,3,4.1,False
SESS0006453,CUST00318,2025-09-17,Mobile App,9,23.0,True
SESS0006454,CUST00318,2026-01-29,Website - Mobile Browser,23,29.6,True
SESS0006455,CUST00318,2026-07-06,Mobile App,9,26.4,False
SESS0006456,CUST00318,2026-06-04,Website - Desktop,22,12.2,False
SESS0006457,CUST00318,2025-09-05,Website - Desktop,25,16.1,True
SESS0006458,CUST00318,2026-04-25,Mobile App,21,13.1,False
SESS0006459,CUST00318,2026-07-28,Website - Desktop,5,22.4,False
SESS0006460,CUST00318,2026-01-14,Website - Desktop,17,8.2,True
SESS0006461,CUST00318,2026-04-02,Website - Mobile Browser,20,24.4,True
SESS0006462,CUST00318,2026-07-05,Website - Mobile Browser,11,18.6,False
SESS0006463,CUST00318,2026-05-23,Website - Mobile Browser,14,12.0,True
SESS0006464,CUST00318,2025-10-11,Website - Desktop,10,13.0,False
SESS0006465,CUST00318,2026-04-05,Mobile App,4,28.4,False
SESS0006466,CUST00318,2026-06-07,Website - Desktop,19,23.9,True
SESS0006467,CUST00318,2026-07-12,Mobile App,25,10.0,False
SESS0006468,CUST00319,2026-04-16,Mobile App,23,26.5,False
SESS0006469,CUST00319,2026-05-25,Website - Mobile Browser,4,28.0,False
SESS0006470,CUST00319,2025-10-22,Website - Desktop,21,13.0,False
SESS0006471,CUST00319,2026-03-30,Mobile App,21,3.6,False
SESS0006472,CUST00319,2025-12-08,Website - Desktop,18,18.2,False
SESS0006473,CUST00319,2026-06-01,Website - Mobile Browser,16,16.3,False
SESS0006474,CUST00320,2026-07-14,Website - Desktop,24,11.6,True
SESS0006475,CUST00320,2026-06-17,Website - Mobile Browser,8,29.5,False
SESS0006476,CUST00320,2026-06-19,Website - Mobile Browser,22,10.0,False
SESS0006477,CUST00320,2026-06-20,Website - Desktop,21,8.9,False
SESS0006478,CUST00320,2026-08-14,Website - Desktop,8,7.5,False
SESS0006479,CUST00320,2026-06-24,Website - Desktop,21,25.0,False
SESS0006480,CUST00320,2026-07-28,Website - Desktop,8,13.2,False
SESS0006481,CUST00320,2026-07-10,Mobile App,4,20.1,False
SESS0006482,CUST00320,2026-07-11,Website - Desktop,5,25.2,False
SESS0006483,CUST00320,2026-07-16,Mobile App,3,20.1,False
SESS0006484,CUST00320,2026-08-08,Website - Desktop,11,1.9,False
SESS0006485,CUST00320,2026-08-16,Website - Mobile Browser,7,14.5,True
SESS0006486,CUST00320,2026-07-05,Website - Mobile Browser,4,15.8,False
SESS0006487,CUST00320,2026-07-21,Website - Mobile Browser,19,21.0,False
SESS0006488,CUST00320,2026-07-07,Mobile App,24,18.8,True
SESS0006489,CUST00320,2026-07-05,Mobile App,11,21.9,False
SESS0006490,CUST00320,2026-08-18,Website - Desktop,2,18.2,False
SESS0006491,CUST00320,2026-07-19,Website - Mobile Browser,5,15.3,False
SESS0006492,CUST00320,2026-07-11,Website - Desktop,24,5.0,False
SESS0006493,CUST00320,2026-08-13,Mobile App,13,28.4,False
SESS0006494,CUST00321,2026-08-02,Website - Mobile Browser,21,26.8,False
SESS0006495,CUST00321,2026-08-02,Website - Desktop,21,3.3,False
SESS0006496,CUST00321,2026-08-17,Website - Desktop,2,24.5,False
SESS0006497,CUST00321,2026-07-28,Website - Mobile Browser,13,5.7,False
SESS0006498,CUST00321,2026-07-31,Website - Mobile Browser,20,1.3,False
SESS0006499,CUST00321,2026-07-26,Website - Mobile Browser,24,19.9,False
SESS0006500,CUST00321,2026-07-19,Mobile App,3,23.0,True
SESS0006501,CUST00321,2026-06-25,Website - Mobile Browser,4,14.1,False
SESS0006502,CUST00321,2026-07-20,Website - Mobile Browser,5,26.4,True
SESS0006503,CUST00321,2026-07-11,Mobile App,7,7.6,True
SESS0006504,CUST00321,2026-07-22,Website - Desktop,13,14.8,True
SESS0006505,CUST00321,2026-07-29,Mobile App,23,21.4,True
SESS0006506,CUST00321,2026-07-05,Website - Desktop,25,26.8,True
SESS0006507,CUST00321,2026-07-06,Mobile App,23,14.1,True
SESS0006508,CUST00321,2026-07-07,Website - Desktop,3,6.1,False
SESS0006509,CUST00321,2026-07-08,Website - Desktop,21,21.4,True
SESS0006510,CUST00321,2026-07-22,Mobile App,11,19.7,False
SESS0006511,CUST00321,2026-07-09,Website - Desktop,9,5.8,False
SESS0006512,CUST00321,2026-08-16,Website - Mobile Browser,10,21.8,True
SESS0006513,CUST00321,2026-08-16,Website - Desktop,6,1.5,False
SESS0006514,CUST00321,2026-07-25,Website - Desktop,9,3.8,False
SESS0006515,CUST00321,2026-07-11,Website - Desktop,3,18.7,False
SESS0006516,CUST00321,2026-07-09,Mobile App,11,2.0,False
SESS0006517,CUST00321,2026-08-11,Website - Desktop,19,4.5,False
SESS0006518,CUST00321,2026-07-22,Website - Desktop,8,28.6,False
SESS0006519,CUST00321,2026-07-15,Mobile App,25,17.5,False
SESS0006520,CUST00321,2026-07-06,Website - Mobile Browser,22,16.6,False
SESS0006521,CUST00321,2026-07-16,Website - Mobile Browser,20,7.1,False
SESS0006522,CUST00321,2026-07-31,Mobile App,16,6.7,False
SESS0006523,CUST00321,2026-08-07,Website - Desktop,5,7.1,False
SESS0006524,CUST00321,2026-08-15,Mobile App,14,28.8,False
SESS0006525,CUST00321,2026-06-28,Mobile App,5,17.7,True
SESS0006526,CUST00321,2026-08-07,Website - Desktop,4,3.5,False
SESS0006527,CUST00321,2026-07-08,Mobile App,8,19.8,True
SESS0006528,CUST00321,2026-08-02,Mobile App,16,10.2,False
SESS0006529,CUST00321,2026-07-12,Website - Mobile Browser,2,5.8,False
SESS0006530,CUST00321,2026-07-24,Website - Mobile Browser,9,28.7,False
SESS0006531,CUST00321,2026-07-10,Website - Desktop,23,22.1,True
SESS0006532,CUST00322,2026-06-10,Mobile App,24,4.2,False
SESS0006533,CUST00322,2026-03-24,Mobile App,2,17.0,False
SESS0006534,CUST00322,2025-10-28,Website - Mobile Browser,25,10.0,False
SESS0006535,CUST00322,2026-05-14,Website - Desktop,2,28.3,False
SESS0006536,CUST00322,2026-07-08,Website - Mobile Browser,19,9.5,False
SESS0006537,CUST00322,2026-04-13,Mobile App,8,14.7,False
SESS0006538,CUST00322,2025-11-09,Website - Desktop,18,26.4,False
SESS0006539,CUST00322,2026-06-07,Mobile App,16,18.7,True
SESS0006540,CUST00322,2026-06-21,Mobile App,14,24.6,False
SESS0006541,CUST00322,2025-10-31,Mobile App,5,11.6,True
SESS0006542,CUST00322,2026-04-17,Mobile App,20,29.9,False
SESS0006543,CUST00322,2026-02-21,Website - Desktop,3,11.5,False
SESS0006544,CUST00322,2025-11-23,Mobile App,15,25.4,False
SESS0006545,CUST00323,2026-02-17,Website - Mobile Browser,18,23.7,False
SESS0006546,CUST00323,2025-12-02,Website - Mobile Browser,1,6.3,False
SESS0006547,CUST00323,2026-03-19,Website - Mobile Browser,15,26.7,False
SESS0006548,CUST00323,2026-03-08,Website - Mobile Browser,4,3.3,False
SESS0006549,CUST00323,2025-10-18,Website - Desktop,2,20.3,False
SESS0006550,CUST00323,2026-04-02,Website - Desktop,6,9.5,False
SESS0006551,CUST00323,2025-11-25,Website - Desktop,1,13.5,False
SESS0006552,CUST00323,2026-08-09,Mobile App,1,10.0,False
SESS0006553,CUST00323,2026-06-15,Website - Desktop,11,19.7,False
SESS0006554,CUST00323,2026-08-16,Mobile App,7,27.6,False
SESS0006555,CUST00323,2025-08-28,Mobile App,22,4.2,False
SESS0006556,CUST00323,2025-11-03,Website - Mobile Browser,18,24.4,False
SESS0006557,CUST00323,2026-07-29,Website - Mobile Browser,8,15.8,False
SESS0006558,CUST00323,2026-07-27,Mobile App,24,27.4,False
SESS0006559,CUST00323,2026-02-06,Website - Desktop,19,29.3,False
SESS0006560,CUST00323,2026-08-18,Website - Desktop,17,14.8,False
SESS0006561,CUST00323,2026-03-25,Website - Desktop,3,29.8,False
SESS0006562,CUST00323,2025-12-04,Website - Desktop,4,10.0,False
SESS0006563,CUST00323,2026-03-19,Mobile App,7,22.4,False
SESS0006564,CUST00323,2025-11-06,Mobile App,13,12.6,False
SESS0006565,CUST00323,2025-09-14,Website - Desktop,2,19.5,False
SESS0006566,CUST00323,2026-01-27,Website - Desktop,7,23.1,False
SESS0006567,CUST00323,2026-08-15,Mobile App,19,23.8,True
SESS0006568,CUST00323,2026-03-29,Website - Desktop,23,3.3,True
SESS0006569,CUST00323,2026-02-14,Website - Mobile Browser,11,10.4,False
SESS0006570,CUST00323,2026-01-13,Website - Mobile Browser,8,15.0,False
SESS0006571,CUST00323,2025-10-09,Mobile App,9,20.7,False
SESS0006572,CUST00323,2025-10-31,Website - Desktop,20,2.8,False
SESS0006573,CUST00323,2026-01-04,Mobile App,16,17.4,False
SESS0006574,CUST00323,2026-06-11,Mobile App,14,3.4,False
SESS0006575,CUST00323,2025-09-15,Mobile App,2,26.9,False
SESS0006576,CUST00323,2026-06-27,Website - Desktop,17,4.3,False
SESS0006577,CUST00323,2025-12-04,Mobile App,13,5.9,False
SESS0006578,CUST00323,2026-03-12,Website - Mobile Browser,10,4.2,False
SESS0006579,CUST00323,2025-12-01,Website - Desktop,16,7.7,False
SESS0006580,CUST00323,2026-06-05,Website - Desktop,2,23.1,False
SESS0006581,CUST00323,2026-07-26,Mobile App,19,20.0,True
SESS0006582,CUST00323,2026-05-01,Website - Mobile Browser,8,11.8,False
SESS0006583,CUST00324,2025-11-08,Website - Mobile Browser,21,4.0,True
SESS0006584,CUST00324,2026-07-13,Website - Desktop,6,27.2,False
SESS0006585,CUST00324,2026-03-18,Mobile App,20,10.7,False
SESS0006586,CUST00324,2025-08-30,Website - Mobile Browser,20,1.2,False
SESS0006587,CUST00324,2025-12-26,Website - Mobile Browser,23,10.0,False
SESS0006588,CUST00324,2026-04-08,Website - Mobile Browser,4,17.3,False
SESS0006589,CUST00324,2025-12-04,Website - Desktop,18,25.9,False
SESS0006590,CUST00324,2026-01-28,Website - Mobile Browser,9,8.7,False
SESS0006591,CUST00324,2025-11-17,Website - Mobile Browser,15,30.0,False
SESS0006592,CUST00324,2026-04-06,Website - Mobile Browser,18,23.5,False
SESS0006593,CUST00324,2026-03-20,Website - Desktop,9,9.2,True
SESS0006594,CUST00324,2025-12-01,Website - Desktop,9,2.1,False
SESS0006595,CUST00324,2026-03-13,Website - Desktop,3,29.2,False
SESS0006596,CUST00324,2026-06-25,Website - Mobile Browser,22,10.1,False
SESS0006597,CUST00324,2025-10-20,Website - Desktop,1,17.1,True
SESS0006598,CUST00324,2026-03-14,Mobile App,24,12.1,False
SESS0006599,CUST00324,2025-12-19,Website - Desktop,20,22.2,False
SESS0006600,CUST00324,2025-11-14,Mobile App,1,2.6,False
SESS0006601,CUST00324,2026-06-13,Website - Mobile Browser,3,9.4,True
SESS0006602,CUST00324,2026-06-20,Website - Mobile Browser,21,16.4,False
SESS0006603,CUST00324,2025-11-08,Website - Desktop,1,17.3,False
SESS0006604,CUST00324,2026-04-05,Website - Desktop,14,11.1,False
SESS0006605,CUST00324,2026-08-05,Mobile App,2,0.9,False
SESS0006606,CUST00324,2025-09-28,Mobile App,1,9.1,False
SESS0006607,CUST00324,2026-05-20,Website - Desktop,9,18.9,False
SESS0006608,CUST00324,2026-08-14,Mobile App,10,22.1,False
SESS0006609,CUST00324,2025-12-02,Website - Desktop,12,5.5,False
SESS0006610,CUST00324,2026-02-18,Website - Desktop,18,17.6,True
SESS0006611,CUST00325,2025-09-30,Website - Desktop,14,4.5,False
SESS0006612,CUST00325,2026-06-27,Mobile App,3,29.0,False
SESS0006613,CUST00325,2025-11-14,Website - Mobile Browser,16,18.3,False
SESS0006614,CUST00325,2026-02-08,Mobile App,17,3.8,False
SESS0006615,CUST00325,2025-10-25,Mobile App,13,10.9,False
SESS0006616,CUST00325,2025-10-28,Website - Desktop,2,16.9,True
SESS0006617,CUST00325,2025-11-14,Website - Mobile Browser,11,18.2,False
SESS0006618,CUST00325,2025-10-04,Mobile App,11,28.2,False
SESS0006619,CUST00325,2025-11-20,Mobile App,25,15.2,True
SESS0006620,CUST00325,2025-12-16,Website - Desktop,22,8.6,False
SESS0006621,CUST00325,2026-03-23,Website - Desktop,25,29.1,False
SESS0006622,CUST00325,2026-03-30,Mobile App,25,25.1,True
SESS0006623,CUST00325,2026-01-13,Mobile App,23,28.9,False
SESS0006624,CUST00325,2025-11-11,Mobile App,23,7.8,False
SESS0006625,CUST00325,2025-10-02,Website - Desktop,16,2.2,False
SESS0006626,CUST00325,2025-09-25,Website - Desktop,4,12.7,False
SESS0006627,CUST00325,2026-05-10,Website - Desktop,9,11.7,False
SESS0006628,CUST00325,2026-02-02,Website - Desktop,25,28.5,False
SESS0006629,CUST00326,2026-05-20,Website - Desktop,22,9.6,False
SESS0006630,CUST00326,2026-01-12,Website - Mobile Browser,8,6.0,False
SESS0006631,CUST00326,2026-04-05,Mobile App,3,25.8,False
SESS0006632,CUST00326,2026-01-10,Website - Desktop,21,4.2,False
SESS0006633,CUST00326,2026-03-09,Website - Mobile Browser,22,8.7,False
SESS0006634,CUST00326,2025-12-02,Website - Mobile Browser,20,24.6,True
SESS0006635,CUST00326,2026-07-10,Website - Mobile Browser,15,22.6,False
SESS0006636,CUST00326,2026-02-19,Website - Mobile Browser,3,21.7,False
SESS0006637,CUST00326,2026-06-07,Website - Desktop,17,27.3,False
SESS0006638,CUST00326,2026-03-03,Website - Desktop,1,26.7,False
SESS0006639,CUST00326,2025-12-20,Website - Desktop,13,10.5,False
SESS0006640,CUST00327,2026-02-22,Website - Desktop,13,7.4,False
SESS0006641,CUST00327,2026-04-05,Website - Mobile Browser,5,19.5,False
SESS0006642,CUST00327,2026-06-24,Website - Mobile Browser,17,15.1,True
SESS0006643,CUST00327,2026-04-02,Website - Desktop,25,7.7,False
SESS0006644,CUST00327,2026-01-08,Website - Mobile Browser,22,24.3,False
SESS0006645,CUST00327,2026-05-07,Website - Desktop,19,14.4,True
SESS0006646,CUST00327,2026-03-31,Website - Mobile Browser,2,10.0,False
SESS0006647,CUST00327,2026-05-05,Mobile App,12,3.8,True
SESS0006648,CUST00327,2026-01-09,Website - Mobile Browser,15,4.1,True
SESS0006649,CUST00327,2026-06-06,Website - Mobile Browser,19,13.7,False
SESS0006650,CUST00327,2025-11-09,Website - Desktop,14,13.0,False
SESS0006651,CUST00327,2025-12-18,Mobile App,23,18.5,False
SESS0006652,CUST00327,2026-01-19,Website - Mobile Browser,7,26.9,True
SESS0006653,CUST00327,2025-11-24,Website - Desktop,5,10.6,False
SESS0006654,CUST00327,2025-12-09,Website - Mobile Browser,7,3.8,False
SESS0006655,CUST00327,2025-11-18,Website - Mobile Browser,16,25.4,False
SESS0006656,CUST00327,2026-03-31,Website - Mobile Browser,12,12.9,False
SESS0006657,CUST00327,2026-02-12,Website - Desktop,19,3.9,False
SESS0006658,CUST00327,2025-09-04,Website - Mobile Browser,14,22.1,True
SESS0006659,CUST00327,2026-07-29,Website - Mobile Browser,19,19.7,False
SESS0006660,CUST00327,2025-11-22,Website - Desktop,16,1.9,False
SESS0006661,CUST00327,2026-05-05,Website - Desktop,15,14.6,False
SESS0006662,CUST00327,2026-02-05,Mobile App,9,1.5,False
SESS0006663,CUST00327,2026-06-11,Website - Desktop,2,4.5,False
SESS0006664,CUST00327,2026-01-13,Website - Mobile Browser,1,21.1,False
SESS0006665,CUST00327,2025-12-29,Website - Desktop,9,18.7,True
SESS0006666,CUST00327,2026-01-11,Website - Mobile Browser,23,18.9,False
SESS0006667,CUST00327,2026-02-19,Website - Desktop,11,4.4,False
SESS0006668,CUST00327,2026-05-14,Website - Mobile Browser,7,15.0,False
SESS0006669,CUST00327,2026-07-20,Website - Desktop,24,16.7,False
SESS0006670,CUST00327,2025-09-28,Website - Mobile Browser,11,21.4,False
SESS0006671,CUST00327,2025-11-26,Website - Desktop,25,20.4,True
SESS0006672,CUST00327,2025-11-17,Website - Desktop,23,8.5,True
SESS0006673,CUST00327,2026-01-05,Website - Mobile Browser,11,1.3,False
SESS0006674,CUST00328,2026-08-21,Mobile App,25,0.8,False
SESS0006675,CUST00328,2026-03-02,Website - Desktop,24,14.4,False
SESS0006676,CUST00328,2025-11-19,Website - Mobile Browser,23,23.4,False
SESS0006677,CUST00328,2026-07-04,Website - Mobile Browser,11,20.3,False
SESS0006678,CUST00328,2026-04-26,Website - Desktop,2,28.4,False
SESS0006679,CUST00328,2026-04-11,Website - Desktop,6,22.2,False
SESS0006680,CUST00328,2026-06-20,Website - Desktop,13,1.2,False
SESS0006681,CUST00328,2026-07-01,Website - Desktop,20,16.4,False
SESS0006682,CUST00328,2026-08-15,Mobile App,25,14.2,False
SESS0006683,CUST00328,2026-01-23,Website - Desktop,9,16.5,False
SESS0006684,CUST00328,2026-06-03,Website - Mobile Browser,10,6.3,False
SESS0006685,CUST00328,2025-10-24,Mobile App,16,18.3,False
SESS0006686,CUST00328,2026-07-25,Mobile App,14,11.0,False
SESS0006687,CUST00328,2025-10-25,Website - Desktop,22,16.0,True
SESS0006688,CUST00328,2026-05-13,Website - Desktop,4,12.9,False
SESS0006689,CUST00328,2025-10-11,Mobile App,19,3.8,True
SESS0006690,CUST00328,2025-10-21,Website - Mobile Browser,14,17.7,True
SESS0006691,CUST00328,2026-07-30,Website - Mobile Browser,16,24.2,False
SESS0006692,CUST00328,2026-02-21,Mobile App,12,1.6,False
SESS0006693,CUST00328,2025-12-31,Mobile App,12,13.1,False
SESS0006694,CUST00328,2026-07-06,Mobile App,16,18.9,True
SESS0006695,CUST00329,2025-12-05,Website - Desktop,22,1.9,False
SESS0006696,CUST00329,2026-07-22,Mobile App,7,22.7,False
SESS0006697,CUST00329,2025-11-17,Website - Mobile Browser,19,1.0,True
SESS0006698,CUST00330,2025-12-17,Website - Desktop,8,5.7,False
SESS0006699,CUST00330,2026-03-02,Website - Mobile Browser,23,5.7,False
SESS0006700,CUST00330,2025-11-18,Website - Mobile Browser,10,3.4,True
SESS0006701,CUST00330,2025-09-29,Website - Mobile Browser,13,20.3,False
SESS0006702,CUST00330,2025-09-14,Website - Mobile Browser,20,4.0,False
SESS0006703,CUST00330,2026-04-19,Mobile App,19,25.5,False
SESS0006704,CUST00330,2026-06-05,Website - Desktop,2,7.8,False
SESS0006705,CUST00330,2026-08-05,Website - Mobile Browser,5,16.8,False
SESS0006706,CUST00330,2026-07-31,Mobile App,9,13.3,False
SESS0006707,CUST00330,2025-10-29,Website - Desktop,4,29.3,False
SESS0006708,CUST00330,2026-03-12,Mobile App,7,24.9,False
SESS0006709,CUST00330,2026-08-01,Website - Mobile Browser,2,29.8,False
SESS0006710,CUST00330,2026-07-15,Website - Desktop,14,20.6,False
SESS0006711,CUST00330,2025-11-20,Website - Desktop,5,6.9,False
SESS0006712,CUST00330,2026-06-13,Website - Desktop,7,16.9,True
SESS0006713,CUST00330,2025-11-05,Website - Desktop,12,26.5,False
SESS0006714,CUST00330,2026-05-10,Website - Desktop,6,16.1,False
SESS0006715,CUST00330,2025-09-20,Mobile App,16,21.7,False
SESS0006716,CUST00330,2025-10-02,Website - Mobile Browser,18,19.1,False
SESS0006717,CUST00330,2026-06-17,Website - Mobile Browser,8,0.8,False
SESS0006718,CUST00330,2025-10-30,Mobile App,15,14.5,True
SESS0006719,CUST00330,2025-10-10,Mobile App,15,17.5,False
SESS0006720,CUST00330,2026-02-09,Website - Desktop,6,11.1,False
SESS0006721,CUST00330,2026-05-27,Website - Desktop,12,6.3,False
SESS0006722,CUST00330,2026-05-14,Website - Mobile Browser,20,4.8,False
SESS0006723,CUST00330,2025-10-20,Website - Mobile Browser,21,9.5,False
SESS0006724,CUST00330,2026-07-28,Website - Mobile Browser,8,20.9,True
SESS0006725,CUST00330,2025-11-23,Website - Mobile Browser,23,14.1,False
SESS0006726,CUST00330,2025-08-30,Website - Mobile Browser,8,22.1,False
SESS0006727,CUST00330,2026-06-30,Website - Mobile Browser,19,25.0,False
SESS0006728,CUST00331,2026-05-29,Mobile App,17,29.0,False
SESS0006729,CUST00331,2026-02-27,Website - Mobile Browser,16,14.7,False
SESS0006730,CUST00331,2025-09-03,Website - Mobile Browser,13,27.6,True
SESS0006731,CUST00331,2026-02-24,Website - Desktop,1,13.6,False
SESS0006732,CUST00331,2025-09-16,Mobile App,20,11.6,False
SESS0006733,CUST00332,2025-10-14,Website - Desktop,6,25.1,False
SESS0006734,CUST00332,2025-09-13,Website - Mobile Browser,11,14.8,True
SESS0006735,CUST00332,2025-10-22,Website - Mobile Browser,2,4.7,False
SESS0006736,CUST00332,2025-10-13,Website - Desktop,3,21.3,True
SESS0006737,CUST00332,2026-07-03,Mobile App,19,2.5,False
SESS0006738,CUST00332,2026-06-23,Website - Desktop,8,23.7,False
SESS0006739,CUST00332,2026-03-21,Mobile App,6,13.0,False
SESS0006740,CUST00332,2025-12-05,Mobile App,10,18.8,False
SESS0006741,CUST00332,2025-11-23,Website - Desktop,11,1.4,False
SESS0006742,CUST00332,2025-10-29,Website - Desktop,7,27.1,False
SESS0006743,CUST00332,2025-10-05,Mobile App,4,21.7,False
SESS0006744,CUST00332,2025-11-24,Website - Desktop,13,13.6,False
SESS0006745,CUST00332,2026-04-14,Mobile App,8,14.6,False
SESS0006746,CUST00332,2026-05-25,Website - Mobile Browser,23,21.6,False
SESS0006747,CUST00332,2025-09-20,Website - Mobile Browser,15,8.6,True
SESS0006748,CUST00332,2026-01-09,Website - Desktop,12,12.7,True
SESS0006749,CUST00332,2025-08-27,Website - Desktop,8,0.7,False
SESS0006750,CUST00332,2026-02-08,Website - Mobile Browser,23,29.9,False
SESS0006751,CUST00332,2026-06-10,Website - Desktop,7,13.9,False
SESS0006752,CUST00332,2026-04-27,Website - Mobile Browser,16,24.4,False
SESS0006753,CUST00332,2026-01-16,Mobile App,1,3.4,False
SESS0006754,CUST00332,2026-03-09,Website - Desktop,19,5.6,True
SESS0006755,CUST00332,2026-01-19,Website - Mobile Browser,20,25.7,False
SESS0006756,CUST00332,2026-03-04,Mobile App,24,20.5,False
SESS0006757,CUST00334,2026-08-13,Mobile App,7,16.0,False
SESS0006758,CUST00334,2026-08-09,Website - Mobile Browser,19,13.1,False
SESS0006759,CUST00334,2026-04-06,Mobile App,21,9.7,True
SESS0006760,CUST00334,2026-05-29,Website - Desktop,8,10.6,False
SESS0006761,CUST00334,2026-06-23,Website - Desktop,16,3.0,False
SESS0006762,CUST00334,2026-06-29,Website - Mobile Browser,1,29.8,True
SESS0006763,CUST00334,2026-06-30,Website - Desktop,11,2.1,False
SESS0006764,CUST00334,2026-05-12,Website - Mobile Browser,8,27.7,False
SESS0006765,CUST00334,2026-04-17,Website - Mobile Browser,11,18.5,False
SESS0006766,CUST00334,2026-05-08,Website - Mobile Browser,14,2.2,False
SESS0006767,CUST00334,2026-05-07,Website - Desktop,13,18.2,True
SESS0006768,CUST00334,2026-07-11,Website - Mobile Browser,9,24.0,False
SESS0006769,CUST00334,2026-03-06,Website - Desktop,16,18.4,False
SESS0006770,CUST00334,2026-05-28,Website - Desktop,9,27.4,False
SESS0006771,CUST00334,2026-04-09,Website - Desktop,13,4.9,False
SESS0006772,CUST00334,2026-03-25,Mobile App,9,5.5,False
SESS0006773,CUST00334,2026-05-29,Website - Desktop,25,2.2,False
SESS0006774,CUST00334,2026-04-18,Website - Desktop,22,22.5,False
SESS0006775,CUST00334,2026-04-11,Mobile App,25,22.0,False
SESS0006776,CUST00334,2026-04-10,Website - Desktop,4,22.3,True
SESS0006777,CUST00334,2026-03-28,Website - Desktop,4,23.9,False
SESS0006778,CUST00334,2026-03-04,Website - Mobile Browser,4,11.8,False
SESS0006779,CUST00334,2026-01-24,Website - Mobile Browser,1,28.4,False
SESS0006780,CUST00334,2026-04-23,Website - Mobile Browser,11,10.9,False
SESS0006781,CUST00334,2026-06-05,Website - Mobile Browser,6,12.3,False
SESS0006782,CUST00334,2026-02-21,Website - Desktop,11,26.7,False
SESS0006783,CUST00335,2026-07-04,Mobile App,10,27.2,False
SESS0006784,CUST00335,2026-06-07,Mobile App,20,29.2,False
SESS0006785,CUST00335,2026-05-23,Mobile App,24,12.4,False
SESS0006786,CUST00335,2026-04-17,Mobile App,17,16.4,False
SESS0006787,CUST00335,2025-12-13,Mobile App,3,10.2,True
SESS0006788,CUST00335,2025-11-23,Website - Desktop,22,15.6,False
SESS0006789,CUST00335,2025-09-01,Mobile App,14,15.5,False
SESS0006790,CUST00335,2025-11-16,Website - Desktop,2,9.2,False
SESS0006791,CUST00335,2026-02-01,Website - Desktop,24,17.1,False
SESS0006792,CUST00335,2026-02-18,Website - Desktop,5,26.3,False
SESS0006793,CUST00335,2026-02-10,Website - Desktop,13,20.0,True
SESS0006794,CUST00335,2026-02-10,Website - Mobile Browser,1,1.8,False
SESS0006795,CUST00335,2026-07-10,Website - Desktop,8,13.1,False
SESS0006796,CUST00335,2026-02-09,Mobile App,22,28.0,False
SESS0006797,CUST00335,2026-01-23,Website - Mobile Browser,15,12.0,False
SESS0006798,CUST00335,2025-09-14,Website - Mobile Browser,2,9.7,True
SESS0006799,CUST00335,2026-08-03,Website - Desktop,3,10.0,True
SESS0006800,CUST00335,2026-07-15,Website - Desktop,14,0.9,False
SESS0006801,CUST00336,2026-07-25,Website - Desktop,25,28.9,False
SESS0006802,CUST00336,2025-12-11,Website - Mobile Browser,1,0.7,False
SESS0006803,CUST00336,2025-09-15,Website - Desktop,18,7.9,False
SESS0006804,CUST00336,2026-02-10,Website - Desktop,12,14.0,True
SESS0006805,CUST00336,2026-01-13,Website - Mobile Browser,14,27.7,False
SESS0006806,CUST00336,2026-04-19,Mobile App,14,13.1,True
SESS0006807,CUST00336,2026-01-30,Mobile App,20,21.9,False
SESS0006808,CUST00336,2026-03-30,Mobile App,18,22.9,False
SESS0006809,CUST00336,2026-01-01,Mobile App,9,6.6,False
SESS0006810,CUST00336,2026-02-27,Website - Mobile Browser,5,3.8,True
SESS0006811,CUST00336,2026-02-14,Mobile App,24,11.2,False
SESS0006812,CUST00336,2026-07-29,Mobile App,7,13.0,False
SESS0006813,CUST00336,2026-07-05,Website - Desktop,23,2.1,False
SESS0006814,CUST00336,2026-02-15,Website - Mobile Browser,4,5.5,False
SESS0006815,CUST00336,2025-12-31,Website - Desktop,19,17.7,False
SESS0006816,CUST00336,2025-11-04,Website - Desktop,23,14.2,False
SESS0006817,CUST00336,2026-07-24,Website - Desktop,19,22.2,False
SESS0006818,CUST00336,2025-10-25,Website - Mobile Browser,1,3.2,False
SESS0006819,CUST00336,2026-08-19,Mobile App,11,22.8,False
SESS0006820,CUST00336,2025-10-18,Mobile App,18,6.9,True
SESS0006821,CUST00336,2026-05-09,Mobile App,18,16.4,True
SESS0006822,CUST00336,2025-12-02,Website - Desktop,22,1.6,True
SESS0006823,CUST00336,2025-09-04,Website - Desktop,21,5.5,True
SESS0006824,CUST00336,2025-11-13,Website - Mobile Browser,13,21.7,False
SESS0006825,CUST00336,2026-03-02,Mobile App,12,27.8,False
SESS0006826,CUST00336,2025-09-04,Website - Mobile Browser,4,9.9,False
SESS0006827,CUST00336,2026-01-19,Website - Desktop,25,2.8,False
SESS0006828,CUST00336,2026-06-10,Mobile App,19,12.5,False
SESS0006829,CUST00336,2026-02-08,Website - Desktop,18,25.9,False
SESS0006830,CUST00337,2026-04-07,Website - Desktop,2,4.4,False
SESS0006831,CUST00337,2025-12-07,Website - Desktop,17,14.9,False
SESS0006832,CUST00337,2025-09-14,Mobile App,20,4.9,False
SESS0006833,CUST00337,2026-03-01,Website - Desktop,12,1.9,False
SESS0006834,CUST00337,2025-10-10,Mobile App,13,18.6,True
SESS0006835,CUST00337,2026-01-31,Website - Desktop,18,24.1,False
SESS0006836,CUST00337,2026-02-18,Mobile App,21,25.9,False
SESS0006837,CUST00337,2026-05-28,Mobile App,18,27.5,False
SESS0006838,CUST00337,2025-09-09,Website - Desktop,4,22.8,False
SESS0006839,CUST00337,2026-06-03,Website - Mobile Browser,1,13.4,False
SESS0006840,CUST00337,2026-05-16,Website - Desktop,17,9.0,False
SESS0006841,CUST00337,2026-03-18,Mobile App,23,22.8,False
SESS0006842,CUST00338,2025-09-20,Mobile App,25,0.7,False
SESS0006843,CUST00338,2026-08-10,Mobile App,23,24.5,False
SESS0006844,CUST00338,2026-07-28,Website - Mobile Browser,14,0.5,False
SESS0006845,CUST00338,2026-01-10,Website - Mobile Browser,21,15.1,True
SESS0006846,CUST00338,2026-04-21,Website - Desktop,19,25.9,False
SESS0006847,CUST00338,2026-02-01,Website - Desktop,12,18.9,True
SESS0006848,CUST00338,2026-05-14,Website - Desktop,15,26.6,False
SESS0006849,CUST00338,2025-12-01,Website - Mobile Browser,11,22.6,False
SESS0006850,CUST00338,2025-10-17,Mobile App,9,14.4,True
SESS0006851,CUST00338,2026-07-22,Website - Mobile Browser,17,17.5,True
SESS0006852,CUST00338,2025-09-29,Website - Desktop,14,8.3,True
SESS0006853,CUST00338,2026-01-12,Mobile App,1,20.7,False
SESS0006854,CUST00338,2026-01-15,Website - Desktop,21,24.0,False
SESS0006855,CUST00338,2025-09-11,Mobile App,20,16.6,False
SESS0006856,CUST00339,2025-12-14,Website - Desktop,10,14.7,False
SESS0006857,CUST00339,2026-08-05,Website - Mobile Browser,25,0.5,False
SESS0006858,CUST00339,2025-11-05,Website - Desktop,10,1.2,True
SESS0006859,CUST00339,2026-03-19,Mobile App,17,10.1,True
SESS0006860,CUST00339,2026-01-24,Mobile App,12,9.8,True
SESS0006861,CUST00339,2026-06-20,Website - Desktop,23,4.6,False
SESS0006862,CUST00339,2025-10-20,Mobile App,11,25.3,False
SESS0006863,CUST00339,2026-03-11,Mobile App,7,10.2,False
SESS0006864,CUST00339,2025-11-26,Mobile App,3,24.1,False
SESS0006865,CUST00339,2026-07-22,Website - Desktop,22,22.9,False
SESS0006866,CUST00339,2025-08-27,Mobile App,24,11.2,True
SESS0006867,CUST00339,2025-09-19,Website - Mobile Browser,24,20.9,False
SESS0006868,CUST00339,2026-07-02,Website - Mobile Browser,9,3.1,True
SESS0006869,CUST00339,2025-11-30,Website - Mobile Browser,3,24.7,True
SESS0006870,CUST00339,2026-02-16,Mobile App,23,28.1,True
SESS0006871,CUST00339,2025-09-19,Website - Desktop,21,27.8,False
SESS0006872,CUST00339,2026-02-11,Website - Mobile Browser,12,2.5,False
SESS0006873,CUST00339,2026-08-15,Website - Mobile Browser,7,6.9,False
SESS0006874,CUST00339,2026-07-25,Website - Desktop,14,21.2,True
SESS0006875,CUST00339,2026-02-20,Website - Desktop,18,17.4,False
SESS0006876,CUST00339,2025-09-24,Website - Desktop,15,7.2,False
SESS0006877,CUST00339,2026-02-08,Website - Mobile Browser,7,1.7,False
SESS0006878,CUST00339,2026-07-16,Website - Mobile Browser,12,5.8,True
SESS0006879,CUST00339,2026-04-06,Mobile App,13,29.4,False
SESS0006880,CUST00339,2026-08-14,Mobile App,14,24.4,False
SESS0006881,CUST00339,2026-06-29,Mobile App,10,25.0,False
SESS0006882,CUST00339,2026-08-06,Mobile App,16,6.6,False
SESS0006883,CUST00339,2025-11-27,Website - Mobile Browser,3,4.5,False
SESS0006884,CUST00339,2026-03-16,Mobile App,19,7.0,False
SESS0006885,CUST00339,2026-07-13,Website - Mobile Browser,10,26.2,False
SESS0006886,CUST00339,2026-06-16,Mobile App,14,10.8,False
SESS0006887,CUST00340,2025-12-24,Website - Mobile Browser,10,27.1,False
SESS0006888,CUST00340,2026-04-23,Website - Mobile Browser,20,29.3,False
SESS0006889,CUST00340,2026-03-04,Website - Desktop,18,22.9,False
SESS0006890,CUST00340,2026-04-24,Website - Mobile Browser,19,9.9,True
SESS0006891,CUST00340,2026-06-23,Website - Desktop,13,21.2,False
SESS0006892,CUST00341,2026-07-13,Website - Mobile Browser,15,18.7,False
SESS0006893,CUST00341,2026-07-22,Website - Desktop,25,7.2,False
SESS0006894,CUST00341,2026-08-03,Mobile App,5,6.4,False
SESS0006895,CUST00341,2026-07-31,Mobile App,8,24.5,False
SESS0006896,CUST00341,2026-06-10,Website - Mobile Browser,21,22.9,True
SESS0006897,CUST00341,2026-08-04,Website - Mobile Browser,13,0.6,True
SESS0006898,CUST00342,2026-01-30,Website - Mobile Browser,24,21.6,True
SESS0006899,CUST00343,2025-12-02,Website - Desktop,1,1.2,False
SESS0006900,CUST00344,2026-07-31,Website - Desktop,13,13.1,False
SESS0006901,CUST00344,2025-12-13,Mobile App,16,19.7,False
SESS0006902,CUST00344,2026-08-12,Website - Mobile Browser,6,14.2,False
SESS0006903,CUST00344,2026-08-18,Website - Mobile Browser,20,12.8,False
SESS0006904,CUST00344,2025-09-14,Website - Desktop,17,1.4,True
SESS0006905,CUST00344,2026-03-28,Website - Desktop,7,16.1,False
SESS0006906,CUST00344,2026-06-11,Website - Mobile Browser,5,6.4,False
SESS0006907,CUST00344,2025-11-27,Mobile App,19,14.1,True
SESS0006908,CUST00344,2026-06-19,Website - Mobile Browser,18,5.5,False
SESS0006909,CUST00344,2026-03-14,Mobile App,21,20.8,False
SESS0006910,CUST00344,2026-06-27,Website - Mobile Browser,23,27.7,True
SESS0006911,CUST00344,2025-11-13,Mobile App,19,15.5,False
SESS0006912,CUST00344,2026-08-06,Website - Mobile Browser,14,25.3,False
SESS0006913,CUST00344,2026-02-10,Website - Mobile Browser,22,5.6,False
SESS0006914,CUST00344,2025-10-21,Mobile App,14,16.6,False
SESS0006915,CUST00344,2025-10-01,Mobile App,1,11.7,False
SESS0006916,CUST00344,2026-03-10,Website - Desktop,17,20.6,False
SESS0006917,CUST00344,2026-01-04,Mobile App,16,17.8,False
SESS0006918,CUST00344,2026-05-21,Mobile App,12,5.6,False
SESS0006919,CUST00344,2026-01-24,Website - Desktop,11,15.4,True
SESS0006920,CUST00344,2025-12-24,Website - Mobile Browser,25,2.7,False
SESS0006921,CUST00344,2025-09-25,Mobile App,6,19.1,True
SESS0006922,CUST00344,2025-10-24,Website - Mobile Browser,20,23.7,False
SESS0006923,CUST00344,2026-02-16,Website - Desktop,1,6.9,True
SESS0006924,CUST00344,2026-07-27,Mobile App,17,6.8,False
SESS0006925,CUST00344,2025-09-19,Mobile App,20,16.6,False
SESS0006926,CUST00344,2025-12-18,Website - Mobile Browser,9,8.1,False
SESS0006927,CUST00344,2026-07-13,Website - Desktop,18,17.4,False
SESS0006928,CUST00344,2026-01-30,Website - Desktop,18,7.8,False
SESS0006929,CUST00344,2026-06-16,Website - Desktop,18,11.6,False
SESS0006930,CUST00344,2025-10-21,Website - Mobile Browser,21,4.5,True
SESS0006931,CUST00344,2026-02-13,Mobile App,7,2.6,False
SESS0006932,CUST00344,2025-09-07,Website - Mobile Browser,1,13.0,False
SESS0006933,CUST00344,2026-07-30,Website - Mobile Browser,14,9.3,False
SESS0006934,CUST00345,2026-02-19,Website - Mobile Browser,19,14.6,False
SESS0006935,CUST00345,2026-03-16,Mobile App,21,1.2,False
SESS0006936,CUST00345,2026-07-27,Website - Mobile Browser,1,25.3,True
SESS0006937,CUST00345,2026-05-08,Website - Mobile Browser,6,27.7,False
SESS0006938,CUST00345,2026-08-13,Website - Desktop,23,27.7,False
SESS0006939,CUST00345,2026-05-28,Mobile App,5,12.8,False
SESS0006940,CUST00345,2026-04-20,Website - Mobile Browser,17,15.1,False
SESS0006941,CUST00345,2026-07-21,Mobile App,11,23.7,False
SESS0006942,CUST00345,2026-03-26,Website - Mobile Browser,21,3.4,False
SESS0006943,CUST00345,2026-06-01,Website - Desktop,7,21.6,False
SESS0006944,CUST00345,2026-03-01,Mobile App,4,25.3,False
SESS0006945,CUST00345,2026-02-28,Website - Desktop,5,8.5,False
SESS0006946,CUST00345,2026-04-04,Website - Desktop,24,7.9,True
SESS0006947,CUST00345,2026-04-14,Mobile App,16,29.3,True
SESS0006948,CUST00345,2026-02-12,Mobile App,24,24.3,False
SESS0006949,CUST00345,2026-02-12,Website - Mobile Browser,16,12.6,True
SESS0006950,CUST00345,2026-07-10,Website - Mobile Browser,10,24.8,False
SESS0006951,CUST00345,2026-01-27,Website - Desktop,17,8.6,False
SESS0006952,CUST00345,2026-05-18,Website - Desktop,1,23.0,False
SESS0006953,CUST00345,2026-05-08,Website - Desktop,10,12.5,False
SESS0006954,CUST00345,2026-02-14,Mobile App,20,18.6,False
SESS0006955,CUST00345,2026-08-15,Website - Mobile Browser,11,25.4,False
SESS0006956,CUST00345,2026-07-13,Mobile App,11,27.1,False
SESS0006957,CUST00345,2026-06-09,Website - Desktop,5,8.3,False
SESS0006958,CUST00345,2026-08-20,Website - Desktop,13,13.9,False
SESS0006959,CUST00345,2026-01-26,Website - Mobile Browser,20,2.1,False
SESS0006960,CUST00345,2026-03-03,Mobile App,23,12.9,False
SESS0006961,CUST00345,2026-02-22,Mobile App,14,20.2,True
SESS0006962,CUST00345,2026-08-18,Website - Desktop,4,7.2,True
SESS0006963,CUST00345,2026-04-12,Website - Mobile Browser,8,16.9,False
SESS0006964,CUST00345,2026-06-17,Website - Mobile Browser,7,29.7,False
SESS0006965,CUST00345,2026-07-16,Mobile App,18,20.2,False
SESS0006966,CUST00345,2026-04-10,Website - Desktop,5,5.1,False
SESS0006967,CUST00345,2026-05-24,Website - Desktop,14,19.7,False
SESS0006968,CUST00345,2026-02-03,Mobile App,19,12.7,False
SESS0006969,CUST00345,2026-07-30,Mobile App,2,7.2,False
SESS0006970,CUST00345,2026-04-04,Website - Desktop,9,19.4,True
SESS0006971,CUST00345,2026-02-03,Website - Desktop,7,15.0,False
SESS0006972,CUST00345,2026-05-27,Website - Mobile Browser,10,25.1,False
SESS0006973,CUST00345,2026-08-19,Website - Desktop,5,14.7,False
SESS0006974,CUST00347,2026-04-05,Mobile App,2,22.0,True
SESS0006975,CUST00347,2026-06-18,Website - Desktop,14,25.9,False
SESS0006976,CUST00347,2025-11-04,Website - Mobile Browser,2,17.8,False
SESS0006977,CUST00347,2025-10-27,Website - Desktop,20,23.6,False
SESS0006978,CUST00347,2026-01-14,Mobile App,1,1.9,True
SESS0006979,CUST00347,2026-08-19,Website - Desktop,12,25.1,False
SESS0006980,CUST00347,2025-10-04,Website - Desktop,10,10.5,False
SESS0006981,CUST00347,2026-03-28,Website - Mobile Browser,8,1.6,True
SESS0006982,CUST00347,2026-04-05,Website - Mobile Browser,9,25.7,True
SESS0006983,CUST00347,2026-03-04,Website - Mobile Browser,16,22.0,False
SESS0006984,CUST00347,2026-06-22,Website - Mobile Browser,23,5.1,False
SESS0006985,CUST00347,2025-12-07,Website - Mobile Browser,11,5.8,False
SESS0006986,CUST00347,2025-09-19,Website - Desktop,22,20.4,False
SESS0006987,CUST00347,2026-04-02,Website - Desktop,22,28.0,True
SESS0006988,CUST00347,2025-11-28,Website - Desktop,25,28.8,True
SESS0006989,CUST00347,2026-04-15,Website - Desktop,13,11.5,False
SESS0006990,CUST00347,2026-05-05,Website - Desktop,19,26.7,True
SESS0006991,CUST00347,2025-09-30,Website - Desktop,2,19.0,False
SESS0006992,CUST00347,2026-04-02,Website - Desktop,25,27.3,False
SESS0006993,CUST00347,2026-05-02,Website - Desktop,3,6.8,False
SESS0006994,CUST00347,2025-09-07,Mobile App,21,4.8,True
SESS0006995,CUST00347,2026-06-29,Mobile App,14,8.5,True
SESS0006996,CUST00347,2026-04-23,Website - Desktop,14,27.3,False
SESS0006997,CUST00347,2026-05-04,Website - Desktop,19,19.6,False
SESS0006998,CUST00347,2026-06-14,Website - Desktop,11,4.6,False
SESS0006999,CUST00348,2026-01-03,Mobile App,11,29.2,False
SESS0007000,CUST00348,2026-02-26,Website - Desktop,22,25.6,True
SESS0007001,CUST00348,2025-12-10,Website - Desktop,1,5.1,False
SESS0007002,CUST00348,2026-05-08,Website - Mobile Browser,12,6.2,False
SESS0007003,CUST00348,2026-01-18,Website - Mobile Browser,18,21.8,False
SESS0007004,CUST00348,2026-06-13,Website - Mobile Browser,21,27.1,False
SESS0007005,CUST00348,2025-11-19,Website - Desktop,19,28.0,True
SESS0007006,CUST00348,2026-08-16,Website - Desktop,24,2.6,False
SESS0007007,CUST00348,2025-12-16,Website - Desktop,6,28.9,False
SESS0007008,CUST00348,2025-12-22,Website - Mobile Browser,6,23.0,True
SESS0007009,CUST00348,2025-11-21,Mobile App,13,27.7,False
SESS0007010,CUST00348,2025-10-19,Mobile App,1,27.4,False
SESS0007011,CUST00348,2025-10-21,Mobile App,20,28.8,False
SESS0007012,CUST00348,2025-09-24,Website - Desktop,10,19.5,False
SESS0007013,CUST00348,2026-03-26,Mobile App,25,21.7,True
SESS0007014,CUST00348,2025-10-08,Website - Mobile Browser,10,10.7,False
SESS0007015,CUST00348,2025-10-04,Website - Desktop,16,21.0,False
SESS0007016,CUST00348,2026-02-04,Website - Mobile Browser,2,9.2,False
SESS0007017,CUST00348,2025-10-19,Website - Desktop,15,4.3,False
SESS0007018,CUST00348,2025-09-22,Website - Desktop,24,8.6,False
SESS0007019,CUST00348,2026-05-31,Mobile App,24,24.3,True
SESS0007020,CUST00348,2026-05-01,Website - Desktop,4,17.1,True
SESS0007021,CUST00349,2026-03-23,Website - Mobile Browser,22,26.2,True
SESS0007022,CUST00349,2026-05-12,Website - Mobile Browser,19,13.5,False
SESS0007023,CUST00349,2026-01-30,Mobile App,20,15.5,False
SESS0007024,CUST00349,2025-10-10,Mobile App,3,11.7,False
SESS0007025,CUST00349,2026-04-15,Mobile App,5,15.3,False
SESS0007026,CUST00349,2026-08-01,Website - Mobile Browser,12,28.8,False
SESS0007027,CUST00349,2026-03-13,Mobile App,25,5.8,False
SESS0007028,CUST00349,2026-03-26,Mobile App,1,10.6,False
SESS0007029,CUST00349,2026-07-30,Website - Mobile Browser,19,17.3,False
SESS0007030,CUST00349,2025-11-10,Website - Mobile Browser,24,8.2,False
SESS0007031,CUST00349,2026-02-13,Website - Desktop,13,10.8,True
SESS0007032,CUST00349,2025-09-08,Mobile App,25,7.1,True
SESS0007033,CUST00349,2025-10-22,Website - Desktop,9,2.1,False
SESS0007034,CUST00349,2025-11-03,Website - Mobile Browser,1,15.7,True
SESS0007035,CUST00349,2025-09-19,Website - Mobile Browser,7,2.6,False
SESS0007036,CUST00349,2025-09-07,Website - Mobile Browser,11,18.5,False
SESS0007037,CUST00349,2026-06-30,Website - Desktop,15,16.4,False
SESS0007038,CUST00349,2025-11-25,Website - Desktop,11,18.8,False
SESS0007039,CUST00349,2025-11-02,Mobile App,23,22.0,True
SESS0007040,CUST00349,2026-02-22,Website - Mobile Browser,6,2.7,True
SESS0007041,CUST00349,2026-04-20,Mobile App,6,12.1,False
SESS0007042,CUST00349,2026-01-17,Mobile App,22,15.6,False
SESS0007043,CUST00349,2026-05-09,Website - Desktop,25,15.1,False
SESS0007044,CUST00349,2025-12-21,Website - Mobile Browser,7,23.1,False
SESS0007045,CUST00349,2025-10-13,Website - Desktop,2,14.9,False
SESS0007046,CUST00349,2025-12-22,Mobile App,15,1.2,False
SESS0007047,CUST00349,2026-08-10,Website - Mobile Browser,24,1.1,False
SESS0007048,CUST00349,2026-01-26,Mobile App,13,20.2,True
SESS0007049,CUST00350,2025-12-18,Mobile App,9,21.6,False
SESS0007050,CUST00350,2026-07-22,Mobile App,5,13.1,False
SESS0007051,CUST00350,2026-03-18,Mobile App,25,15.1,False
SESS0007052,CUST00350,2026-05-05,Website - Desktop,24,15.0,False
SESS0007053,CUST00350,2025-08-29,Website - Mobile Browser,24,25.5,False
SESS0007054,CUST00350,2026-06-04,Website - Mobile Browser,17,15.2,False
SESS0007055,CUST00350,2026-08-05,Mobile App,23,29.1,True
SESS0007056,CUST00350,2026-01-23,Website - Mobile Browser,20,13.3,False
SESS0007057,CUST00350,2026-02-18,Website - Desktop,19,24.3,False
SESS0007058,CUST00350,2026-08-17,Website - Desktop,12,8.7,True
SESS0007059,CUST00350,2025-10-19,Website - Mobile Browser,19,16.6,False
SESS0007060,CUST00350,2026-07-11,Website - Mobile Browser,12,13.8,False
SESS0007061,CUST00350,2025-11-21,Website - Mobile Browser,5,16.1,False
SESS0007062,CUST00350,2026-04-01,Mobile App,24,18.3,True
SESS0007063,CUST00350,2026-08-06,Website - Desktop,4,9.8,False
SESS0007064,CUST00350,2026-07-19,Website - Desktop,6,14.7,False
SESS0007065,CUST00350,2026-05-13,Website - Mobile Browser,24,29.8,False
SESS0007066,CUST00350,2026-01-24,Website - Desktop,21,10.3,False
SESS0007067,CUST00350,2026-05-31,Mobile App,3,29.3,False
SESS0007068,CUST00350,2026-04-11,Mobile App,3,23.9,True
SESS0007069,CUST00350,2026-05-10,Website - Desktop,16,10.2,False
SESS0007070,CUST00350,2026-06-11,Mobile App,20,25.0,False
SESS0007071,CUST00350,2026-01-08,Website - Desktop,13,11.1,True
SESS0007072,CUST00350,2025-08-27,Mobile App,1,24.2,False
SESS0007073,CUST00350,2026-02-16,Mobile App,16,16.1,False
SESS0007074,CUST00351,2026-06-19,Website - Mobile Browser,12,26.7,False
SESS0007075,CUST00351,2026-02-23,Website - Mobile Browser,25,26.1,False
SESS0007076,CUST00351,2025-11-10,Mobile App,12,4.1,True
SESS0007077,CUST00351,2025-12-24,Website - Desktop,8,15.6,False
SESS0007078,CUST00351,2026-04-21,Website - Mobile Browser,14,6.2,False
SESS0007079,CUST00351,2026-05-19,Mobile App,11,27.1,False
SESS0007080,CUST00351,2026-02-24,Website - Desktop,20,6.6,False
SESS0007081,CUST00351,2026-03-06,Website - Desktop,21,17.5,False
SESS0007082,CUST00351,2026-07-13,Mobile App,23,26.2,False
SESS0007083,CUST00351,2026-08-19,Website - Desktop,22,25.4,False
SESS0007084,CUST00351,2026-04-04,Mobile App,6,12.2,False
SESS0007085,CUST00351,2026-04-04,Website - Mobile Browser,16,9.9,True
SESS0007086,CUST00351,2026-01-30,Website - Mobile Browser,12,5.3,False
SESS0007087,CUST00351,2026-08-03,Mobile App,18,15.0,False
SESS0007088,CUST00351,2026-06-11,Mobile App,15,10.1,False
SESS0007089,CUST00351,2026-02-06,Website - Mobile Browser,4,9.7,False
SESS0007090,CUST00351,2026-05-12,Website - Desktop,21,18.5,False
SESS0007091,CUST00351,2026-03-11,Mobile App,19,21.3,False
SESS0007092,CUST00351,2026-03-08,Website - Desktop,11,29.1,False
SESS0007093,CUST00351,2026-05-26,Website - Mobile Browser,13,5.7,False
SESS0007094,CUST00351,2025-09-12,Mobile App,18,8.7,False
SESS0007095,CUST00351,2025-12-24,Website - Mobile Browser,5,23.1,False
SESS0007096,CUST00351,2026-01-20,Website - Mobile Browser,3,25.4,False
SESS0007097,CUST00351,2026-04-09,Mobile App,22,19.3,False
SESS0007098,CUST00351,2026-06-08,Mobile App,21,13.6,False
SESS0007099,CUST00351,2026-02-13,Mobile App,18,5.1,True
SESS0007100,CUST00351,2026-07-09,Mobile App,1,28.2,True
SESS0007101,CUST00351,2026-07-27,Website - Mobile Browser,14,13.9,False
SESS0007102,CUST00351,2026-07-22,Website - Desktop,12,17.6,False
SESS0007103,CUST00351,2026-04-03,Website - Mobile Browser,12,12.7,False
SESS0007104,CUST00351,2025-11-18,Mobile App,20,12.5,False
SESS0007105,CUST00351,2025-12-18,Website - Desktop,22,11.6,True
SESS0007106,CUST00351,2026-03-27,Mobile App,24,10.3,False
SESS0007107,CUST00351,2026-02-04,Mobile App,9,29.8,False
SESS0007108,CUST00351,2025-12-13,Mobile App,6,12.1,False
SESS0007109,CUST00351,2026-04-18,Website - Desktop,13,21.0,False
SESS0007110,CUST00351,2025-09-09,Website - Desktop,21,25.5,False
SESS0007111,CUST00351,2025-11-17,Website - Desktop,12,22.5,False
SESS0007112,CUST00351,2026-07-18,Website - Mobile Browser,5,17.8,False
SESS0007113,CUST00352,2026-03-19,Mobile App,25,2.2,True
SESS0007114,CUST00352,2026-03-21,Website - Mobile Browser,11,18.6,False
SESS0007115,CUST00352,2026-05-15,Website - Mobile Browser,5,7.6,True
SESS0007116,CUST00352,2026-02-02,Website - Desktop,14,22.9,True
SESS0007117,CUST00352,2026-08-11,Website - Desktop,23,14.8,True
SESS0007118,CUST00352,2026-04-28,Website - Desktop,4,25.2,False
SESS0007119,CUST00352,2026-04-17,Website - Desktop,8,25.6,False
SESS0007120,CUST00352,2026-04-24,Mobile App,1,10.0,False
SESS0007121,CUST00352,2026-08-13,Website - Desktop,6,16.5,True
SESS0007122,CUST00352,2026-07-11,Website - Desktop,23,16.1,False
SESS0007123,CUST00352,2026-03-23,Website - Desktop,5,17.6,True
SESS0007124,CUST00352,2026-07-14,Website - Mobile Browser,21,11.6,False
SESS0007125,CUST00352,2026-05-19,Mobile App,16,3.8,False
SESS0007126,CUST00352,2026-04-22,Website - Desktop,13,4.1,False
SESS0007127,CUST00352,2026-05-09,Mobile App,14,25.5,False
SESS0007128,CUST00352,2026-08-12,Website - Desktop,19,2.2,True
SESS0007129,CUST00352,2026-07-10,Website - Desktop,22,25.3,False
SESS0007130,CUST00352,2026-06-07,Website - Mobile Browser,16,13.6,False
SESS0007131,CUST00352,2026-03-29,Mobile App,4,18.0,False
SESS0007132,CUST00353,2026-03-31,Website - Desktop,2,17.2,False
SESS0007133,CUST00353,2025-09-14,Website - Mobile Browser,2,16.7,False
SESS0007134,CUST00353,2026-08-17,Website - Desktop,3,26.0,True
SESS0007135,CUST00353,2025-11-11,Website - Mobile Browser,8,1.0,False
SESS0007136,CUST00353,2026-04-22,Website - Desktop,18,15.8,False
SESS0007137,CUST00353,2025-12-08,Website - Desktop,19,16.4,False
SESS0007138,CUST00353,2025-10-07,Mobile App,9,23.4,False
SESS0007139,CUST00353,2025-11-19,Website - Mobile Browser,13,29.6,False
SESS0007140,CUST00353,2026-08-18,Website - Mobile Browser,22,13.2,True
SESS0007141,CUST00353,2026-03-16,Website - Desktop,17,6.0,False
SESS0007142,CUST00353,2025-12-23,Mobile App,25,28.4,False
SESS0007143,CUST00353,2026-03-11,Website - Desktop,3,27.0,False
SESS0007144,CUST00353,2025-11-07,Website - Desktop,19,29.6,True
SESS0007145,CUST00353,2026-04-30,Mobile App,25,24.2,True
SESS0007146,CUST00353,2025-09-24,Website - Desktop,5,21.9,True
SESS0007147,CUST00353,2026-04-16,Website - Desktop,13,13.7,False
SESS0007148,CUST00353,2026-08-02,Mobile App,9,1.0,True
SESS0007149,CUST00353,2025-09-03,Website - Mobile Browser,6,28.4,False
SESS0007150,CUST00353,2025-10-12,Website - Desktop,10,28.2,False
SESS0007151,CUST00353,2026-05-23,Mobile App,21,7.6,True
SESS0007152,CUST00353,2025-11-27,Website - Desktop,2,17.3,False
SESS0007153,CUST00353,2026-04-20,Mobile App,22,24.4,True
SESS0007154,CUST00353,2026-04-25,Mobile App,12,27.2,False
SESS0007155,CUST00353,2026-01-23,Mobile App,16,29.5,True
SESS0007156,CUST00353,2026-07-19,Mobile App,4,26.5,False
SESS0007157,CUST00353,2025-11-08,Mobile App,12,3.6,False
SESS0007158,CUST00354,2026-06-03,Website - Desktop,19,24.2,True
SESS0007159,CUST00354,2026-05-28,Website - Desktop,20,1.9,False
SESS0007160,CUST00354,2026-08-15,Website - Desktop,10,18.2,True
SESS0007161,CUST00354,2026-06-17,Website - Desktop,22,24.3,True
SESS0007162,CUST00354,2026-07-09,Mobile App,20,22.9,False
SESS0007163,CUST00354,2026-07-10,Mobile App,16,17.0,False
SESS0007164,CUST00354,2026-05-25,Website - Mobile Browser,21,29.3,False
SESS0007165,CUST00354,2026-08-20,Website - Mobile Browser,6,13.3,False
SESS0007166,CUST00354,2026-08-09,Website - Mobile Browser,2,1.1,False
SESS0007167,CUST00354,2026-08-08,Website - Desktop,22,2.0,False
SESS0007168,CUST00354,2026-05-19,Website - Mobile Browser,3,26.8,False
SESS0007169,CUST00354,2026-06-10,Website - Desktop,3,13.2,False
SESS0007170,CUST00354,2026-07-31,Website - Mobile Browser,13,3.3,False
SESS0007171,CUST00354,2026-08-02,Website - Desktop,22,5.0,False
SESS0007172,CUST00354,2026-08-16,Mobile App,1,12.6,False
SESS0007173,CUST00355,2026-08-10,Website - Mobile Browser,1,10.6,False
SESS0007174,CUST00355,2025-11-11,Website - Desktop,18,5.0,False
SESS0007175,CUST00355,2026-02-27,Mobile App,9,18.9,False
SESS0007176,CUST00356,2025-10-09,Website - Mobile Browser,11,21.2,True
SESS0007177,CUST00356,2026-05-29,Mobile App,2,7.3,True
SESS0007178,CUST00356,2026-06-03,Website - Desktop,3,22.5,False
SESS0007179,CUST00356,2026-02-10,Website - Desktop,3,13.7,False
SESS0007180,CUST00356,2025-10-09,Website - Mobile Browser,14,5.8,True
SESS0007181,CUST00356,2026-04-24,Website - Desktop,20,9.5,False
SESS0007182,CUST00356,2025-12-05,Website - Desktop,9,19.5,True
SESS0007183,CUST00356,2025-09-25,Website - Desktop,19,29.0,False
SESS0007184,CUST00356,2026-06-07,Website - Mobile Browser,7,5.8,False
SESS0007185,CUST00356,2026-01-01,Website - Mobile Browser,19,1.6,True
SESS0007186,CUST00356,2026-01-13,Website - Desktop,8,6.8,False
SESS0007187,CUST00356,2025-11-03,Mobile App,5,13.6,False
SESS0007188,CUST00356,2026-08-02,Website - Mobile Browser,25,14.5,False
SESS0007189,CUST00356,2026-05-15,Website - Mobile Browser,10,25.6,True
SESS0007190,CUST00356,2026-07-20,Website - Mobile Browser,6,7.4,False
SESS0007191,CUST00356,2026-04-07,Website - Desktop,24,11.4,True
SESS0007192,CUST00356,2026-08-10,Website - Desktop,9,16.4,True
SESS0007193,CUST00356,2026-05-29,Mobile App,17,19.2,True
SESS0007194,CUST00356,2026-08-19,Website - Desktop,21,25.8,False
SESS0007195,CUST00356,2025-10-24,Website - Mobile Browser,9,23.5,False
SESS0007196,CUST00356,2025-12-28,Website - Desktop,4,6.7,False
SESS0007197,CUST00356,2026-03-02,Website - Desktop,12,24.3,False
SESS0007198,CUST00356,2026-05-02,Mobile App,16,11.2,False
SESS0007199,CUST00356,2025-11-04,Mobile App,20,15.1,True
SESS0007200,CUST00356,2026-08-18,Website - Desktop,6,24.6,True
SESS0007201,CUST00356,2026-05-26,Website - Mobile Browser,8,4.8,False
SESS0007202,CUST00356,2025-12-31,Website - Mobile Browser,5,3.3,True
SESS0007203,CUST00356,2025-12-27,Website - Desktop,24,14.7,False
SESS0007204,CUST00356,2026-01-14,Website - Desktop,11,28.3,True
SESS0007205,CUST00356,2026-05-26,Mobile App,16,6.3,False
SESS0007206,CUST00356,2025-10-03,Mobile App,1,12.9,False
SESS0007207,CUST00356,2026-02-27,Website - Mobile Browser,11,23.3,False
SESS0007208,CUST00356,2026-06-15,Mobile App,10,23.6,True
SESS0007209,CUST00356,2025-11-11,Website - Desktop,2,14.5,False
SESS0007210,CUST00356,2025-11-03,Mobile App,17,11.7,False
SESS0007211,CUST00356,2026-04-13,Website - Desktop,17,13.5,True
SESS0007212,CUST00356,2026-06-01,Mobile App,24,22.6,True
SESS0007213,CUST00357,2026-08-02,Mobile App,21,19.4,False
SESS0007214,CUST00357,2026-06-12,Website - Desktop,24,6.9,True
SESS0007215,CUST00357,2026-08-21,Mobile App,12,10.9,True
SESS0007216,CUST00357,2026-06-24,Website - Mobile Browser,5,12.8,False
SESS0007217,CUST00357,2026-07-26,Website - Mobile Browser,22,2.9,False
SESS0007218,CUST00357,2026-08-15,Website - Desktop,12,25.6,True
SESS0007219,CUST00357,2026-07-14,Website - Desktop,7,25.6,False
SESS0007220,CUST00357,2026-08-04,Website - Desktop,24,1.2,False
SESS0007221,CUST00357,2026-07-06,Website - Desktop,25,3.3,False
SESS0007222,CUST00357,2026-07-25,Website - Desktop,15,14.6,False
SESS0007223,CUST00357,2026-06-22,Website - Desktop,23,16.6,False
SESS0007224,CUST00357,2026-06-10,Website - Desktop,7,22.2,True
SESS0007225,CUST00357,2026-07-11,Website - Desktop,19,17.8,False
SESS0007226,CUST00357,2026-06-07,Website - Mobile Browser,1,25.9,False
SESS0007227,CUST00357,2026-07-04,Website - Desktop,8,15.4,False
SESS0007228,CUST00357,2026-08-21,Website - Mobile Browser,18,22.3,True
SESS0007229,CUST00357,2026-08-16,Mobile App,23,4.9,False
SESS0007230,CUST00357,2026-07-26,Mobile App,22,26.1,False
SESS0007231,CUST00357,2026-07-08,Website - Desktop,15,20.8,False
SESS0007232,CUST00357,2026-08-09,Mobile App,25,19.5,False
SESS0007233,CUST00357,2026-08-19,Website - Desktop,9,24.3,False
SESS0007234,CUST00357,2026-08-11,Mobile App,21,10.2,False
SESS0007235,CUST00357,2026-06-13,Mobile App,5,0.9,False
SESS0007236,CUST00357,2026-08-10,Website - Mobile Browser,7,23.7,False
SESS0007237,CUST00357,2026-07-22,Website - Desktop,22,8.4,False
SESS0007238,CUST00357,2026-07-19,Website - Mobile Browser,19,20.8,False
SESS0007239,CUST00357,2026-06-15,Mobile App,17,2.2,True
SESS0007240,CUST00358,2025-10-14,Mobile App,24,13.3,False
SESS0007241,CUST00358,2026-02-20,Website - Mobile Browser,7,18.4,False
SESS0007242,CUST00358,2026-08-20,Mobile App,2,28.6,False
SESS0007243,CUST00358,2026-05-15,Website - Mobile Browser,7,15.8,True
SESS0007244,CUST00358,2025-12-27,Mobile App,3,11.7,False
SESS0007245,CUST00358,2026-04-08,Website - Mobile Browser,24,11.6,False
SESS0007246,CUST00358,2025-09-07,Mobile App,16,15.5,False
SESS0007247,CUST00358,2026-06-23,Mobile App,25,2.2,False
SESS0007248,CUST00358,2025-12-19,Mobile App,21,0.9,False
SESS0007249,CUST00358,2025-12-17,Website - Desktop,21,28.6,False
SESS0007250,CUST00358,2026-06-18,Mobile App,11,19.0,False
SESS0007251,CUST00358,2025-12-10,Website - Desktop,20,9.4,True
SESS0007252,CUST00358,2026-07-02,Website - Desktop,6,16.6,False
SESS0007253,CUST00358,2025-09-15,Website - Mobile Browser,22,23.9,True
SESS0007254,CUST00358,2025-12-13,Website - Mobile Browser,17,22.9,False
SESS0007255,CUST00358,2026-08-09,Website - Desktop,25,1.4,True
SESS0007256,CUST00358,2025-10-15,Mobile App,15,3.4,False
SESS0007257,CUST00358,2025-11-27,Mobile App,7,21.3,True
SESS0007258,CUST00358,2026-01-10,Website - Desktop,17,1.4,False
SESS0007259,CUST00358,2025-10-21,Website - Mobile Browser,22,15.4,False
SESS0007260,CUST00358,2025-12-27,Website - Desktop,7,24.2,False
SESS0007261,CUST00358,2026-01-22,Mobile App,7,5.6,False
SESS0007262,CUST00358,2025-09-22,Website - Mobile Browser,23,15.1,False
SESS0007263,CUST00358,2026-03-06,Website - Desktop,7,26.0,False
SESS0007264,CUST00359,2025-09-23,Mobile App,23,17.8,False
SESS0007265,CUST00359,2025-12-16,Website - Mobile Browser,2,24.1,False
SESS0007266,CUST00359,2025-12-12,Website - Desktop,23,7.6,False
SESS0007267,CUST00359,2025-09-04,Website - Desktop,19,29.1,False
SESS0007268,CUST00359,2026-08-15,Website - Desktop,17,21.6,False
SESS0007269,CUST00359,2025-12-22,Mobile App,18,4.1,False
SESS0007270,CUST00359,2026-05-10,Mobile App,3,24.4,False
SESS0007271,CUST00359,2026-07-06,Website - Desktop,9,14.1,False
SESS0007272,CUST00359,2026-07-28,Website - Mobile Browser,23,26.8,True
SESS0007273,CUST00359,2026-04-01,Mobile App,13,11.0,False
SESS0007274,CUST00359,2026-06-29,Website - Desktop,13,0.7,True
SESS0007275,CUST00359,2026-01-04,Website - Mobile Browser,7,3.7,True
SESS0007276,CUST00359,2025-09-30,Website - Mobile Browser,4,13.7,False
SESS0007277,CUST00359,2025-11-30,Website - Desktop,6,21.2,False
SESS0007278,CUST00360,2026-06-01,Website - Desktop,17,16.6,True
SESS0007279,CUST00360,2026-08-08,Mobile App,18,9.9,False
SESS0007280,CUST00360,2026-05-14,Mobile App,14,7.0,False
SESS0007281,CUST00360,2026-05-17,Mobile App,13,10.7,False
SESS0007282,CUST00360,2026-07-28,Mobile App,13,3.1,False
SESS0007283,CUST00360,2026-05-20,Mobile App,1,17.5,False
SESS0007284,CUST00360,2026-05-25,Mobile App,1,29.2,False
SESS0007285,CUST00360,2026-08-02,Website - Desktop,20,19.9,True
SESS0007286,CUST00360,2026-06-28,Website - Desktop,3,7.2,False
SESS0007287,CUST00360,2026-06-27,Mobile App,5,6.3,False
SESS0007288,CUST00360,2026-08-04,Mobile App,7,20.0,False
SESS0007289,CUST00360,2026-07-30,Mobile App,1,25.6,False
SESS0007290,CUST00360,2026-06-27,Website - Mobile Browser,3,25.1,False
SESS0007291,CUST00360,2026-07-01,Mobile App,25,8.7,False
SESS0007292,CUST00360,2026-07-15,Mobile App,23,7.5,False
SESS0007293,CUST00360,2026-05-28,Website - Desktop,16,4.7,False
SESS0007294,CUST00360,2026-06-28,Mobile App,21,22.4,False
SESS0007295,CUST00360,2026-05-28,Website - Mobile Browser,23,17.4,False
SESS0007296,CUST00360,2026-08-09,Website - Desktop,24,25.4,True
SESS0007297,CUST00360,2026-07-22,Website - Mobile Browser,12,7.2,False
SESS0007298,CUST00360,2026-04-26,Website - Desktop,1,3.8,False
SESS0007299,CUST00360,2026-08-12,Mobile App,14,4.4,False
SESS0007300,CUST00360,2026-06-12,Mobile App,10,25.4,False
SESS0007301,CUST00360,2026-07-11,Website - Desktop,4,14.8,True
SESS0007302,CUST00360,2026-05-24,Website - Desktop,22,2.7,False
SESS0007303,CUST00360,2026-04-28,Website - Desktop,4,6.6,False
SESS0007304,CUST00360,2026-04-30,Mobile App,19,12.2,True
SESS0007305,CUST00360,2026-08-15,Website - Mobile Browser,5,9.2,True
SESS0007306,CUST00360,2026-07-02,Website - Desktop,3,19.3,True
SESS0007307,CUST00360,2026-05-05,Website - Mobile Browser,21,20.6,False
SESS0007308,CUST00360,2026-06-19,Mobile App,8,17.1,False
SESS0007309,CUST00361,2026-02-11,Mobile App,22,29.4,False
SESS0007310,CUST00361,2026-01-04,Website - Desktop,16,8.7,False
SESS0007311,CUST00361,2026-03-10,Mobile App,19,9.9,False
SESS0007312,CUST00361,2025-11-30,Website - Mobile Browser,1,1.3,False
SESS0007313,CUST00361,2026-03-27,Mobile App,13,4.7,False
SESS0007314,CUST00361,2026-03-17,Website - Desktop,2,3.2,False
SESS0007315,CUST00361,2026-06-08,Website - Mobile Browser,8,19.6,False
SESS0007316,CUST00361,2025-09-25,Website - Desktop,1,29.0,False
SESS0007317,CUST00361,2025-10-26,Mobile App,19,8.0,False
SESS0007318,CUST00361,2026-04-17,Website - Desktop,12,15.6,False
SESS0007319,CUST00361,2026-03-19,Website - Mobile Browser,10,12.0,False
SESS0007320,CUST00361,2026-07-05,Website - Mobile Browser,6,2.2,False
SESS0007321,CUST00361,2026-04-11,Website - Mobile Browser,20,1.1,True
SESS0007322,CUST00361,2025-09-02,Mobile App,4,11.6,False
SESS0007323,CUST00361,2025-11-13,Website - Mobile Browser,17,16.7,False
SESS0007324,CUST00361,2026-05-08,Website - Desktop,24,1.0,False
SESS0007325,CUST00361,2025-10-26,Website - Desktop,25,10.8,False
SESS0007326,CUST00361,2026-08-06,Website - Desktop,4,27.6,False
SESS0007327,CUST00361,2026-07-03,Mobile App,13,24.5,False
SESS0007328,CUST00361,2026-02-26,Website - Mobile Browser,12,24.2,False
SESS0007329,CUST00361,2026-08-18,Mobile App,13,19.6,False
SESS0007330,CUST00361,2025-08-28,Website - Mobile Browser,21,27.3,False
SESS0007331,CUST00361,2026-03-03,Website - Desktop,7,22.1,False
SESS0007332,CUST00361,2025-12-03,Website - Desktop,14,16.4,False
SESS0007333,CUST00362,2026-06-09,Website - Mobile Browser,25,19.4,False
SESS0007334,CUST00362,2026-06-02,Mobile App,1,4.7,True
SESS0007335,CUST00362,2025-11-02,Website - Mobile Browser,16,2.9,True
SESS0007336,CUST00362,2026-03-12,Mobile App,13,23.6,False
SESS0007337,CUST00362,2025-09-17,Website - Desktop,16,11.6,False
SESS0007338,CUST00362,2025-11-10,Website - Desktop,10,23.7,False
SESS0007339,CUST00362,2026-04-24,Website - Mobile Browser,24,14.3,False
SESS0007340,CUST00362,2025-11-04,Website - Mobile Browser,15,28.2,False
SESS0007341,CUST00362,2026-03-05,Mobile App,10,11.2,False
SESS0007342,CUST00362,2025-12-28,Mobile App,18,28.8,True
SESS0007343,CUST00362,2026-01-19,Website - Mobile Browser,20,27.0,False
SESS0007344,CUST00362,2026-03-27,Website - Mobile Browser,19,10.8,False
SESS0007345,CUST00362,2026-07-20,Website - Desktop,14,27.4,False
SESS0007346,CUST00362,2025-12-08,Website - Desktop,23,4.6,False
SESS0007347,CUST00362,2025-11-24,Website - Desktop,21,3.2,False
SESS0007348,CUST00362,2026-07-01,Website - Mobile Browser,1,17.2,False
SESS0007349,CUST00362,2025-10-10,Website - Desktop,11,2.2,False
SESS0007350,CUST00362,2026-01-25,Website - Desktop,23,13.2,False
SESS0007351,CUST00362,2026-04-17,Mobile App,5,25.2,False
SESS0007352,CUST00362,2026-02-22,Website - Desktop,10,3.8,True
SESS0007353,CUST00362,2026-08-14,Website - Desktop,1,5.4,False
SESS0007354,CUST00362,2026-01-19,Website - Desktop,11,27.3,True
SESS0007355,CUST00362,2025-11-03,Website - Mobile Browser,3,6.1,False
SESS0007356,CUST00362,2025-11-26,Website - Desktop,14,6.0,True
SESS0007357,CUST00362,2025-10-12,Mobile App,19,10.7,False
SESS0007358,CUST00362,2025-11-01,Website - Desktop,12,8.3,True
SESS0007359,CUST00362,2026-04-14,Website - Desktop,8,29.3,False
SESS0007360,CUST00362,2025-10-09,Mobile App,12,23.3,False
SESS0007361,CUST00362,2026-04-25,Mobile App,18,3.9,True
SESS0007362,CUST00362,2025-10-13,Mobile App,7,22.8,False
SESS0007363,CUST00362,2025-09-10,Website - Desktop,20,19.1,True
SESS0007364,CUST00362,2026-08-21,Website - Mobile Browser,6,24.1,False
SESS0007365,CUST00362,2026-05-22,Website - Mobile Browser,12,13.3,True
SESS0007366,CUST00362,2026-05-17,Mobile App,13,8.9,False
SESS0007367,CUST00362,2026-04-30,Website - Desktop,16,11.6,False
SESS0007368,CUST00362,2025-10-13,Website - Desktop,13,5.5,False
SESS0007369,CUST00362,2025-11-13,Website - Mobile Browser,9,27.7,True
SESS0007370,CUST00362,2026-08-07,Website - Mobile Browser,3,19.6,False
SESS0007371,CUST00362,2026-03-21,Website - Desktop,8,23.9,False
SESS0007372,CUST00362,2026-04-18,Website - Mobile Browser,19,17.2,False
SESS0007373,CUST00364,2026-05-12,Website - Mobile Browser,6,15.7,True
SESS0007374,CUST00364,2026-06-21,Mobile App,17,10.7,False
SESS0007375,CUST00364,2025-08-31,Mobile App,9,7.5,False
SESS0007376,CUST00364,2025-10-04,Mobile App,11,20.7,True
SESS0007377,CUST00364,2025-11-09,Mobile App,6,28.2,False
SESS0007378,CUST00364,2025-10-17,Website - Mobile Browser,18,23.0,False
SESS0007379,CUST00364,2026-05-14,Website - Mobile Browser,4,16.3,False
SESS0007380,CUST00364,2026-06-05,Website - Mobile Browser,17,1.5,False
SESS0007381,CUST00364,2026-07-05,Website - Mobile Browser,7,24.4,False
SESS0007382,CUST00364,2025-12-22,Mobile App,11,6.2,False
SESS0007383,CUST00364,2026-01-22,Website - Desktop,8,26.7,False
SESS0007384,CUST00364,2026-04-21,Website - Mobile Browser,8,24.4,False
SESS0007385,CUST00364,2026-04-28,Website - Mobile Browser,10,1.0,False
SESS0007386,CUST00364,2026-02-02,Website - Mobile Browser,16,14.2,False
SESS0007387,CUST00364,2025-11-07,Mobile App,23,20.8,True
SESS0007388,CUST00364,2026-04-12,Website - Mobile Browser,4,22.2,False
SESS0007389,CUST00364,2025-11-09,Website - Desktop,4,17.6,True
SESS0007390,CUST00364,2026-01-01,Website - Desktop,16,9.2,False
SESS0007391,CUST00364,2026-07-06,Website - Desktop,12,28.1,False
SESS0007392,CUST00364,2026-07-01,Website - Desktop,19,28.3,False
SESS0007393,CUST00364,2026-04-22,Website - Desktop,8,15.5,False
SESS0007394,CUST00364,2026-02-19,Website - Desktop,7,16.8,False
SESS0007395,CUST00364,2026-08-03,Mobile App,25,20.9,False
SESS0007396,CUST00364,2026-01-31,Website - Mobile Browser,12,12.7,False
SESS0007397,CUST00364,2025-11-25,Website - Desktop,20,27.5,False
SESS0007398,CUST00364,2026-01-29,Website - Mobile Browser,13,5.8,False
SESS0007399,CUST00364,2025-10-23,Mobile App,23,14.5,True
SESS0007400,CUST00364,2026-06-04,Website - Desktop,8,14.9,True
SESS0007401,CUST00364,2026-06-23,Website - Mobile Browser,21,18.7,False
SESS0007402,CUST00364,2026-05-23,Mobile App,11,12.6,False
SESS0007403,CUST00364,2026-03-03,Website - Mobile Browser,4,27.8,False
SESS0007404,CUST00364,2025-11-08,Website - Mobile Browser,8,9.6,True
SESS0007405,CUST00364,2025-10-05,Website - Desktop,13,15.8,False
SESS0007406,CUST00364,2025-12-08,Mobile App,19,23.5,False
SESS0007407,CUST00364,2025-12-07,Website - Mobile Browser,18,3.0,False
SESS0007408,CUST00364,2025-10-29,Website - Desktop,2,28.0,False
SESS0007409,CUST00364,2026-05-30,Website - Mobile Browser,3,17.7,False
SESS0007410,CUST00366,2026-02-13,Website - Mobile Browser,9,6.0,False
SESS0007411,CUST00366,2026-05-28,Website - Mobile Browser,8,13.5,False
SESS0007412,CUST00366,2025-09-19,Mobile App,15,7.9,True
SESS0007413,CUST00366,2026-02-06,Mobile App,3,16.0,False
SESS0007414,CUST00366,2025-12-14,Website - Desktop,3,6.1,False
SESS0007415,CUST00366,2025-11-15,Website - Desktop,23,4.0,False
SESS0007416,CUST00366,2025-11-07,Website - Mobile Browser,5,12.7,True
SESS0007417,CUST00366,2026-07-03,Website - Mobile Browser,10,14.1,False
SESS0007418,CUST00366,2026-06-25,Mobile App,1,13.6,False
SESS0007419,CUST00366,2026-08-08,Website - Mobile Browser,16,26.6,False
SESS0007420,CUST00367,2025-12-02,Website - Desktop,4,8.8,False
SESS0007421,CUST00367,2026-02-15,Website - Desktop,14,26.2,False
SESS0007422,CUST00367,2026-01-31,Mobile App,3,19.7,False
SESS0007423,CUST00367,2025-10-14,Website - Mobile Browser,18,10.1,True
SESS0007424,CUST00367,2026-06-04,Website - Desktop,8,14.5,False
SESS0007425,CUST00367,2026-04-16,Mobile App,18,26.1,False
SESS0007426,CUST00367,2026-01-12,Website - Mobile Browser,9,7.1,True
SESS0007427,CUST00367,2026-08-17,Mobile App,10,16.6,False
SESS0007428,CUST00367,2026-03-13,Website - Mobile Browser,24,29.9,True
SESS0007429,CUST00367,2026-04-15,Website - Desktop,14,0.8,False
SESS0007430,CUST00367,2025-10-18,Mobile App,22,23.9,False
SESS0007431,CUST00367,2025-12-01,Mobile App,17,20.7,True
SESS0007432,CUST00367,2026-01-07,Website - Mobile Browser,5,8.8,False
SESS0007433,CUST00367,2025-11-26,Website - Mobile Browser,6,16.9,False
SESS0007434,CUST00367,2025-10-01,Website - Desktop,3,14.3,False
SESS0007435,CUST00367,2026-07-03,Website - Desktop,2,27.9,False
SESS0007436,CUST00367,2026-02-28,Website - Desktop,7,23.0,False
SESS0007437,CUST00367,2025-12-16,Mobile App,3,8.2,True
SESS0007438,CUST00367,2026-01-19,Mobile App,17,3.0,False
SESS0007439,CUST00367,2025-09-18,Mobile App,25,5.0,False
SESS0007440,CUST00367,2026-08-06,Website - Mobile Browser,24,29.9,False
SESS0007441,CUST00367,2025-10-04,Mobile App,21,7.3,False
SESS0007442,CUST00368,2026-07-24,Website - Mobile Browser,8,8.7,True
SESS0007443,CUST00368,2026-01-24,Mobile App,13,8.9,False
SESS0007444,CUST00368,2026-01-22,Website - Mobile Browser,6,21.9,True
SESS0007445,CUST00368,2026-08-10,Website - Mobile Browser,14,16.9,True
SESS0007446,CUST00368,2026-08-02,Mobile App,24,14.5,True
SESS0007447,CUST00368,2026-07-12,Website - Mobile Browser,6,19.3,False
SESS0007448,CUST00368,2026-04-24,Website - Mobile Browser,4,17.0,False
SESS0007449,CUST00368,2026-07-31,Mobile App,22,17.6,False
SESS0007450,CUST00368,2026-07-31,Website - Mobile Browser,18,7.8,False
SESS0007451,CUST00368,2026-05-09,Mobile App,7,12.2,True
SESS0007452,CUST00368,2026-08-15,Mobile App,21,7.5,False
SESS0007453,CUST00368,2025-11-15,Mobile App,24,14.5,False
SESS0007454,CUST00368,2026-08-10,Website - Desktop,1,5.1,False
SESS0007455,CUST00368,2026-02-14,Website - Mobile Browser,1,14.4,False
SESS0007456,CUST00368,2026-05-27,Website - Mobile Browser,22,7.9,False
SESS0007457,CUST00368,2026-04-19,Mobile App,11,21.0,False
SESS0007458,CUST00368,2026-04-23,Mobile App,14,14.7,True
SESS0007459,CUST00368,2025-11-15,Website - Mobile Browser,17,20.2,False
SESS0007460,CUST00368,2026-01-08,Website - Mobile Browser,8,18.3,False
SESS0007461,CUST00368,2025-12-15,Website - Mobile Browser,19,7.1,False
SESS0007462,CUST00368,2026-02-08,Mobile App,25,16.9,True
SESS0007463,CUST00368,2026-06-16,Mobile App,15,19.6,False
SESS0007464,CUST00368,2026-01-24,Website - Desktop,14,17.4,False
SESS0007465,CUST00368,2026-06-28,Website - Desktop,8,24.9,False
SESS0007466,CUST00368,2026-04-28,Website - Mobile Browser,24,4.9,False
SESS0007467,CUST00368,2026-05-10,Mobile App,2,13.4,False
SESS0007468,CUST00368,2026-05-21,Website - Mobile Browser,14,3.4,False
SESS0007469,CUST00368,2026-08-10,Website - Desktop,14,24.1,False
SESS0007470,CUST00368,2026-04-22,Mobile App,8,29.8,False
SESS0007471,CUST00368,2026-02-22,Website - Desktop,16,16.8,True
SESS0007472,CUST00368,2026-03-01,Website - Mobile Browser,9,11.9,True
SESS0007473,CUST00368,2026-05-08,Mobile App,9,21.3,True
SESS0007474,CUST00368,2026-07-22,Mobile App,18,26.7,True
SESS0007475,CUST00369,2025-12-21,Website - Desktop,4,29.8,False
SESS0007476,CUST00369,2026-07-01,Mobile App,2,29.6,True
SESS0007477,CUST00369,2026-01-02,Website - Desktop,5,8.9,False
SESS0007478,CUST00369,2026-05-27,Website - Mobile Browser,11,12.4,True
SESS0007479,CUST00369,2026-03-06,Website - Desktop,18,19.6,False
SESS0007480,CUST00369,2026-02-20,Website - Mobile Browser,3,14.6,False
SESS0007481,CUST00369,2026-01-29,Mobile App,15,14.0,False
SESS0007482,CUST00369,2026-03-17,Website - Mobile Browser,14,29.2,True
SESS0007483,CUST00369,2026-05-02,Website - Mobile Browser,22,10.3,True
SESS0007484,CUST00369,2025-10-03,Mobile App,14,16.9,False
SESS0007485,CUST00369,2026-07-15,Mobile App,14,11.1,False
SESS0007486,CUST00369,2025-11-18,Mobile App,23,12.7,False
SESS0007487,CUST00369,2026-07-04,Website - Mobile Browser,8,28.8,False
SESS0007488,CUST00369,2025-11-08,Website - Mobile Browser,8,20.4,False
SESS0007489,CUST00369,2026-01-22,Website - Desktop,14,23.5,False
SESS0007490,CUST00369,2026-08-20,Website - Mobile Browser,9,10.9,False
SESS0007491,CUST00369,2025-09-22,Website - Desktop,16,21.6,False
SESS0007492,CUST00369,2026-04-29,Website - Desktop,19,4.6,False
SESS0007493,CUST00370,2026-08-13,Website - Mobile Browser,8,12.7,False
SESS0007494,CUST00370,2026-02-01,Website - Mobile Browser,17,27.4,True
SESS0007495,CUST00370,2025-10-14,Website - Desktop,10,16.5,False
SESS0007496,CUST00370,2026-05-19,Mobile App,7,22.9,False
SESS0007497,CUST00370,2025-11-13,Website - Desktop,2,8.8,False
SESS0007498,CUST00370,2025-09-30,Website - Desktop,1,5.9,False
SESS0007499,CUST00370,2025-11-27,Website - Desktop,16,19.4,True
SESS0007500,CUST00370,2026-07-23,Website - Desktop,17,5.6,False
SESS0007501,CUST00370,2026-01-21,Website - Mobile Browser,18,16.6,True
SESS0007502,CUST00370,2026-08-18,Website - Desktop,25,3.7,True
SESS0007503,CUST00370,2026-04-15,Mobile App,15,21.8,True
SESS0007504,CUST00370,2026-07-13,Mobile App,19,9.1,False
SESS0007505,CUST00370,2026-07-14,Website - Mobile Browser,24,28.7,False
SESS0007506,CUST00370,2025-09-29,Website - Desktop,9,3.2,True
SESS0007507,CUST00370,2026-07-25,Website - Mobile Browser,18,28.2,False
SESS0007508,CUST00370,2026-04-04,Website - Desktop,11,9.9,True
SESS0007509,CUST00370,2025-09-29,Website - Mobile Browser,14,23.4,True
SESS0007510,CUST00370,2025-11-25,Website - Mobile Browser,15,27.6,True
SESS0007511,CUST00370,2026-03-30,Website - Desktop,24,22.5,True
SESS0007512,CUST00370,2026-05-22,Mobile App,22,2.9,True
SESS0007513,CUST00370,2026-07-30,Website - Desktop,2,5.4,False
SESS0007514,CUST00371,2025-11-21,Website - Mobile Browser,10,5.9,False
SESS0007515,CUST00371,2026-02-14,Mobile App,13,11.5,False
SESS0007516,CUST00371,2025-12-04,Website - Desktop,16,9.4,False
SESS0007517,CUST00371,2025-10-26,Website - Mobile Browser,5,16.9,False
SESS0007518,CUST00371,2026-05-26,Website - Mobile Browser,22,15.1,False
SESS0007519,CUST00371,2026-05-16,Mobile App,11,12.1,False
SESS0007520,CUST00371,2026-07-26,Website - Desktop,11,14.6,False
SESS0007521,CUST00371,2026-02-19,Website - Mobile Browser,25,28.7,False
SESS0007522,CUST00371,2026-08-19,Mobile App,19,12.4,False
SESS0007523,CUST00371,2026-06-09,Website - Mobile Browser,14,27.9,False
SESS0007524,CUST00371,2026-07-12,Website - Desktop,22,25.9,False
SESS0007525,CUST00371,2025-10-02,Mobile App,3,13.5,False
SESS0007526,CUST00371,2026-02-24,Website - Mobile Browser,6,9.2,False
SESS0007527,CUST00371,2025-11-17,Website - Desktop,20,14.2,False
SESS0007528,CUST00371,2026-03-22,Website - Mobile Browser,3,9.2,False
SESS0007529,CUST00371,2025-08-27,Website - Mobile Browser,13,26.1,False
SESS0007530,CUST00371,2026-05-04,Website - Desktop,15,10.3,False
SESS0007531,CUST00371,2026-07-29,Website - Desktop,13,23.7,False
SESS0007532,CUST00371,2026-05-25,Mobile App,9,23.4,True
SESS0007533,CUST00371,2026-03-15,Mobile App,12,6.2,False
SESS0007534,CUST00371,2025-10-25,Website - Mobile Browser,6,24.5,False
SESS0007535,CUST00371,2026-05-20,Website - Mobile Browser,19,28.6,False
SESS0007536,CUST00371,2026-08-15,Website - Desktop,24,2.0,False
SESS0007537,CUST00372,2026-03-20,Website - Mobile Browser,15,22.9,False
SESS0007538,CUST00372,2026-04-24,Mobile App,10,3.7,False
SESS0007539,CUST00372,2025-11-04,Mobile App,14,29.4,False
SESS0007540,CUST00372,2026-06-19,Website - Mobile Browser,15,8.2,True
SESS0007541,CUST00372,2025-11-19,Website - Mobile Browser,13,4.1,False
SESS0007542,CUST00372,2025-09-12,Mobile App,15,18.6,False
SESS0007543,CUST00372,2025-10-30,Mobile App,21,22.4,False
SESS0007544,CUST00373,2026-06-20,Website - Mobile Browser,21,20.8,False
SESS0007545,CUST00374,2025-11-06,Website - Mobile Browser,6,3.0,True
SESS0007546,CUST00374,2025-12-11,Website - Mobile Browser,11,10.2,False
SESS0007547,CUST00374,2025-09-18,Website - Mobile Browser,20,1.4,True
SESS0007548,CUST00374,2026-02-04,Mobile App,11,12.3,False
SESS0007549,CUST00375,2026-04-06,Website - Desktop,5,28.2,True
SESS0007550,CUST00375,2025-09-07,Website - Mobile Browser,7,28.3,False
SESS0007551,CUST00375,2026-05-15,Website - Mobile Browser,7,13.5,True
SESS0007552,CUST00375,2026-05-14,Website - Mobile Browser,12,3.7,False
SESS0007553,CUST00375,2026-01-05,Website - Desktop,4,7.5,False
SESS0007554,CUST00375,2026-05-26,Website - Desktop,13,29.9,False
SESS0007555,CUST00375,2026-05-27,Website - Mobile Browser,22,20.9,True
SESS0007556,CUST00375,2026-06-23,Mobile App,24,28.6,False
SESS0007557,CUST00375,2026-01-29,Website - Mobile Browser,13,14.6,False
SESS0007558,CUST00375,2026-05-01,Website - Mobile Browser,14,14.4,False
SESS0007559,CUST00375,2026-06-23,Website - Desktop,19,29.5,False
SESS0007560,CUST00375,2025-10-23,Mobile App,20,9.5,False
SESS0007561,CUST00375,2026-01-10,Mobile App,6,16.4,False
SESS0007562,CUST00375,2025-10-27,Website - Mobile Browser,9,27.1,True
SESS0007563,CUST00375,2025-09-08,Website - Mobile Browser,17,4.6,False
SESS0007564,CUST00375,2025-10-29,Website - Desktop,13,17.4,False
SESS0007565,CUST00375,2026-06-26,Mobile App,22,12.0,False
SESS0007566,CUST00375,2026-01-25,Website - Mobile Browser,17,13.1,False
SESS0007567,CUST00375,2025-09-26,Website - Mobile Browser,13,18.3,True
SESS0007568,CUST00375,2025-10-22,Website - Desktop,17,13.0,False
SESS0007569,CUST00375,2025-09-22,Mobile App,10,4.1,False
SESS0007570,CUST00375,2026-01-23,Website - Desktop,19,1.6,False
SESS0007571,CUST00375,2026-01-30,Website - Mobile Browser,10,18.5,False
SESS0007572,CUST00375,2026-05-05,Website - Desktop,9,14.3,True
SESS0007573,CUST00375,2025-10-25,Mobile App,15,4.6,False
SESS0007574,CUST00375,2026-05-10,Website - Desktop,24,4.9,False
SESS0007575,CUST00375,2026-05-10,Mobile App,2,18.2,False
SESS0007576,CUST00375,2026-07-11,Website - Mobile Browser,6,16.7,False
SESS0007577,CUST00375,2026-03-06,Mobile App,15,9.9,True
SESS0007578,CUST00375,2026-07-17,Website - Mobile Browser,8,18.5,False
SESS0007579,CUST00375,2026-03-28,Website - Desktop,1,7.6,False
SESS0007580,CUST00375,2026-08-08,Website - Mobile Browser,1,7.2,False
SESS0007581,CUST00375,2026-03-25,Website - Mobile Browser,20,20.8,False
SESS0007582,CUST00375,2025-12-23,Mobile App,18,19.7,False
SESS0007583,CUST00375,2026-02-06,Website - Desktop,16,14.0,False
SESS0007584,CUST00376,2026-06-21,Website - Desktop,1,3.6,False
SESS0007585,CUST00376,2026-03-28,Website - Mobile Browser,20,6.9,False
SESS0007586,CUST00376,2026-04-21,Website - Mobile Browser,6,29.6,False
SESS0007587,CUST00376,2025-11-12,Website - Desktop,20,27.9,False
SESS0007588,CUST00376,2026-02-04,Website - Desktop,23,23.3,False
SESS0007589,CUST00376,2025-10-27,Website - Desktop,8,3.2,False
SESS0007590,CUST00376,2026-06-24,Website - Desktop,3,15.8,True
SESS0007591,CUST00376,2026-02-03,Website - Desktop,24,13.5,False
SESS0007592,CUST00376,2025-12-18,Website - Mobile Browser,14,2.6,False
SESS0007593,CUST00376,2026-04-02,Mobile App,25,17.1,True
SESS0007594,CUST00376,2026-07-26,Website - Mobile Browser,4,7.6,False
SESS0007595,CUST00376,2026-06-10,Mobile App,24,24.1,True
SESS0007596,CUST00376,2026-06-23,Website - Mobile Browser,20,15.7,False
SESS0007597,CUST00376,2025-11-05,Website - Mobile Browser,9,12.4,False
SESS0007598,CUST00376,2025-12-11,Website - Desktop,19,14.9,True
SESS0007599,CUST00376,2026-06-01,Website - Desktop,8,12.1,False
SESS0007600,CUST00376,2026-02-10,Mobile App,9,29.0,False
SESS0007601,CUST00376,2025-09-28,Website - Desktop,4,4.4,False
SESS0007602,CUST00376,2026-03-24,Website - Desktop,6,1.9,False
SESS0007603,CUST00376,2026-06-09,Mobile App,3,21.2,False
SESS0007604,CUST00376,2025-10-11,Website - Mobile Browser,8,27.0,False
SESS0007605,CUST00376,2025-09-15,Mobile App,18,0.8,True
SESS0007606,CUST00376,2026-05-19,Website - Mobile Browser,19,5.3,True
SESS0007607,CUST00376,2026-03-07,Mobile App,13,10.0,False
SESS0007608,CUST00376,2026-07-01,Website - Desktop,13,16.0,False
SESS0007609,CUST00376,2026-03-16,Website - Mobile Browser,2,1.6,True
SESS0007610,CUST00376,2026-01-16,Mobile App,7,6.1,False
SESS0007611,CUST00376,2026-04-17,Website - Desktop,5,24.3,True
SESS0007612,CUST00376,2026-05-10,Website - Desktop,4,27.9,False
SESS0007613,CUST00376,2026-06-17,Website - Desktop,17,20.8,False
SESS0007614,CUST00377,2026-07-19,Website - Desktop,14,15.8,False
SESS0007615,CUST00377,2026-07-24,Mobile App,21,24.4,False
SESS0007616,CUST00377,2026-08-17,Website - Mobile Browser,19,22.4,True
SESS0007617,CUST00377,2026-08-14,Mobile App,8,7.6,False
SESS0007618,CUST00377,2026-07-26,Website - Mobile Browser,10,27.2,True
SESS0007619,CUST00377,2026-07-19,Website - Mobile Browser,9,8.1,False
SESS0007620,CUST00377,2026-08-17,Website - Desktop,13,3.0,False
SESS0007621,CUST00377,2026-08-06,Website - Mobile Browser,22,28.4,False
SESS0007622,CUST00377,2026-07-20,Website - Mobile Browser,25,11.2,False
SESS0007623,CUST00378,2026-03-09,Mobile App,1,6.8,False
SESS0007624,CUST00378,2025-09-26,Mobile App,21,19.7,False
SESS0007625,CUST00378,2026-03-04,Website - Desktop,8,20.2,False
SESS0007626,CUST00378,2025-09-29,Website - Desktop,5,6.8,False
SESS0007627,CUST00378,2025-11-29,Website - Desktop,12,21.2,False
SESS0007628,CUST00378,2026-03-12,Website - Desktop,14,22.6,True
SESS0007629,CUST00378,2026-06-21,Website - Mobile Browser,2,7.0,False
SESS0007630,CUST00378,2025-09-11,Website - Desktop,24,29.4,False
SESS0007631,CUST00378,2026-02-19,Mobile App,14,8.2,False
SESS0007632,CUST00378,2026-06-24,Mobile App,20,28.3,False
SESS0007633,CUST00378,2025-10-16,Website - Mobile Browser,6,21.3,False
SESS0007634,CUST00378,2026-06-07,Website - Mobile Browser,4,26.8,False
SESS0007635,CUST00378,2026-05-05,Website - Desktop,7,10.5,False
SESS0007636,CUST00378,2025-09-28,Website - Desktop,6,10.6,False
SESS0007637,CUST00378,2025-10-19,Website - Desktop,5,25.0,False
SESS0007638,CUST00378,2026-02-02,Website - Desktop,24,19.6,False
SESS0007639,CUST00378,2026-01-25,Website - Mobile Browser,3,25.2,False
SESS0007640,CUST00378,2026-04-12,Website - Mobile Browser,10,29.1,False
SESS0007641,CUST00379,2025-09-24,Mobile App,8,22.3,False
SESS0007642,CUST00379,2026-05-27,Mobile App,15,20.3,False
SESS0007643,CUST00379,2026-02-08,Website - Mobile Browser,24,9.9,False
SESS0007644,CUST00379,2026-04-29,Website - Mobile Browser,5,20.3,True
SESS0007645,CUST00379,2026-08-19,Website - Desktop,22,28.0,False
SESS0007646,CUST00379,2025-12-26,Website - Desktop,23,10.9,True
SESS0007647,CUST00379,2025-09-07,Website - Desktop,20,1.2,False
SESS0007648,CUST00379,2025-08-31,Website - Desktop,4,3.3,False
SESS0007649,CUST00379,2025-09-05,Website - Mobile Browser,12,23.3,False
SESS0007650,CUST00379,2026-04-23,Website - Mobile Browser,15,5.1,False
SESS0007651,CUST00379,2025-09-04,Mobile App,8,4.0,False
SESS0007652,CUST00379,2026-06-14,Website - Desktop,10,7.2,False
SESS0007653,CUST00379,2025-09-06,Website - Desktop,9,26.8,False
SESS0007654,CUST00379,2025-12-21,Website - Mobile Browser,1,20.8,False
SESS0007655,CUST00379,2026-05-26,Mobile App,2,17.7,True
SESS0007656,CUST00379,2026-06-13,Website - Mobile Browser,25,6.7,False
SESS0007657,CUST00379,2026-03-25,Mobile App,16,17.0,False
SESS0007658,CUST00379,2025-09-25,Website - Desktop,22,6.1,True
SESS0007659,CUST00379,2025-11-03,Mobile App,8,22.9,False
SESS0007660,CUST00379,2026-08-05,Website - Mobile Browser,7,28.4,False
SESS0007661,CUST00379,2025-10-01,Mobile App,13,4.7,False
SESS0007662,CUST00380,2026-06-05,Website - Mobile Browser,12,21.4,False
SESS0007663,CUST00380,2026-03-09,Website - Mobile Browser,13,24.7,False
SESS0007664,CUST00380,2026-01-07,Website - Desktop,20,15.2,False
SESS0007665,CUST00380,2026-06-06,Website - Desktop,24,27.8,False
SESS0007666,CUST00380,2026-05-23,Mobile App,8,18.0,False
SESS0007667,CUST00380,2026-04-01,Website - Desktop,7,2.6,False
SESS0007668,CUST00380,2026-05-12,Website - Desktop,3,29.1,False
SESS0007669,CUST00380,2026-08-17,Website - Desktop,25,13.6,False
SESS0007670,CUST00380,2025-12-17,Mobile App,17,28.2,True
SESS0007671,CUST00380,2026-04-25,Website - Mobile Browser,11,14.7,False
SESS0007672,CUST00380,2026-06-09,Website - Mobile Browser,8,18.3,False
SESS0007673,CUST00380,2026-02-24,Mobile App,22,25.7,False
SESS0007674,CUST00380,2025-12-09,Website - Mobile Browser,14,24.5,False
SESS0007675,CUST00380,2025-12-10,Website - Mobile Browser,25,20.6,False
SESS0007676,CUST00380,2025-10-23,Website - Mobile Browser,23,22.1,False
SESS0007677,CUST00380,2026-03-11,Website - Desktop,11,26.1,True
SESS0007678,CUST00380,2025-10-19,Website - Desktop,22,22.5,False
SESS0007679,CUST00380,2026-04-24,Mobile App,7,27.4,False
SESS0007680,CUST00380,2026-03-09,Website - Mobile Browser,21,15.5,False
SESS0007681,CUST00380,2025-12-08,Website - Desktop,11,2.1,False
SESS0007682,CUST00380,2026-03-02,Mobile App,22,4.4,False
SESS0007683,CUST00380,2026-05-30,Website - Mobile Browser,5,1.8,False
SESS0007684,CUST00380,2025-10-20,Website - Mobile Browser,2,26.7,False
SESS0007685,CUST00381,2026-07-29,Website - Mobile Browser,1,19.2,False
SESS0007686,CUST00381,2026-05-20,Website - Mobile Browser,9,14.7,False
SESS0007687,CUST00381,2026-07-03,Website - Mobile Browser,6,1.7,False
SESS0007688,CUST00381,2026-04-18,Website - Desktop,25,8.4,False
SESS0007689,CUST00381,2026-06-01,Mobile App,21,3.5,False
SESS0007690,CUST00381,2026-04-18,Website - Mobile Browser,21,18.9,False
SESS0007691,CUST00381,2026-06-08,Mobile App,3,5.8,False
SESS0007692,CUST00381,2026-04-16,Website - Desktop,16,27.3,False
SESS0007693,CUST00381,2026-06-30,Website - Mobile Browser,3,22.2,False
SESS0007694,CUST00381,2026-04-13,Website - Mobile Browser,9,27.9,False
SESS0007695,CUST00381,2026-05-17,Mobile App,21,23.4,False
SESS0007696,CUST00381,2026-05-15,Website - Mobile Browser,14,8.6,True
SESS0007697,CUST00381,2026-05-28,Mobile App,16,21.0,True
SESS0007698,CUST00382,2026-01-23,Website - Desktop,11,12.9,True
SESS0007699,CUST00382,2026-01-30,Website - Mobile Browser,23,1.2,False
SESS0007700,CUST00382,2026-03-20,Website - Mobile Browser,25,22.7,True
SESS0007701,CUST00382,2026-03-25,Mobile App,3,22.2,True
SESS0007702,CUST00382,2026-02-13,Website - Mobile Browser,8,5.8,False
SESS0007703,CUST00382,2026-04-04,Website - Mobile Browser,2,2.3,False
SESS0007704,CUST00382,2025-12-21,Website - Desktop,3,24.3,False
SESS0007705,CUST00382,2025-11-23,Website - Desktop,23,21.0,True
SESS0007706,CUST00382,2025-12-31,Mobile App,18,11.6,False
SESS0007707,CUST00382,2025-12-18,Mobile App,18,25.8,False
SESS0007708,CUST00382,2026-01-17,Website - Desktop,16,4.6,True
SESS0007709,CUST00383,2026-06-28,Website - Desktop,24,7.9,False
SESS0007710,CUST00383,2026-05-12,Mobile App,2,11.7,False
SESS0007711,CUST00383,2026-07-24,Mobile App,14,13.9,False
SESS0007712,CUST00383,2026-07-18,Website - Desktop,15,16.1,False
SESS0007713,CUST00383,2026-05-14,Mobile App,3,8.0,False
SESS0007714,CUST00383,2026-03-21,Mobile App,2,14.0,False
SESS0007715,CUST00383,2026-07-07,Mobile App,17,20.0,False
SESS0007716,CUST00383,2026-06-23,Website - Mobile Browser,24,1.9,True
SESS0007717,CUST00383,2026-03-23,Mobile App,15,2.3,False
SESS0007718,CUST00383,2026-04-17,Website - Desktop,9,14.2,False
SESS0007719,CUST00383,2026-05-19,Website - Desktop,24,10.3,False
SESS0007720,CUST00383,2026-07-29,Website - Desktop,25,11.3,False
SESS0007721,CUST00383,2026-06-12,Mobile App,24,7.1,False
SESS0007722,CUST00383,2026-06-21,Website - Mobile Browser,11,19.2,False
SESS0007723,CUST00383,2026-07-18,Website - Desktop,25,14.9,False
SESS0007724,CUST00383,2026-03-17,Mobile App,1,24.6,False
SESS0007725,CUST00383,2026-06-22,Website - Mobile Browser,20,17.7,False
SESS0007726,CUST00383,2026-06-24,Website - Mobile Browser,16,16.1,False
SESS0007727,CUST00383,2026-08-12,Website - Desktop,11,5.3,False
SESS0007728,CUST00384,2026-07-25,Mobile App,10,9.8,True
SESS0007729,CUST00384,2025-11-01,Website - Desktop,7,1.2,False
SESS0007730,CUST00384,2025-09-19,Website - Mobile Browser,6,1.3,False
SESS0007731,CUST00384,2025-12-01,Mobile App,1,1.2,False
SESS0007732,CUST00384,2025-09-12,Website - Desktop,12,10.5,False
SESS0007733,CUST00384,2025-10-10,Mobile App,23,23.4,False
SESS0007734,CUST00384,2026-01-15,Website - Desktop,23,3.1,False
SESS0007735,CUST00384,2026-06-23,Website - Mobile Browser,5,10.6,True
SESS0007736,CUST00384,2025-10-10,Mobile App,21,6.5,True
SESS0007737,CUST00384,2026-03-15,Website - Desktop,17,5.3,False
SESS0007738,CUST00384,2026-03-05,Mobile App,13,28.7,False
SESS0007739,CUST00384,2025-08-28,Mobile App,18,23.1,True
SESS0007740,CUST00384,2026-04-09,Website - Mobile Browser,9,16.8,False
SESS0007741,CUST00384,2025-11-28,Website - Mobile Browser,21,0.9,False
SESS0007742,CUST00384,2026-07-01,Website - Mobile Browser,23,13.2,False
SESS0007743,CUST00384,2025-10-29,Mobile App,6,23.3,False
SESS0007744,CUST00384,2026-08-03,Website - Desktop,10,21.2,False
SESS0007745,CUST00384,2026-02-22,Website - Desktop,11,20.6,False
SESS0007746,CUST00384,2026-07-28,Website - Desktop,5,3.2,True
SESS0007747,CUST00384,2026-02-28,Mobile App,23,12.4,True
SESS0007748,CUST00384,2026-01-10,Website - Mobile Browser,17,27.0,False
SESS0007749,CUST00384,2026-05-28,Website - Mobile Browser,15,30.0,False
SESS0007750,CUST00384,2026-03-05,Mobile App,12,4.3,False
SESS0007751,CUST00384,2025-09-19,Website - Desktop,16,6.5,False
SESS0007752,CUST00384,2025-12-01,Mobile App,3,0.9,False
SESS0007753,CUST00384,2025-10-21,Website - Desktop,18,12.6,False
SESS0007754,CUST00384,2025-09-19,Website - Desktop,14,29.8,False
SESS0007755,CUST00384,2026-05-04,Mobile App,10,14.4,False
SESS0007756,CUST00384,2026-04-06,Website - Mobile Browser,10,13.1,False
SESS0007757,CUST00384,2025-12-11,Mobile App,21,14.3,False
SESS0007758,CUST00384,2025-10-27,Website - Desktop,6,9.9,False
SESS0007759,CUST00384,2026-03-20,Website - Desktop,18,17.7,False
SESS0007760,CUST00384,2026-04-25,Website - Mobile Browser,16,21.7,False
SESS0007761,CUST00384,2026-05-16,Mobile App,22,25.0,False
SESS0007762,CUST00385,2026-06-27,Website - Mobile Browser,13,1.5,False
SESS0007763,CUST00385,2026-06-03,Website - Mobile Browser,21,7.9,False
SESS0007764,CUST00385,2026-06-11,Mobile App,4,8.3,False
SESS0007765,CUST00385,2026-06-28,Website - Mobile Browser,12,21.5,False
SESS0007766,CUST00385,2026-07-26,Website - Mobile Browser,15,24.0,False
SESS0007767,CUST00385,2026-06-23,Website - Desktop,21,29.9,True
SESS0007768,CUST00385,2026-07-27,Website - Mobile Browser,13,22.0,False
SESS0007769,CUST00385,2026-07-08,Mobile App,5,7.1,False
SESS0007770,CUST00385,2026-06-09,Website - Desktop,16,5.0,False
SESS0007771,CUST00385,2026-06-18,Website - Desktop,3,21.2,False
SESS0007772,CUST00385,2026-08-01,Website - Mobile Browser,20,29.3,False
SESS0007773,CUST00385,2026-05-27,Website - Mobile Browser,21,25.8,False
SESS0007774,CUST00385,2026-08-10,Website - Mobile Browser,25,9.1,False
SESS0007775,CUST00385,2026-08-05,Website - Mobile Browser,19,20.7,False
SESS0007776,CUST00385,2026-06-16,Mobile App,14,6.0,False
SESS0007777,CUST00385,2026-08-20,Website - Mobile Browser,3,10.0,False
SESS0007778,CUST00385,2026-06-25,Website - Desktop,13,2.1,False
SESS0007779,CUST00385,2026-06-22,Mobile App,1,29.1,False
SESS0007780,CUST00385,2026-07-29,Mobile App,12,28.3,False
SESS0007781,CUST00385,2026-07-30,Mobile App,9,28.0,False
SESS0007782,CUST00385,2026-08-09,Website - Mobile Browser,7,12.5,False
SESS0007783,CUST00385,2026-05-23,Website - Mobile Browser,2,20.9,False
SESS0007784,CUST00385,2026-06-26,Website - Desktop,15,18.7,False
SESS0007785,CUST00385,2026-06-10,Mobile App,10,14.9,False
SESS0007786,CUST00386,2026-04-27,Mobile App,23,13.0,False
SESS0007787,CUST00386,2025-12-27,Mobile App,18,15.0,False
SESS0007788,CUST00386,2026-04-29,Mobile App,20,12.5,False
SESS0007789,CUST00386,2025-12-10,Mobile App,20,19.4,True
SESS0007790,CUST00386,2026-08-07,Website - Mobile Browser,8,22.0,False
SESS0007791,CUST00386,2026-07-21,Mobile App,20,21.7,False
SESS0007792,CUST00386,2025-09-04,Website - Mobile Browser,11,3.6,False
SESS0007793,CUST00386,2025-09-26,Website - Mobile Browser,23,17.9,False
SESS0007794,CUST00386,2026-01-09,Website - Desktop,9,16.0,True
SESS0007795,CUST00386,2026-01-22,Mobile App,15,14.6,True
SESS0007796,CUST00386,2025-12-05,Mobile App,6,10.5,True
SESS0007797,CUST00386,2025-12-09,Website - Mobile Browser,25,28.6,False
SESS0007798,CUST00386,2026-03-22,Website - Desktop,13,29.5,False
SESS0007799,CUST00386,2026-06-16,Mobile App,9,24.0,False
SESS0007800,CUST00386,2026-02-24,Website - Mobile Browser,9,8.2,False
SESS0007801,CUST00386,2026-07-23,Website - Desktop,11,21.6,False
SESS0007802,CUST00387,2026-05-31,Website - Desktop,13,25.4,False
SESS0007803,CUST00387,2026-05-17,Website - Desktop,25,3.9,False
SESS0007804,CUST00387,2026-01-06,Mobile App,16,11.4,False
SESS0007805,CUST00387,2026-03-15,Mobile App,12,20.8,True
SESS0007806,CUST00387,2026-02-23,Website - Mobile Browser,10,10.2,False
SESS0007807,CUST00387,2025-10-30,Mobile App,23,19.0,False
SESS0007808,CUST00387,2026-08-15,Website - Mobile Browser,1,11.0,False
SESS0007809,CUST00387,2025-12-24,Website - Desktop,22,10.3,False
SESS0007810,CUST00388,2026-08-12,Website - Desktop,14,12.9,False
SESS0007811,CUST00388,2026-02-10,Website - Mobile Browser,10,3.9,False
SESS0007812,CUST00389,2026-06-22,Mobile App,6,14.0,True
SESS0007813,CUST00389,2025-09-18,Website - Mobile Browser,25,7.4,False
SESS0007814,CUST00389,2026-05-01,Website - Desktop,18,5.7,False
SESS0007815,CUST00389,2025-09-09,Mobile App,9,11.2,False
SESS0007816,CUST00389,2026-05-01,Website - Mobile Browser,18,4.0,False
SESS0007817,CUST00389,2025-09-16,Website - Mobile Browser,7,26.5,False
SESS0007818,CUST00389,2026-06-30,Website - Desktop,4,14.9,False
SESS0007819,CUST00389,2025-11-20,Website - Desktop,10,12.5,False
SESS0007820,CUST00389,2026-07-22,Mobile App,4,19.5,False
SESS0007821,CUST00389,2025-11-10,Mobile App,2,19.8,False
SESS0007822,CUST00389,2026-05-29,Website - Desktop,8,17.3,False
SESS0007823,CUST00389,2026-01-01,Mobile App,21,5.5,False
SESS0007824,CUST00389,2026-06-21,Website - Mobile Browser,8,28.2,False
SESS0007825,CUST00389,2025-11-27,Website - Desktop,10,17.0,False
SESS0007826,CUST00389,2025-12-18,Mobile App,22,3.4,False
SESS0007827,CUST00390,2026-08-19,Mobile App,15,29.4,False
SESS0007828,CUST00390,2026-08-15,Website - Desktop,13,19.6,False
SESS0007829,CUST00390,2026-08-14,Mobile App,20,0.6,False
SESS0007830,CUST00390,2026-08-13,Website - Mobile Browser,15,8.8,False
SESS0007831,CUST00391,2025-10-02,Mobile App,17,0.6,True
SESS0007832,CUST00391,2025-09-30,Website - Mobile Browser,20,22.1,True
SESS0007833,CUST00391,2026-03-30,Website - Mobile Browser,2,25.9,False
SESS0007834,CUST00391,2026-03-04,Mobile App,20,18.7,False
SESS0007835,CUST00391,2026-05-13,Website - Mobile Browser,24,9.2,True
SESS0007836,CUST00391,2026-06-06,Website - Mobile Browser,8,14.2,False
SESS0007837,CUST00391,2026-03-10,Mobile App,14,19.4,False
SESS0007838,CUST00391,2026-04-02,Mobile App,17,0.9,True
SESS0007839,CUST00391,2025-11-06,Website - Mobile Browser,13,9.9,True
SESS0007840,CUST00391,2026-03-28,Website - Desktop,2,29.6,False
SESS0007841,CUST00391,2026-04-11,Website - Desktop,19,16.5,False
SESS0007842,CUST00391,2025-11-06,Mobile App,17,23.2,False
SESS0007843,CUST00391,2025-11-13,Mobile App,23,7.8,True
SESS0007844,CUST00391,2026-01-19,Mobile App,15,16.4,False
SESS0007845,CUST00391,2025-12-21,Website - Desktop,17,22.2,False
SESS0007846,CUST00391,2025-11-16,Website - Mobile Browser,21,25.5,True
SESS0007847,CUST00392,2026-07-10,Mobile App,15,2.6,False
SESS0007848,CUST00392,2026-06-30,Website - Mobile Browser,3,27.0,False
SESS0007849,CUST00392,2026-05-14,Website - Mobile Browser,6,28.2,True
SESS0007850,CUST00392,2026-08-06,Website - Mobile Browser,19,14.3,False
SESS0007851,CUST00392,2026-07-23,Website - Desktop,6,3.8,False
SESS0007852,CUST00392,2026-04-04,Website - Desktop,23,2.5,False
SESS0007853,CUST00392,2026-02-24,Website - Mobile Browser,2,13.6,False
SESS0007854,CUST00392,2026-05-27,Website - Mobile Browser,5,13.9,True
SESS0007855,CUST00392,2025-12-22,Website - Mobile Browser,6,25.0,False
SESS0007856,CUST00392,2026-01-14,Website - Desktop,5,20.0,False
SESS0007857,CUST00392,2026-02-09,Website - Desktop,18,23.2,False
SESS0007858,CUST00392,2026-02-23,Website - Mobile Browser,6,21.3,False
SESS0007859,CUST00393,2026-07-23,Website - Mobile Browser,25,26.9,False
SESS0007860,CUST00393,2026-07-30,Website - Desktop,21,19.8,False
SESS0007861,CUST00393,2026-08-15,Website - Desktop,20,3.1,False
SESS0007862,CUST00393,2026-08-16,Website - Mobile Browser,8,28.2,False
SESS0007863,CUST00393,2026-07-03,Website - Mobile Browser,17,10.8,False
SESS0007864,CUST00393,2026-07-12,Mobile App,17,19.7,False
SESS0007865,CUST00393,2026-08-13,Website - Mobile Browser,7,19.6,False
SESS0007866,CUST00393,2026-08-21,Mobile App,14,2.9,False
SESS0007867,CUST00393,2026-07-04,Website - Desktop,11,28.8,False
SESS0007868,CUST00393,2026-07-08,Website - Desktop,7,1.0,False
SESS0007869,CUST00393,2026-08-10,Website - Mobile Browser,14,3.0,False
SESS0007870,CUST00393,2026-07-08,Website - Mobile Browser,22,22.9,False
SESS0007871,CUST00393,2026-07-09,Website - Mobile Browser,20,9.3,False
SESS0007872,CUST00393,2026-08-01,Website - Mobile Browser,11,19.0,True
SESS0007873,CUST00393,2026-08-18,Mobile App,6,14.2,False
SESS0007874,CUST00393,2026-07-15,Website - Mobile Browser,20,20.6,False
SESS0007875,CUST00393,2026-07-21,Website - Desktop,11,25.6,False
SESS0007876,CUST00393,2026-07-26,Mobile App,3,17.1,False
SESS0007877,CUST00393,2026-08-07,Mobile App,16,19.0,False
SESS0007878,CUST00393,2026-07-16,Website - Desktop,17,9.4,False
SESS0007879,CUST00393,2026-07-17,Website - Desktop,19,8.1,False
SESS0007880,CUST00393,2026-08-20,Website - Mobile Browser,6,12.9,False
SESS0007881,CUST00393,2026-07-08,Website - Mobile Browser,13,10.7,False
SESS0007882,CUST00393,2026-08-08,Mobile App,16,19.9,False
SESS0007883,CUST00393,2026-07-23,Mobile App,18,19.3,True
SESS0007884,CUST00393,2026-07-03,Website - Desktop,1,2.9,False
SESS0007885,CUST00393,2026-08-03,Website - Desktop,7,29.0,False
SESS0007886,CUST00393,2026-07-13,Website - Desktop,15,10.0,True
SESS0007887,CUST00393,2026-07-21,Website - Mobile Browser,5,10.2,False
SESS0007888,CUST00393,2026-08-11,Website - Mobile Browser,25,11.5,False
SESS0007889,CUST00393,2026-07-09,Website - Mobile Browser,1,21.2,False
SESS0007890,CUST00393,2026-07-05,Website - Desktop,20,22.0,True
SESS0007891,CUST00393,2026-07-18,Website - Desktop,23,19.8,True
SESS0007892,CUST00393,2026-07-06,Mobile App,13,25.8,False
SESS0007893,CUST00393,2026-07-09,Mobile App,10,18.8,False
SESS0007894,CUST00394,2026-03-18,Website - Desktop,22,1.6,True
SESS0007895,CUST00394,2026-06-07,Website - Desktop,4,17.4,True
SESS0007896,CUST00394,2025-12-28,Website - Mobile Browser,15,27.2,False
SESS0007897,CUST00394,2026-03-22,Website - Desktop,25,13.0,False
SESS0007898,CUST00394,2025-12-08,Website - Desktop,16,20.8,False
SESS0007899,CUST00394,2026-02-03,Website - Desktop,18,14.6,False
SESS0007900,CUST00394,2026-03-02,Website - Desktop,8,28.6,False
SESS0007901,CUST00394,2026-06-29,Website - Mobile Browser,18,6.8,False
SESS0007902,CUST00394,2026-04-07,Website - Mobile Browser,18,18.3,False
SESS0007903,CUST00394,2026-06-02,Mobile App,22,2.2,False
SESS0007904,CUST00394,2026-02-06,Website - Desktop,8,8.4,False
SESS0007905,CUST00394,2025-11-20,Website - Mobile Browser,25,20.4,False
SESS0007906,CUST00394,2026-05-22,Website - Desktop,25,4.5,False
SESS0007907,CUST00394,2026-08-02,Mobile App,7,1.0,False
SESS0007908,CUST00394,2026-04-13,Website - Mobile Browser,16,26.3,False
SESS0007909,CUST00394,2026-03-11,Mobile App,25,24.9,False
SESS0007910,CUST00394,2025-10-19,Website - Mobile Browser,25,6.0,False
SESS0007911,CUST00394,2026-02-21,Website - Desktop,13,10.7,False
SESS0007912,CUST00395,2026-04-09,Website - Desktop,5,10.3,False
SESS0007913,CUST00395,2026-04-26,Website - Desktop,13,26.4,False
SESS0007914,CUST00395,2026-02-19,Website - Mobile Browser,14,23.0,False
SESS0007915,CUST00395,2026-08-08,Website - Mobile Browser,16,16.0,False
SESS0007916,CUST00395,2026-06-21,Website - Desktop,17,14.5,False
SESS0007917,CUST00395,2026-07-24,Mobile App,2,5.7,False
SESS0007918,CUST00395,2026-04-01,Website - Desktop,21,8.3,False
SESS0007919,CUST00395,2026-05-16,Mobile App,10,13.6,False
SESS0007920,CUST00395,2026-04-24,Mobile App,19,8.3,False
SESS0007921,CUST00395,2026-07-01,Website - Mobile Browser,10,9.0,True
SESS0007922,CUST00395,2026-07-18,Mobile App,23,21.1,False
SESS0007923,CUST00395,2026-06-08,Website - Desktop,22,22.5,True
SESS0007924,CUST00395,2026-07-08,Mobile App,16,1.7,False
SESS0007925,CUST00395,2026-04-10,Website - Desktop,21,3.6,True
SESS0007926,CUST00395,2026-05-11,Mobile App,19,12.1,True
SESS0007927,CUST00395,2026-04-21,Website - Mobile Browser,21,13.5,False
SESS0007928,CUST00395,2026-04-29,Website - Mobile Browser,20,10.8,False
SESS0007929,CUST00395,2026-07-10,Mobile App,6,17.5,False
SESS0007930,CUST00395,2026-02-10,Website - Mobile Browser,7,7.8,False
SESS0007931,CUST00395,2026-06-21,Mobile App,10,2.8,False
SESS0007932,CUST00395,2026-02-24,Website - Desktop,15,21.7,True
SESS0007933,CUST00395,2026-02-27,Mobile App,4,21.6,False
SESS0007934,CUST00396,2026-06-03,Website - Desktop,7,11.7,False
SESS0007935,CUST00396,2025-09-02,Website - Mobile Browser,20,29.2,False
SESS0007936,CUST00396,2025-09-11,Website - Mobile Browser,11,18.3,False
SESS0007937,CUST00396,2025-11-04,Website - Desktop,8,20.7,False
SESS0007938,CUST00396,2026-08-18,Website - Desktop,16,8.0,False
SESS0007939,CUST00396,2026-03-02,Website - Mobile Browser,10,23.4,False
SESS0007940,CUST00396,2025-11-08,Website - Mobile Browser,18,17.7,False
SESS0007941,CUST00396,2026-01-14,Website - Desktop,3,12.0,False
SESS0007942,CUST00396,2026-07-11,Website - Mobile Browser,17,20.1,False
SESS0007943,CUST00396,2025-09-27,Website - Desktop,10,29.0,False
SESS0007944,CUST00396,2026-07-06,Website - Mobile Browser,2,16.4,True
SESS0007945,CUST00396,2025-09-05,Website - Mobile Browser,14,19.2,True
SESS0007946,CUST00396,2025-10-21,Mobile App,23,13.7,False
SESS0007947,CUST00396,2026-02-07,Mobile App,21,23.7,False
SESS0007948,CUST00396,2025-12-20,Mobile App,22,2.4,False
SESS0007949,CUST00396,2026-05-22,Mobile App,12,9.9,False
SESS0007950,CUST00396,2025-10-01,Website - Desktop,2,4.6,False
SESS0007951,CUST00396,2025-10-29,Website - Mobile Browser,25,27.9,False
SESS0007952,CUST00396,2025-11-13,Website - Mobile Browser,12,16.4,False
SESS0007953,CUST00396,2026-07-16,Website - Desktop,14,17.4,False
SESS0007954,CUST00396,2026-01-02,Mobile App,21,5.5,False
SESS0007955,CUST00396,2026-06-17,Mobile App,2,15.1,False
SESS0007956,CUST00396,2026-02-26,Mobile App,4,23.5,False
SESS0007957,CUST00396,2025-11-01,Mobile App,12,17.7,False
SESS0007958,CUST00396,2026-03-20,Mobile App,24,7.5,False
SESS0007959,CUST00396,2026-02-17,Website - Desktop,11,17.7,True
SESS0007960,CUST00396,2026-06-28,Mobile App,12,20.9,True
SESS0007961,CUST00396,2026-01-26,Website - Mobile Browser,6,9.0,False
SESS0007962,CUST00396,2026-03-17,Website - Desktop,3,27.6,False
SESS0007963,CUST00397,2026-07-17,Website - Mobile Browser,15,8.5,True
SESS0007964,CUST00397,2026-04-07,Mobile App,10,18.1,False
SESS0007965,CUST00397,2026-08-16,Website - Desktop,7,4.4,False
SESS0007966,CUST00397,2026-06-22,Mobile App,7,3.4,False
SESS0007967,CUST00397,2025-12-09,Mobile App,5,16.0,True
SESS0007968,CUST00397,2026-08-08,Website - Desktop,1,23.5,False
SESS0007969,CUST00397,2025-10-07,Website - Desktop,8,25.0,False
SESS0007970,CUST00397,2025-12-14,Mobile App,9,20.6,True
SESS0007971,CUST00397,2026-03-14,Website - Mobile Browser,24,11.6,False
SESS0007972,CUST00397,2026-06-08,Mobile App,24,11.3,False
SESS0007973,CUST00397,2026-08-16,Website - Mobile Browser,13,19.3,False
SESS0007974,CUST00398,2026-06-03,Website - Mobile Browser,16,1.6,True
SESS0007975,CUST00398,2025-12-28,Mobile App,4,11.1,False
SESS0007976,CUST00398,2025-11-20,Mobile App,9,20.5,False
SESS0007977,CUST00398,2026-07-03,Mobile App,12,25.7,True
SESS0007978,CUST00398,2026-07-21,Mobile App,21,6.3,False
SESS0007979,CUST00398,2026-05-19,Website - Mobile Browser,12,1.8,False
SESS0007980,CUST00398,2026-03-05,Website - Mobile Browser,10,16.3,True
SESS0007981,CUST00398,2026-01-20,Mobile App,21,26.6,True
SESS0007982,CUST00398,2025-11-11,Website - Mobile Browser,8,10.3,False
SESS0007983,CUST00398,2026-04-16,Mobile App,6,8.1,False
SESS0007984,CUST00398,2026-04-05,Website - Mobile Browser,12,24.2,False
SESS0007985,CUST00398,2025-10-10,Mobile App,25,12.5,True
SESS0007986,CUST00398,2025-10-02,Mobile App,8,18.6,True
SESS0007987,CUST00398,2026-01-07,Website - Desktop,21,16.2,False
SESS0007988,CUST00398,2026-05-02,Website - Desktop,12,25.4,True
SESS0007989,CUST00398,2025-09-02,Website - Desktop,2,15.4,True
SESS0007990,CUST00398,2026-06-19,Website - Desktop,14,17.1,False
SESS0007991,CUST00398,2026-02-25,Website - Mobile Browser,8,7.0,False
SESS0007992,CUST00398,2026-08-19,Website - Desktop,13,7.6,False
SESS0007993,CUST00398,2026-03-24,Website - Mobile Browser,3,16.0,True
SESS0007994,CUST00398,2025-09-19,Website - Desktop,7,18.6,False
SESS0007995,CUST00398,2025-12-09,Website - Desktop,17,23.8,False
SESS0007996,CUST00398,2026-03-21,Mobile App,2,26.3,False
SESS0007997,CUST00398,2026-07-29,Website - Desktop,23,28.8,False
SESS0007998,CUST00398,2026-05-11,Mobile App,17,0.6,False
SESS0007999,CUST00398,2026-02-06,Website - Mobile Browser,5,12.5,False
SESS0008000,CUST00398,2025-11-26,Website - Mobile Browser,22,9.0,False
SESS0008001,CUST00398,2026-06-13,Website - Desktop,12,1.3,False
SESS0008002,CUST00398,2026-01-19,Website - Desktop,1,10.3,False
SESS0008003,CUST00398,2026-03-30,Website - Desktop,12,23.6,False
SESS0008004,CUST00398,2026-03-21,Website - Mobile Browser,21,29.0,True
SESS0008005,CUST00398,2026-08-01,Website - Desktop,11,16.3,False
SESS0008006,CUST00398,2026-01-25,Website - Mobile Browser,16,26.0,False
SESS0008007,CUST00398,2026-04-08,Website - Mobile Browser,5,5.3,True
SESS0008008,CUST00398,2026-06-13,Mobile App,2,7.9,True
SESS0008009,CUST00399,2026-07-06,Mobile App,23,2.4,True
SESS0008010,CUST00399,2026-04-20,Mobile App,14,25.7,False
SESS0008011,CUST00399,2026-06-21,Mobile App,24,25.5,False
SESS0008012,CUST00399,2026-04-15,Mobile App,11,18.0,False
SESS0008013,CUST00399,2026-05-27,Mobile App,10,29.5,True
SESS0008014,CUST00399,2026-05-22,Mobile App,5,16.7,True
SESS0008015,CUST00399,2026-04-27,Mobile App,7,5.2,False
SESS0008016,CUST00399,2026-05-27,Mobile App,9,0.6,False
SESS0008017,CUST00399,2026-06-30,Website - Mobile Browser,10,27.9,False
SESS0008018,CUST00399,2025-09-28,Mobile App,9,22.3,True
SESS0008019,CUST00399,2026-03-02,Website - Desktop,8,1.2,False
SESS0008020,CUST00399,2025-10-18,Mobile App,25,21.2,True
SESS0008021,CUST00399,2026-06-05,Mobile App,7,4.3,False
SESS0008022,CUST00399,2026-03-23,Website - Mobile Browser,6,16.6,False
SESS0008023,CUST00399,2026-04-13,Website - Desktop,22,7.5,True
SESS0008024,CUST00399,2026-03-19,Website - Mobile Browser,16,17.2,False
SESS0008025,CUST00399,2025-10-18,Mobile App,11,7.3,True
SESS0008026,CUST00399,2026-03-18,Website - Desktop,13,3.9,False
SESS0008027,CUST00399,2025-12-10,Website - Desktop,6,17.9,False
SESS0008028,CUST00399,2026-06-01,Website - Mobile Browser,17,8.6,False
SESS0008029,CUST00399,2026-07-12,Website - Desktop,10,2.2,False
SESS0008030,CUST00399,2026-03-20,Website - Mobile Browser,15,14.0,False
SESS0008031,CUST00399,2026-06-08,Mobile App,13,2.5,False
SESS0008032,CUST00399,2026-07-01,Website - Mobile Browser,7,0.5,False
SESS0008033,CUST00399,2026-08-05,Website - Mobile Browser,2,12.1,False
SESS0008034,CUST00400,2026-07-16,Website - Desktop,2,4.3,False
SESS0008035,CUST00400,2025-10-26,Mobile App,24,29.1,False
SESS0008036,CUST00400,2026-06-28,Website - Mobile Browser,6,12.9,False
SESS0008037,CUST00400,2026-06-18,Mobile App,14,6.0,True
SESS0008038,CUST00400,2025-12-03,Website - Desktop,20,20.2,False
SESS0008039,CUST00400,2026-06-09,Website - Mobile Browser,15,26.0,True
SESS0008040,CUST00400,2026-06-07,Website - Mobile Browser,24,5.9,False
SESS0008041,CUST00400,2026-02-11,Website - Mobile Browser,5,2.4,False
SESS0008042,CUST00400,2026-03-28,Website - Mobile Browser,6,5.4,False
SESS0008043,CUST00400,2026-08-08,Website - Mobile Browser,8,6.3,False
SESS0008044,CUST00400,2025-10-08,Mobile App,7,15.3,False
SESS0008045,CUST00400,2026-04-17,Mobile App,24,5.3,False
SESS0008046,CUST00400,2025-09-27,Mobile App,13,4.8,False
SESS0008047,CUST00400,2026-03-26,Website - Mobile Browser,23,9.1,False
SESS0008048,CUST00400,2025-11-11,Mobile App,24,20.8,False
SESS0008049,CUST00401,2026-04-14,Mobile App,6,9.7,False
SESS0008050,CUST00401,2026-02-07,Mobile App,19,29.6,False
SESS0008051,CUST00401,2026-01-24,Website - Desktop,13,13.6,True
SESS0008052,CUST00401,2026-07-13,Website - Mobile Browser,21,17.2,False
SESS0008053,CUST00401,2026-04-15,Mobile App,23,19.5,True
SESS0008054,CUST00401,2025-10-28,Website - Desktop,6,21.0,False
SESS0008055,CUST00401,2025-11-12,Mobile App,7,19.5,False
SESS0008056,CUST00401,2026-03-17,Mobile App,12,27.7,False
SESS0008057,CUST00401,2026-08-20,Website - Mobile Browser,24,26.6,False
SESS0008058,CUST00401,2025-11-17,Mobile App,23,15.9,False
SESS0008059,CUST00401,2026-04-02,Website - Mobile Browser,12,23.7,True
SESS0008060,CUST00401,2025-12-22,Website - Mobile Browser,1,10.5,False
SESS0008061,CUST00401,2026-04-22,Website - Mobile Browser,21,22.5,False
SESS0008062,CUST00401,2026-07-19,Website - Desktop,12,17.3,True
SESS0008063,CUST00401,2026-04-18,Website - Mobile Browser,6,10.7,False
SESS0008064,CUST00401,2026-07-16,Mobile App,8,5.9,False
SESS0008065,CUST00401,2026-03-02,Mobile App,1,0.7,True
SESS0008066,CUST00401,2026-04-20,Website - Desktop,3,16.9,False
SESS0008067,CUST00401,2026-03-17,Website - Desktop,17,24.9,False
SESS0008068,CUST00402,2025-09-02,Website - Desktop,15,21.7,False
SESS0008069,CUST00402,2026-06-17,Mobile App,24,18.8,False
SESS0008070,CUST00402,2025-12-07,Mobile App,24,11.3,False
SESS0008071,CUST00402,2025-08-28,Website - Desktop,2,16.9,False
SESS0008072,CUST00402,2025-12-29,Website - Mobile Browser,5,20.1,True
SESS0008073,CUST00402,2026-01-20,Website - Mobile Browser,1,22.5,False
SESS0008074,CUST00402,2026-04-22,Mobile App,22,20.7,False
SESS0008075,CUST00402,2026-08-15,Website - Mobile Browser,22,21.4,False
SESS0008076,CUST00402,2026-07-17,Mobile App,4,22.5,True
SESS0008077,CUST00402,2026-03-18,Website - Desktop,12,22.3,True
SESS0008078,CUST00402,2026-01-30,Website - Desktop,3,4.7,False
SESS0008079,CUST00402,2025-09-06,Website - Desktop,14,26.9,False
SESS0008080,CUST00402,2026-06-12,Website - Mobile Browser,19,24.9,False
SESS0008081,CUST00402,2026-06-05,Website - Mobile Browser,11,17.3,False
SESS0008082,CUST00402,2026-01-20,Mobile App,8,6.4,False
SESS0008083,CUST00402,2026-05-28,Mobile App,10,25.4,False
SESS0008084,CUST00402,2026-03-11,Mobile App,23,5.1,False
SESS0008085,CUST00402,2025-10-18,Website - Desktop,24,22.1,True
SESS0008086,CUST00402,2026-04-21,Website - Desktop,21,2.5,False
SESS0008087,CUST00402,2025-09-29,Website - Desktop,2,21.0,False
SESS0008088,CUST00402,2026-03-13,Mobile App,16,2.6,True
SESS0008089,CUST00402,2026-03-21,Website - Mobile Browser,9,6.1,True
SESS0008090,CUST00402,2025-12-29,Website - Mobile Browser,3,10.4,False
SESS0008091,CUST00402,2026-04-10,Website - Desktop,18,7.8,False
SESS0008092,CUST00402,2026-07-25,Website - Mobile Browser,24,11.3,False
SESS0008093,CUST00402,2025-11-12,Mobile App,24,29.6,True
SESS0008094,CUST00402,2026-03-17,Website - Desktop,6,22.3,False
SESS0008095,CUST00402,2026-06-14,Website - Desktop,19,13.6,False
SESS0008096,CUST00402,2025-10-01,Website - Desktop,2,13.3,False
SESS0008097,CUST00403,2026-06-22,Website - Desktop,10,5.3,False
SESS0008098,CUST00403,2026-07-10,Mobile App,2,14.3,False
SESS0008099,CUST00403,2026-05-29,Mobile App,15,16.0,False
SESS0008100,CUST00403,2026-06-13,Website - Mobile Browser,3,22.1,True
SESS0008101,CUST00403,2025-12-17,Website - Desktop,10,15.9,True
SESS0008102,CUST00403,2025-12-26,Website - Desktop,20,19.4,False
SESS0008103,CUST00403,2026-07-25,Mobile App,4,22.3,False
SESS0008104,CUST00403,2025-10-09,Website - Mobile Browser,19,19.8,True
SESS0008105,CUST00403,2026-06-26,Website - Desktop,19,2.6,True
SESS0008106,CUST00403,2026-06-02,Website - Mobile Browser,2,13.5,False
SESS0008107,CUST00403,2026-01-17,Website - Mobile Browser,3,22.1,False
SESS0008108,CUST00403,2025-10-19,Website - Mobile Browser,6,30.0,False
SESS0008109,CUST00403,2026-03-26,Website - Mobile Browser,7,1.0,False
SESS0008110,CUST00403,2026-06-01,Website - Desktop,2,26.7,True
SESS0008111,CUST00403,2026-06-28,Mobile App,2,14.0,False
SESS0008112,CUST00403,2025-12-02,Website - Desktop,22,29.0,True
SESS0008113,CUST00403,2026-07-16,Website - Desktop,12,23.7,True
SESS0008114,CUST00403,2026-06-30,Website - Desktop,24,15.9,False
SESS0008115,CUST00403,2026-06-22,Website - Desktop,2,11.9,True
SESS0008116,CUST00403,2025-10-25,Website - Desktop,15,29.0,False
SESS0008117,CUST00403,2026-05-24,Mobile App,9,3.9,False
SESS0008118,CUST00403,2025-08-27,Website - Desktop,3,10.3,True
SESS0008119,CUST00403,2026-04-24,Website - Desktop,4,8.3,True
SESS0008120,CUST00403,2026-02-28,Website - Desktop,16,2.0,True
SESS0008121,CUST00404,2026-07-23,Mobile App,18,12.0,True
SESS0008122,CUST00404,2026-08-15,Website - Desktop,4,4.0,False
SESS0008123,CUST00404,2026-07-07,Website - Desktop,6,26.0,False
SESS0008124,CUST00404,2026-08-21,Mobile App,9,6.6,False
SESS0008125,CUST00404,2026-06-16,Mobile App,9,3.8,False
SESS0008126,CUST00404,2026-08-20,Website - Mobile Browser,14,28.9,True
SESS0008127,CUST00404,2026-07-07,Website - Desktop,23,26.3,True
SESS0008128,CUST00404,2026-06-23,Website - Desktop,12,6.9,False
SESS0008129,CUST00404,2026-06-14,Mobile App,16,6.4,False
SESS0008130,CUST00404,2026-06-22,Mobile App,5,0.7,True
SESS0008131,CUST00404,2026-07-23,Website - Mobile Browser,2,16.6,False
SESS0008132,CUST00404,2026-08-08,Website - Desktop,24,22.6,False
SESS0008133,CUST00404,2026-08-08,Mobile App,18,15.8,False
SESS0008134,CUST00404,2026-06-09,Mobile App,24,18.5,False
SESS0008135,CUST00404,2026-08-17,Mobile App,11,23.1,False
SESS0008136,CUST00404,2026-07-06,Mobile App,14,1.6,False
SESS0008137,CUST00404,2026-06-12,Website - Mobile Browser,24,19.8,False
SESS0008138,CUST00404,2026-07-26,Mobile App,19,29.5,False
SESS0008139,CUST00404,2026-06-14,Website - Mobile Browser,9,23.3,True
SESS0008140,CUST00404,2026-07-25,Website - Mobile Browser,20,20.6,True
SESS0008141,CUST00404,2026-06-13,Website - Mobile Browser,20,13.8,False
SESS0008142,CUST00405,2026-05-19,Mobile App,22,21.2,False
SESS0008143,CUST00405,2025-09-15,Mobile App,17,15.9,False
SESS0008144,CUST00405,2026-01-20,Website - Desktop,24,2.8,False
SESS0008145,CUST00405,2025-10-29,Website - Desktop,20,4.9,False
SESS0008146,CUST00405,2026-04-10,Website - Mobile Browser,7,9.3,False
SESS0008147,CUST00405,2025-11-05,Mobile App,5,12.5,False
SESS0008148,CUST00405,2026-03-24,Mobile App,16,7.7,False
SESS0008149,CUST00405,2026-02-02,Website - Desktop,21,18.1,False
SESS0008150,CUST00405,2026-01-22,Website - Desktop,9,16.7,False
SESS0008151,CUST00405,2025-10-17,Mobile App,11,2.6,False
SESS0008152,CUST00405,2026-05-16,Website - Mobile Browser,21,22.0,False
SESS0008153,CUST00405,2025-11-14,Website - Desktop,5,24.7,True
SESS0008154,CUST00405,2025-12-05,Website - Mobile Browser,14,15.0,False
SESS0008155,CUST00405,2025-09-02,Website - Mobile Browser,8,20.1,False
SESS0008156,CUST00405,2026-02-21,Website - Mobile Browser,3,0.8,True
SESS0008157,CUST00405,2026-02-02,Website - Mobile Browser,5,7.9,True
SESS0008158,CUST00405,2025-12-06,Website - Mobile Browser,8,19.2,True
SESS0008159,CUST00405,2025-10-24,Website - Mobile Browser,8,6.1,False
SESS0008160,CUST00405,2026-05-11,Website - Desktop,15,17.5,True
SESS0008161,CUST00405,2026-02-04,Mobile App,22,7.8,False
SESS0008162,CUST00405,2025-10-16,Mobile App,23,11.9,True
SESS0008163,CUST00405,2026-01-19,Mobile App,15,24.9,False
SESS0008164,CUST00405,2026-07-03,Website - Mobile Browser,11,22.1,False
SESS0008165,CUST00405,2026-04-25,Website - Desktop,21,25.4,False
SESS0008166,CUST00405,2026-03-29,Website - Mobile Browser,18,27.5,False
SESS0008167,CUST00405,2025-12-29,Website - Mobile Browser,14,23.4,False
SESS0008168,CUST00405,2026-03-14,Mobile App,18,8.5,False
SESS0008169,CUST00405,2025-09-29,Website - Mobile Browser,1,22.4,True
SESS0008170,CUST00405,2026-07-07,Website - Mobile Browser,22,28.4,False
SESS0008171,CUST00405,2026-05-14,Website - Desktop,7,22.8,True
SESS0008172,CUST00405,2026-06-20,Website - Mobile Browser,14,7.2,False
SESS0008173,CUST00405,2026-07-25,Mobile App,19,18.1,False
SESS0008174,CUST00405,2026-07-25,Mobile App,13,12.0,False
SESS0008175,CUST00405,2026-08-15,Website - Desktop,14,0.8,False
SESS0008176,CUST00405,2026-03-18,Website - Desktop,1,16.0,True
SESS0008177,CUST00405,2026-07-28,Mobile App,11,25.0,True
SESS0008178,CUST00405,2025-09-20,Website - Mobile Browser,2,16.7,True
SESS0008179,CUST00406,2026-08-01,Website - Mobile Browser,6,11.1,False
SESS0008180,CUST00406,2026-05-26,Website - Mobile Browser,25,15.4,True
SESS0008181,CUST00406,2026-08-16,Website - Desktop,14,27.9,False
SESS0008182,CUST00406,2026-07-23,Mobile App,19,17.4,False
SESS0008183,CUST00406,2026-06-16,Mobile App,5,8.2,False
SESS0008184,CUST00406,2026-08-19,Website - Desktop,2,11.5,False
SESS0008185,CUST00406,2026-06-10,Website - Mobile Browser,21,22.7,False
SESS0008186,CUST00406,2026-07-03,Mobile App,15,12.3,False
SESS0008187,CUST00406,2026-06-01,Website - Mobile Browser,17,3.7,False
SESS0008188,CUST00406,2026-06-04,Website - Desktop,20,26.4,True
SESS0008189,CUST00406,2026-08-15,Website - Desktop,17,8.3,True
SESS0008190,CUST00406,2026-06-25,Mobile App,3,13.8,False
SESS0008191,CUST00406,2026-08-15,Website - Mobile Browser,3,29.2,False
SESS0008192,CUST00406,2026-06-11,Website - Desktop,15,10.3,True
SESS0008193,CUST00406,2026-08-14,Website - Mobile Browser,22,23.8,False
SESS0008194,CUST00406,2026-06-29,Website - Desktop,11,19.4,True
SESS0008195,CUST00406,2026-07-05,Mobile App,11,24.6,False
SESS0008196,CUST00406,2026-08-15,Website - Mobile Browser,5,26.8,False
SESS0008197,CUST00406,2026-07-04,Mobile App,23,16.4,False
SESS0008198,CUST00406,2026-06-11,Website - Desktop,2,27.3,False
SESS0008199,CUST00406,2026-08-21,Mobile App,7,13.0,False
SESS0008200,CUST00406,2026-08-13,Website - Desktop,15,25.6,False
SESS0008201,CUST00406,2026-07-24,Website - Desktop,12,25.7,False
SESS0008202,CUST00406,2026-05-31,Website - Desktop,3,26.7,False
SESS0008203,CUST00406,2026-06-07,Website - Mobile Browser,23,29.4,False
SESS0008204,CUST00406,2026-06-27,Mobile App,20,28.1,False
SESS0008205,CUST00406,2026-06-12,Website - Mobile Browser,4,5.5,False
SESS0008206,CUST00406,2026-06-30,Mobile App,25,24.9,True
SESS0008207,CUST00406,2026-08-06,Website - Desktop,18,3.1,True
SESS0008208,CUST00406,2026-08-20,Mobile App,8,19.2,False
SESS0008209,CUST00406,2026-06-21,Mobile App,17,5.0,False
SESS0008210,CUST00406,2026-07-05,Mobile App,25,12.4,False
SESS0008211,CUST00406,2026-07-12,Website - Mobile Browser,1,17.5,False
SESS0008212,CUST00406,2026-08-19,Website - Mobile Browser,17,16.3,False
SESS0008213,CUST00406,2026-06-26,Mobile App,13,12.3,False
SESS0008214,CUST00406,2026-06-10,Website - Desktop,13,8.2,False
SESS0008215,CUST00406,2026-07-03,Website - Mobile Browser,2,8.8,False
SESS0008216,CUST00406,2026-08-12,Website - Desktop,24,20.3,False
SESS0008217,CUST00406,2026-07-12,Website - Desktop,23,2.7,False
SESS0008218,CUST00406,2026-06-20,Mobile App,5,20.8,False
SESS0008219,CUST00407,2026-03-28,Mobile App,14,3.6,False
SESS0008220,CUST00407,2026-05-15,Website - Mobile Browser,2,5.5,False
SESS0008221,CUST00407,2025-10-26,Website - Mobile Browser,6,15.9,False
SESS0008222,CUST00407,2026-03-23,Website - Desktop,12,21.8,False
SESS0008223,CUST00407,2025-09-13,Mobile App,23,16.1,False
SESS0008224,CUST00407,2026-07-04,Website - Mobile Browser,17,24.3,False
SESS0008225,CUST00407,2025-12-10,Website - Mobile Browser,19,27.0,False
SESS0008226,CUST00407,2025-09-11,Website - Mobile Browser,19,13.8,False
SESS0008227,CUST00407,2026-06-17,Mobile App,20,28.9,False
SESS0008228,CUST00407,2026-01-29,Mobile App,8,16.5,False
SESS0008229,CUST00407,2025-12-07,Website - Desktop,3,23.7,False
SESS0008230,CUST00407,2025-09-15,Website - Desktop,8,22.1,False
SESS0008231,CUST00407,2026-02-05,Website - Mobile Browser,22,23.2,False
SESS0008232,CUST00407,2026-04-29,Website - Desktop,25,19.5,True
SESS0008233,CUST00407,2026-06-22,Mobile App,17,10.2,False
SESS0008234,CUST00407,2026-01-17,Website - Mobile Browser,15,18.3,False
SESS0008235,CUST00407,2026-03-07,Mobile App,4,16.1,True
SESS0008236,CUST00407,2026-07-26,Website - Desktop,6,21.5,True
SESS0008237,CUST00407,2026-07-18,Mobile App,10,28.0,True
SESS0008238,CUST00407,2026-05-20,Website - Desktop,18,28.1,False
SESS0008239,CUST00407,2026-02-22,Mobile App,10,12.3,False
SESS0008240,CUST00407,2026-02-27,Mobile App,11,2.5,False
SESS0008241,CUST00407,2026-07-22,Mobile App,4,22.8,False
SESS0008242,CUST00407,2025-09-23,Website - Desktop,24,0.6,False
SESS0008243,CUST00407,2026-06-23,Website - Mobile Browser,14,1.8,True
SESS0008244,CUST00407,2026-04-14,Website - Desktop,11,15.4,False
SESS0008245,CUST00407,2026-07-09,Website - Mobile Browser,22,5.2,False
SESS0008246,CUST00407,2026-07-14,Website - Mobile Browser,12,25.5,False
SESS0008247,CUST00408,2026-03-27,Website - Mobile Browser,7,16.9,False
SESS0008248,CUST00408,2026-06-20,Website - Mobile Browser,21,27.5,False
SESS0008249,CUST00408,2025-10-02,Website - Desktop,24,9.2,False
SESS0008250,CUST00408,2025-11-04,Website - Mobile Browser,8,26.5,False
SESS0008251,CUST00408,2026-03-01,Mobile App,17,26.6,True
SESS0008252,CUST00408,2026-08-12,Website - Desktop,13,29.4,False
SESS0008253,CUST00408,2025-10-27,Website - Mobile Browser,25,1.2,True
SESS0008254,CUST00408,2026-03-11,Website - Desktop,10,18.4,False
SESS0008255,CUST00409,2026-05-18,Mobile App,20,21.5,False
SESS0008256,CUST00409,2026-02-19,Mobile App,6,20.8,False
SESS0008257,CUST00410,2026-08-16,Mobile App,12,20.1,True
SESS0008258,CUST00410,2026-08-14,Website - Desktop,1,14.3,False
SESS0008259,CUST00410,2026-08-07,Mobile App,20,1.8,False
SESS0008260,CUST00410,2026-08-11,Website - Mobile Browser,23,15.1,False
SESS0008261,CUST00410,2026-08-18,Mobile App,3,11.1,False
SESS0008262,CUST00410,2026-08-19,Website - Mobile Browser,8,27.4,False
SESS0008263,CUST00410,2026-08-13,Website - Desktop,11,2.6,False
SESS0008264,CUST00410,2026-08-19,Mobile App,20,29.8,False
SESS0008265,CUST00410,2026-08-19,Website - Desktop,9,22.7,False
SESS0008266,CUST00410,2026-08-06,Mobile App,25,15.1,False
SESS0008267,CUST00410,2026-08-15,Website - Desktop,21,15.0,False
SESS0008268,CUST00410,2026-08-09,Website - Desktop,5,26.6,True
SESS0008269,CUST00410,2026-08-03,Website - Desktop,8,16.0,True
SESS0008270,CUST00410,2026-08-07,Mobile App,20,11.0,False
SESS0008271,CUST00411,2026-05-24,Website - Desktop,17,13.1,False
SESS0008272,CUST00411,2026-08-07,Website - Desktop,11,0.5,False
SESS0008273,CUST00411,2025-09-04,Mobile App,24,9.9,False
SESS0008274,CUST00412,2026-06-05,Website - Mobile Browser,13,21.5,False
SESS0008275,CUST00412,2026-03-26,Website - Desktop,15,6.7,False
SESS0008276,CUST00412,2026-05-12,Mobile App,9,5.8,False
SESS0008277,CUST00412,2026-01-28,Website - Desktop,3,29.9,False
SESS0008278,CUST00412,2026-04-29,Mobile App,14,22.2,True
SESS0008279,CUST00412,2026-08-20,Website - Desktop,14,12.8,True
SESS0008280,CUST00412,2026-02-06,Website - Desktop,17,26.5,False
SESS0008281,CUST00412,2026-05-06,Website - Mobile Browser,6,28.8,False
SESS0008282,CUST00412,2026-01-18,Mobile App,14,9.4,False
SESS0008283,CUST00412,2026-07-30,Website - Desktop,17,5.3,False
SESS0008284,CUST00412,2025-11-19,Website - Desktop,24,15.1,True
SESS0008285,CUST00412,2026-01-19,Website - Desktop,3,8.2,False
SESS0008286,CUST00412,2026-06-03,Mobile App,3,15.0,False
SESS0008287,CUST00412,2025-10-18,Mobile App,20,11.6,True
SESS0008288,CUST00412,2026-06-08,Website - Mobile Browser,2,2.3,False
SESS0008289,CUST00412,2026-01-05,Mobile App,11,12.7,False
SESS0008290,CUST00412,2025-08-27,Mobile App,22,10.2,False
SESS0008291,CUST00412,2026-03-09,Website - Desktop,5,13.7,False
SESS0008292,CUST00412,2025-09-26,Website - Mobile Browser,16,14.6,False
SESS0008293,CUST00412,2026-06-25,Website - Desktop,1,4.5,False
SESS0008294,CUST00412,2025-10-30,Website - Desktop,25,4.1,False
SESS0008295,CUST00412,2026-04-10,Mobile App,15,8.5,False
SESS0008296,CUST00412,2025-12-23,Mobile App,18,19.6,True
SESS0008297,CUST00412,2025-10-23,Website - Desktop,21,23.3,False
SESS0008298,CUST00412,2026-08-19,Mobile App,19,7.1,False
SESS0008299,CUST00412,2026-04-28,Website - Desktop,12,12.0,False
SESS0008300,CUST00412,2026-04-21,Website - Desktop,11,20.4,False
SESS0008301,CUST00412,2025-09-01,Mobile App,25,9.5,False
SESS0008302,CUST00412,2025-12-25,Website - Mobile Browser,25,29.6,False
SESS0008303,CUST00412,2026-08-17,Website - Mobile Browser,15,11.2,False
SESS0008304,CUST00412,2026-07-30,Mobile App,13,19.9,False
SESS0008305,CUST00412,2026-05-01,Mobile App,6,20.7,False
SESS0008306,CUST00412,2026-01-19,Website - Desktop,15,1.5,False
SESS0008307,CUST00412,2025-10-20,Website - Desktop,16,26.0,False
SESS0008308,CUST00412,2025-09-22,Website - Mobile Browser,23,6.4,False
SESS0008309,CUST00412,2026-04-18,Website - Mobile Browser,1,2.5,False
SESS0008310,CUST00412,2026-07-30,Website - Mobile Browser,15,11.9,False
SESS0008311,CUST00412,2025-09-22,Website - Mobile Browser,6,25.1,True
SESS0008312,CUST00412,2026-03-20,Mobile App,17,16.4,False
SESS0008313,CUST00412,2025-12-22,Mobile App,17,13.8,False
SESS0008314,CUST00413,2026-01-17,Website - Mobile Browser,17,7.4,False
SESS0008315,CUST00413,2026-02-07,Website - Mobile Browser,25,8.4,True
SESS0008316,CUST00413,2026-03-28,Website - Mobile Browser,20,20.8,False
SESS0008317,CUST00413,2025-09-10,Website - Mobile Browser,8,16.7,False
SESS0008318,CUST00413,2026-03-27,Mobile App,9,2.3,False
SESS0008319,CUST00413,2026-06-01,Website - Desktop,18,23.1,False
SESS0008320,CUST00413,2025-12-01,Website - Desktop,17,16.0,False
SESS0008321,CUST00413,2026-01-28,Website - Mobile Browser,20,21.5,False
SESS0008322,CUST00413,2026-04-03,Website - Mobile Browser,2,16.4,False
SESS0008323,CUST00413,2025-12-08,Mobile App,9,28.2,True
SESS0008324,CUST00413,2026-03-11,Mobile App,10,13.5,False
SESS0008325,CUST00413,2025-09-01,Mobile App,12,13.6,False
SESS0008326,CUST00413,2025-10-23,Website - Desktop,18,3.0,False
SESS0008327,CUST00413,2026-07-14,Mobile App,13,5.1,False
SESS0008328,CUST00413,2025-09-09,Mobile App,13,28.0,False
SESS0008329,CUST00413,2025-12-24,Mobile App,24,16.1,False
SESS0008330,CUST00413,2025-09-08,Mobile App,10,1.1,False
SESS0008331,CUST00413,2026-04-01,Mobile App,3,17.3,False
SESS0008332,CUST00413,2026-05-16,Website - Desktop,14,12.8,False
SESS0008333,CUST00413,2026-04-22,Mobile App,14,5.5,False
SESS0008334,CUST00413,2026-03-10,Website - Mobile Browser,13,18.7,False
SESS0008335,CUST00413,2026-08-13,Website - Mobile Browser,19,19.5,False
SESS0008336,CUST00414,2026-06-13,Mobile App,24,2.7,True
SESS0008337,CUST00414,2026-06-29,Website - Desktop,15,17.3,False
SESS0008338,CUST00414,2026-05-28,Mobile App,5,8.1,False
SESS0008339,CUST00414,2026-04-20,Website - Mobile Browser,14,13.5,False
SESS0008340,CUST00414,2026-03-23,Website - Desktop,4,12.1,False
SESS0008341,CUST00414,2026-08-01,Website - Mobile Browser,9,15.8,False
SESS0008342,CUST00414,2026-04-28,Website - Desktop,20,4.7,False
SESS0008343,CUST00414,2026-07-06,Website - Desktop,23,5.6,False
SESS0008344,CUST00414,2026-05-29,Mobile App,20,15.3,False
SESS0008345,CUST00414,2026-06-18,Mobile App,20,6.1,False
SESS0008346,CUST00414,2026-06-21,Mobile App,25,13.5,False
SESS0008347,CUST00414,2026-04-19,Website - Desktop,5,29.9,False
SESS0008348,CUST00414,2026-05-18,Mobile App,3,10.7,False
SESS0008349,CUST00414,2026-06-03,Mobile App,6,28.5,False
SESS0008350,CUST00414,2026-05-19,Website - Mobile Browser,11,3.0,True
SESS0008351,CUST00414,2026-07-19,Website - Mobile Browser,1,13.8,True
SESS0008352,CUST00414,2026-08-06,Website - Desktop,16,19.8,False
SESS0008353,CUST00414,2026-06-29,Website - Mobile Browser,7,24.9,True
SESS0008354,CUST00414,2026-05-16,Mobile App,13,27.1,False
SESS0008355,CUST00414,2026-05-02,Mobile App,18,6.3,False
SESS0008356,CUST00414,2026-04-01,Website - Desktop,6,10.8,False
SESS0008357,CUST00414,2026-08-03,Mobile App,12,7.7,False
SESS0008358,CUST00414,2026-05-09,Website - Mobile Browser,24,21.9,True
SESS0008359,CUST00414,2026-05-07,Website - Mobile Browser,3,1.5,True
SESS0008360,CUST00414,2026-04-04,Website - Desktop,23,12.4,False
SESS0008361,CUST00415,2026-06-05,Mobile App,10,17.6,False
SESS0008362,CUST00415,2026-04-29,Website - Desktop,19,23.0,False
SESS0008363,CUST00415,2025-09-29,Website - Desktop,2,7.4,False
SESS0008364,CUST00415,2026-04-15,Website - Desktop,1,11.1,False
SESS0008365,CUST00415,2025-12-22,Website - Mobile Browser,5,11.4,True
SESS0008366,CUST00415,2026-06-09,Mobile App,3,27.0,False
SESS0008367,CUST00415,2026-08-09,Mobile App,11,9.5,False
SESS0008368,CUST00415,2025-10-12,Mobile App,13,26.3,False
SESS0008369,CUST00415,2026-04-19,Website - Mobile Browser,22,24.2,False
SESS0008370,CUST00415,2026-08-13,Website - Desktop,17,13.3,False
SESS0008371,CUST00415,2026-03-05,Website - Desktop,22,9.7,False
SESS0008372,CUST00415,2026-03-18,Website - Mobile Browser,17,26.4,True
SESS0008373,CUST00415,2026-01-27,Website - Desktop,7,22.7,False
SESS0008374,CUST00415,2025-11-10,Website - Desktop,25,6.2,True
SESS0008375,CUST00415,2026-04-17,Mobile App,13,24.7,False
SESS0008376,CUST00415,2026-07-24,Website - Desktop,5,26.1,False
SESS0008377,CUST00415,2026-03-09,Mobile App,20,18.5,True
SESS0008378,CUST00415,2026-05-19,Mobile App,3,18.6,True
SESS0008379,CUST00415,2025-11-11,Website - Desktop,9,28.7,False
SESS0008380,CUST00415,2026-06-27,Website - Mobile Browser,11,2.0,False
SESS0008381,CUST00415,2026-01-06,Website - Desktop,18,27.0,True
SESS0008382,CUST00415,2026-04-02,Website - Mobile Browser,24,6.6,False
SESS0008383,CUST00415,2026-03-05,Mobile App,4,4.6,True
SESS0008384,CUST00415,2026-05-30,Website - Mobile Browser,5,21.8,False
SESS0008385,CUST00415,2026-06-12,Mobile App,19,22.8,False
SESS0008386,CUST00415,2026-03-18,Mobile App,4,11.4,True
SESS0008387,CUST00415,2026-05-07,Website - Mobile Browser,25,20.5,False
SESS0008388,CUST00415,2025-09-21,Website - Desktop,10,15.0,False
SESS0008389,CUST00415,2026-04-24,Website - Desktop,18,29.6,True
SESS0008390,CUST00415,2026-05-07,Website - Mobile Browser,13,15.6,False
SESS0008391,CUST00415,2026-06-13,Mobile App,10,22.0,False
SESS0008392,CUST00415,2026-01-22,Mobile App,11,20.6,False
SESS0008393,CUST00415,2026-05-11,Website - Desktop,17,1.0,False
SESS0008394,CUST00415,2026-07-13,Mobile App,4,24.7,False
SESS0008395,CUST00415,2026-05-01,Mobile App,8,12.8,False
SESS0008396,CUST00415,2026-07-08,Website - Desktop,9,6.3,True
SESS0008397,CUST00415,2026-06-01,Mobile App,4,27.3,False
SESS0008398,CUST00415,2026-01-29,Website - Mobile Browser,11,18.8,False
SESS0008399,CUST00416,2026-08-04,Mobile App,19,2.9,False
SESS0008400,CUST00416,2026-07-10,Website - Mobile Browser,24,29.1,False
SESS0008401,CUST00416,2026-07-18,Website - Mobile Browser,22,1.9,False
SESS0008402,CUST00416,2026-06-22,Mobile App,13,9.1,False
SESS0008403,CUST00416,2026-08-01,Website - Desktop,11,28.7,False
SESS0008404,CUST00416,2026-06-30,Mobile App,12,29.4,False
SESS0008405,CUST00416,2026-08-15,Website - Mobile Browser,7,23.7,True
SESS0008406,CUST00416,2026-07-01,Website - Mobile Browser,1,26.8,False
SESS0008407,CUST00416,2026-08-06,Website - Desktop,17,0.9,False
SESS0008408,CUST00416,2026-08-12,Website - Desktop,22,6.9,False
SESS0008409,CUST00416,2026-07-06,Mobile App,20,11.9,True
SESS0008410,CUST00416,2026-07-01,Website - Desktop,12,19.1,False
SESS0008411,CUST00416,2026-07-22,Website - Mobile Browser,9,26.9,False
SESS0008412,CUST00416,2026-07-19,Mobile App,2,0.6,False
SESS0008413,CUST00416,2026-07-14,Mobile App,4,11.5,False
SESS0008414,CUST00416,2026-06-28,Website - Mobile Browser,1,11.1,True
SESS0008415,CUST00416,2026-08-11,Website - Desktop,14,22.5,False
SESS0008416,CUST00416,2026-07-28,Website - Mobile Browser,18,16.6,False
SESS0008417,CUST00416,2026-07-01,Website - Mobile Browser,23,24.7,False
SESS0008418,CUST00416,2026-07-05,Website - Desktop,20,15.1,False
SESS0008419,CUST00416,2026-08-18,Website - Desktop,18,26.6,False
SESS0008420,CUST00416,2026-08-02,Website - Desktop,4,20.7,False
SESS0008421,CUST00416,2026-08-05,Mobile App,6,21.7,True
SESS0008422,CUST00416,2026-08-12,Website - Desktop,25,19.3,False
SESS0008423,CUST00416,2026-08-08,Website - Mobile Browser,10,3.4,False
SESS0008424,CUST00416,2026-08-11,Website - Mobile Browser,7,11.4,False
SESS0008425,CUST00416,2026-07-03,Website - Mobile Browser,1,7.4,False
SESS0008426,CUST00416,2026-08-18,Website - Mobile Browser,3,21.0,False
SESS0008427,CUST00416,2026-07-24,Website - Desktop,16,13.5,True
SESS0008428,CUST00416,2026-08-15,Website - Mobile Browser,12,5.1,False
SESS0008429,CUST00416,2026-07-26,Website - Desktop,22,15.4,False
SESS0008430,CUST00416,2026-06-26,Website - Mobile Browser,23,1.8,False
SESS0008431,CUST00416,2026-07-15,Mobile App,20,8.2,False
SESS0008432,CUST00416,2026-07-06,Mobile App,17,20.5,False
SESS0008433,CUST00416,2026-08-02,Mobile App,11,23.3,False
SESS0008434,CUST00416,2026-08-16,Website - Mobile Browser,11,14.8,False
SESS0008435,CUST00416,2026-07-01,Website - Mobile Browser,23,24.7,False
SESS0008436,CUST00416,2026-08-06,Mobile App,16,1.2,False
SESS0008437,CUST00416,2026-08-04,Mobile App,25,2.9,True
SESS0008438,CUST00417,2026-07-28,Website - Mobile Browser,14,17.2,False
SESS0008439,CUST00417,2025-10-30,Website - Mobile Browser,12,6.6,True
SESS0008440,CUST00417,2026-08-02,Website - Desktop,17,14.0,False
SESS0008441,CUST00417,2026-01-14,Mobile App,9,29.3,False
SESS0008442,CUST00417,2026-08-10,Website - Desktop,23,19.8,False
SESS0008443,CUST00417,2025-10-27,Mobile App,11,2.2,True
SESS0008444,CUST00417,2026-08-02,Mobile App,8,21.5,False
SESS0008445,CUST00417,2025-11-14,Mobile App,16,26.4,True
SESS0008446,CUST00417,2026-05-04,Website - Desktop,17,24.7,False
SESS0008447,CUST00417,2025-12-28,Website - Mobile Browser,4,21.9,False
SESS0008448,CUST00417,2026-04-02,Website - Mobile Browser,5,20.6,False
SESS0008449,CUST00417,2026-05-01,Website - Mobile Browser,4,0.7,False
SESS0008450,CUST00417,2025-10-02,Website - Desktop,22,10.1,False
SESS0008451,CUST00417,2026-07-02,Mobile App,23,17.4,True
SESS0008452,CUST00417,2026-07-31,Website - Desktop,14,2.8,False
SESS0008453,CUST00417,2025-10-04,Mobile App,22,28.8,False
SESS0008454,CUST00417,2026-05-09,Website - Mobile Browser,19,16.5,True
SESS0008455,CUST00417,2026-01-06,Mobile App,20,6.1,True
SESS0008456,CUST00417,2025-09-05,Website - Desktop,5,17.9,True
SESS0008457,CUST00417,2026-04-16,Website - Desktop,4,3.8,False
SESS0008458,CUST00417,2026-03-01,Website - Desktop,17,29.1,True
SESS0008459,CUST00417,2026-08-06,Website - Mobile Browser,2,18.2,False
SESS0008460,CUST00417,2026-08-03,Mobile App,22,12.6,True
SESS0008461,CUST00417,2026-03-16,Mobile App,13,24.6,False
SESS0008462,CUST00417,2025-09-01,Website - Mobile Browser,19,9.3,True
SESS0008463,CUST00417,2025-12-20,Website - Mobile Browser,21,2.3,True
SESS0008464,CUST00417,2026-02-18,Mobile App,23,6.6,False
SESS0008465,CUST00417,2026-04-28,Mobile App,4,12.9,False
SESS0008466,CUST00417,2026-06-19,Website - Desktop,11,29.5,False
SESS0008467,CUST00417,2025-11-15,Website - Desktop,21,14.2,False
SESS0008468,CUST00417,2025-11-04,Mobile App,18,21.9,False
SESS0008469,CUST00417,2026-04-10,Mobile App,13,15.4,True
SESS0008470,CUST00417,2025-10-09,Mobile App,10,8.8,False
SESS0008471,CUST00417,2026-04-27,Mobile App,17,1.2,False
SESS0008472,CUST00417,2026-02-27,Website - Mobile Browser,20,19.5,False
SESS0008473,CUST00418,2026-03-22,Website - Mobile Browser,22,29.9,False
SESS0008474,CUST00418,2026-07-26,Website - Mobile Browser,1,10.6,False
SESS0008475,CUST00418,2025-10-06,Mobile App,20,23.0,False
SESS0008476,CUST00418,2026-02-16,Website - Desktop,6,16.0,True
SESS0008477,CUST00418,2026-02-17,Website - Mobile Browser,8,12.2,False
SESS0008478,CUST00418,2025-09-12,Website - Desktop,16,5.8,True
SESS0008479,CUST00418,2026-03-02,Website - Mobile Browser,16,6.0,False
SESS0008480,CUST00418,2026-05-07,Mobile App,2,25.1,False
SESS0008481,CUST00418,2026-03-24,Mobile App,12,22.4,False
SESS0008482,CUST00418,2025-12-01,Website - Mobile Browser,17,22.6,False
SESS0008483,CUST00418,2025-09-09,Mobile App,12,10.5,True
SESS0008484,CUST00418,2026-06-24,Website - Desktop,19,11.0,False
SESS0008485,CUST00419,2026-06-06,Mobile App,20,13.0,False
SESS0008486,CUST00419,2026-06-15,Website - Desktop,5,4.6,False
SESS0008487,CUST00419,2026-06-17,Mobile App,18,9.5,False
SESS0008488,CUST00419,2026-06-30,Website - Mobile Browser,16,27.8,False
SESS0008489,CUST00419,2026-06-17,Website - Mobile Browser,18,2.3,True
SESS0008490,CUST00419,2026-06-17,Mobile App,20,2.7,False
SESS0008491,CUST00419,2026-05-27,Mobile App,13,9.8,True
SESS0008492,CUST00419,2026-07-26,Website - Mobile Browser,8,21.7,True
SESS0008493,CUST00419,2026-06-21,Website - Desktop,21,10.4,False
SESS0008494,CUST00419,2026-08-10,Mobile App,8,3.6,False
SESS0008495,CUST00419,2026-08-04,Website - Desktop,5,21.8,False
SESS0008496,CUST00419,2026-07-02,Mobile App,2,26.6,False
SESS0008497,CUST00419,2026-08-07,Mobile App,8,1.0,True
SESS0008498,CUST00419,2026-07-06,Mobile App,3,8.8,False
SESS0008499,CUST00419,2026-06-09,Website - Desktop,6,3.0,False
SESS0008500,CUST00419,2026-06-27,Website - Mobile Browser,16,15.3,False
SESS0008501,CUST00419,2026-08-07,Mobile App,12,10.4,False
SESS0008502,CUST00419,2026-05-21,Mobile App,24,4.4,False
SESS0008503,CUST00419,2026-08-18,Website - Desktop,1,28.3,True
SESS0008504,CUST00419,2026-06-11,Mobile App,24,9.5,False
SESS0008505,CUST00419,2026-08-07,Website - Mobile Browser,21,14.5,False
SESS0008506,CUST00419,2026-07-23,Website - Mobile Browser,15,21.0,False
SESS0008507,CUST00419,2026-07-18,Website - Mobile Browser,19,13.4,False
SESS0008508,CUST00420,2025-10-05,Mobile App,7,10.8,False
SESS0008509,CUST00420,2026-08-04,Website - Mobile Browser,14,23.7,False
SESS0008510,CUST00420,2026-06-08,Website - Desktop,15,5.5,False
SESS0008511,CUST00420,2025-09-08,Website - Desktop,7,6.9,False
SESS0008512,CUST00421,2026-07-20,Mobile App,15,3.8,True
SESS0008513,CUST00422,2026-02-07,Website - Desktop,11,1.9,False
SESS0008514,CUST00422,2026-04-05,Website - Desktop,21,5.9,True
SESS0008515,CUST00422,2026-08-03,Mobile App,5,26.6,False
SESS0008516,CUST00422,2025-10-09,Website - Desktop,1,22.1,True
SESS0008517,CUST00422,2026-03-28,Website - Mobile Browser,12,28.0,False
SESS0008518,CUST00422,2026-02-13,Mobile App,21,21.7,True
SESS0008519,CUST00422,2025-09-17,Website - Mobile Browser,3,24.3,False
SESS0008520,CUST00422,2026-05-17,Mobile App,14,26.9,False
SESS0008521,CUST00422,2025-10-13,Website - Desktop,13,22.3,False
SESS0008522,CUST00422,2026-02-15,Website - Mobile Browser,16,9.6,False
SESS0008523,CUST00422,2025-12-02,Website - Desktop,19,14.9,False
SESS0008524,CUST00422,2025-10-12,Mobile App,20,29.9,False
SESS0008525,CUST00422,2026-06-27,Website - Mobile Browser,11,27.0,False
SESS0008526,CUST00422,2026-03-04,Mobile App,12,15.1,False
SESS0008527,CUST00422,2026-07-01,Mobile App,8,17.7,False
SESS0008528,CUST00422,2025-12-30,Website - Desktop,4,10.0,False
SESS0008529,CUST00422,2025-10-24,Website - Mobile Browser,13,0.8,False
SESS0008530,CUST00422,2025-10-15,Mobile App,7,12.4,True
SESS0008531,CUST00423,2026-04-30,Website - Desktop,17,16.4,False
SESS0008532,CUST00423,2026-07-20,Website - Mobile Browser,13,22.4,False
SESS0008533,CUST00423,2026-07-20,Website - Desktop,3,24.5,False
SESS0008534,CUST00423,2026-05-17,Website - Mobile Browser,16,10.7,True
SESS0008535,CUST00423,2026-03-15,Website - Mobile Browser,1,11.0,False
SESS0008536,CUST00423,2026-04-29,Website - Mobile Browser,3,2.5,False
SESS0008537,CUST00423,2026-07-14,Website - Desktop,17,8.1,False
SESS0008538,CUST00423,2026-05-30,Mobile App,2,5.1,False
SESS0008539,CUST00423,2026-07-17,Website - Desktop,25,15.5,False
SESS0008540,CUST00423,2026-05-21,Website - Desktop,10,28.1,False
SESS0008541,CUST00423,2026-05-19,Mobile App,13,12.0,False
SESS0008542,CUST00423,2026-04-25,Website - Desktop,10,16.4,False
SESS0008543,CUST00423,2026-04-03,Website - Mobile Browser,15,3.9,False
SESS0008544,CUST00423,2026-05-28,Mobile App,14,2.5,True
SESS0008545,CUST00423,2026-05-02,Website - Desktop,23,13.5,False
SESS0008546,CUST00423,2026-05-02,Website - Desktop,15,9.0,False
SESS0008547,CUST00423,2026-07-09,Website - Mobile Browser,24,9.1,False
SESS0008548,CUST00423,2026-06-27,Website - Desktop,8,20.9,False
SESS0008549,CUST00423,2026-06-05,Website - Mobile Browser,21,3.5,False
SESS0008550,CUST00424,2025-12-27,Mobile App,11,12.8,False
SESS0008551,CUST00424,2026-03-26,Website - Desktop,4,24.7,False
SESS0008552,CUST00424,2026-08-09,Website - Desktop,21,23.1,False
SESS0008553,CUST00424,2026-06-09,Website - Desktop,22,13.4,False
SESS0008554,CUST00424,2025-12-19,Mobile App,24,14.1,False
SESS0008555,CUST00424,2026-05-10,Mobile App,16,26.9,False
SESS0008556,CUST00424,2026-04-04,Website - Desktop,21,19.4,False
SESS0008557,CUST00424,2025-10-29,Mobile App,1,29.7,True
SESS0008558,CUST00424,2025-10-12,Mobile App,4,23.4,False
SESS0008559,CUST00424,2026-08-06,Mobile App,16,5.6,False
SESS0008560,CUST00424,2026-07-20,Mobile App,4,19.3,False
SESS0008561,CUST00424,2026-08-10,Website - Mobile Browser,12,11.8,False
SESS0008562,CUST00424,2026-06-15,Website - Desktop,2,11.3,False
SESS0008563,CUST00424,2026-01-28,Website - Mobile Browser,21,5.3,False
SESS0008564,CUST00424,2025-12-24,Mobile App,16,14.3,False
SESS0008565,CUST00424,2025-10-15,Website - Desktop,14,10.0,False
SESS0008566,CUST00424,2026-06-29,Website - Desktop,10,27.4,False
SESS0008567,CUST00424,2026-07-10,Website - Mobile Browser,9,6.9,False
SESS0008568,CUST00424,2025-09-11,Website - Mobile Browser,24,4.5,True
SESS0008569,CUST00424,2026-06-11,Mobile App,5,2.0,True
SESS0008570,CUST00424,2026-01-08,Website - Desktop,10,27.2,False
SESS0008571,CUST00424,2025-11-17,Website - Desktop,6,11.6,True
SESS0008572,CUST00424,2026-04-17,Mobile App,22,3.7,False
SESS0008573,CUST00424,2025-11-18,Website - Desktop,14,1.9,False
SESS0008574,CUST00424,2026-08-07,Mobile App,15,5.5,True
SESS0008575,CUST00424,2025-10-13,Website - Mobile Browser,8,29.7,False
SESS0008576,CUST00424,2026-07-08,Website - Mobile Browser,19,10.6,False
SESS0008577,CUST00424,2026-07-10,Website - Mobile Browser,7,23.8,True
SESS0008578,CUST00424,2026-06-20,Website - Mobile Browser,1,13.0,False
SESS0008579,CUST00424,2026-06-10,Website - Desktop,19,12.0,False
SESS0008580,CUST00424,2026-07-05,Website - Mobile Browser,24,23.2,False
SESS0008581,CUST00424,2025-09-20,Website - Mobile Browser,17,8.0,False
SESS0008582,CUST00424,2025-08-29,Mobile App,7,12.2,False
SESS0008583,CUST00425,2026-08-04,Mobile App,4,27.2,True
SESS0008584,CUST00425,2026-07-26,Mobile App,22,5.5,False
SESS0008585,CUST00425,2026-07-31,Website - Desktop,16,12.4,True
SESS0008586,CUST00425,2026-08-12,Mobile App,14,4.7,False
SESS0008587,CUST00425,2026-08-09,Mobile App,12,4.0,False
SESS0008588,CUST00425,2026-07-30,Website - Desktop,11,4.2,False
SESS0008589,CUST00425,2026-07-28,Website - Mobile Browser,6,26.8,False
SESS0008590,CUST00425,2026-08-03,Website - Desktop,17,13.2,False
SESS0008591,CUST00425,2026-08-17,Website - Desktop,22,24.0,False
SESS0008592,CUST00425,2026-08-09,Mobile App,6,1.5,False
SESS0008593,CUST00425,2026-08-05,Website - Desktop,7,2.8,False
SESS0008594,CUST00425,2026-08-10,Website - Desktop,15,5.5,True
SESS0008595,CUST00425,2026-08-21,Website - Desktop,9,18.7,False
SESS0008596,CUST00425,2026-08-08,Website - Desktop,17,17.2,False
SESS0008597,CUST00425,2026-08-08,Website - Desktop,10,5.3,False
SESS0008598,CUST00425,2026-08-17,Mobile App,3,14.8,False
SESS0008599,CUST00426,2026-08-20,Website - Mobile Browser,17,13.8,True
SESS0008600,CUST00426,2026-05-12,Website - Mobile Browser,25,26.3,True
SESS0008601,CUST00426,2026-06-11,Mobile App,3,24.3,True
SESS0008602,CUST00426,2026-07-05,Website - Desktop,6,20.8,False
SESS0008603,CUST00426,2026-06-10,Mobile App,17,7.1,False
SESS0008604,CUST00426,2026-08-15,Mobile App,5,6.7,False
SESS0008605,CUST00426,2026-07-06,Mobile App,9,9.0,False
SESS0008606,CUST00426,2026-05-03,Mobile App,13,19.8,False
SESS0008607,CUST00426,2026-04-14,Website - Desktop,9,16.7,False
SESS0008608,CUST00426,2026-05-31,Website - Mobile Browser,9,12.6,False
SESS0008609,CUST00426,2026-06-19,Mobile App,23,5.5,True
SESS0008610,CUST00426,2026-07-19,Website - Mobile Browser,24,11.3,False
SESS0008611,CUST00426,2026-05-05,Mobile App,15,17.8,True
SESS0008612,CUST00426,2026-05-31,Website - Mobile Browser,19,14.3,True
SESS0008613,CUST00426,2026-05-11,Website - Desktop,22,11.7,False
SESS0008614,CUST00426,2026-08-16,Website - Mobile Browser,24,22.9,False
SESS0008615,CUST00426,2026-06-21,Website - Mobile Browser,13,2.6,True
SESS0008616,CUST00426,2026-07-27,Website - Mobile Browser,14,20.0,False
SESS0008617,CUST00426,2026-05-06,Website - Desktop,9,9.2,False
SESS0008618,CUST00426,2026-06-23,Mobile App,25,24.0,True
SESS0008619,CUST00426,2026-07-29,Website - Desktop,2,5.4,False
SESS0008620,CUST00426,2026-07-18,Website - Desktop,2,10.2,True
SESS0008621,CUST00426,2026-05-08,Website - Desktop,25,24.9,True
SESS0008622,CUST00426,2026-04-22,Website - Desktop,6,29.4,False
SESS0008623,CUST00426,2026-05-10,Website - Mobile Browser,9,23.3,False
SESS0008624,CUST00426,2026-05-02,Website - Desktop,1,9.2,False
SESS0008625,CUST00426,2026-08-01,Website - Desktop,3,3.0,False
SESS0008626,CUST00426,2026-04-14,Website - Desktop,11,22.7,False
SESS0008627,CUST00426,2026-05-23,Mobile App,6,20.4,False
SESS0008628,CUST00426,2026-04-26,Mobile App,25,3.9,False
SESS0008629,CUST00427,2026-02-09,Website - Desktop,4,5.8,False
SESS0008630,CUST00427,2025-10-18,Mobile App,22,13.9,False
SESS0008631,CUST00427,2025-11-12,Website - Mobile Browser,3,12.5,False
SESS0008632,CUST00427,2025-12-30,Mobile App,25,4.8,False
SESS0008633,CUST00427,2026-01-05,Website - Mobile Browser,5,27.8,False
SESS0008634,CUST00427,2025-12-04,Website - Desktop,3,16.8,False
SESS0008635,CUST00427,2026-05-26,Website - Desktop,13,3.1,False
SESS0008636,CUST00427,2026-03-08,Website - Mobile Browser,16,5.3,False
SESS0008637,CUST00427,2025-10-23,Website - Desktop,17,27.0,False
SESS0008638,CUST00427,2025-12-06,Mobile App,14,13.3,False
SESS0008639,CUST00427,2026-03-11,Website - Mobile Browser,7,7.4,False
SESS0008640,CUST00427,2026-03-25,Mobile App,17,6.4,False
SESS0008641,CUST00427,2025-11-11,Mobile App,16,15.6,False
SESS0008642,CUST00427,2026-03-06,Website - Mobile Browser,4,10.9,False
SESS0008643,CUST00427,2026-06-16,Mobile App,13,12.7,False
SESS0008644,CUST00427,2026-07-21,Website - Mobile Browser,17,1.2,False
SESS0008645,CUST00427,2026-03-13,Website - Desktop,19,11.4,False
SESS0008646,CUST00427,2026-01-23,Mobile App,1,2.0,False
SESS0008647,CUST00427,2026-06-04,Website - Desktop,12,0.9,True
SESS0008648,CUST00427,2026-02-05,Website - Desktop,22,24.5,False
SESS0008649,CUST00427,2026-04-28,Mobile App,20,5.1,True
SESS0008650,CUST00427,2026-03-14,Mobile App,15,24.2,False
SESS0008651,CUST00427,2026-02-10,Website - Mobile Browser,4,6.9,False
SESS0008652,CUST00427,2026-07-10,Website - Desktop,6,15.2,False
SESS0008653,CUST00427,2026-08-04,Website - Mobile Browser,6,19.1,False
SESS0008654,CUST00427,2026-01-24,Website - Mobile Browser,23,15.3,False
SESS0008655,CUST00427,2026-04-25,Website - Mobile Browser,11,8.2,False
SESS0008656,CUST00427,2026-03-23,Website - Desktop,24,26.3,False
SESS0008657,CUST00427,2026-06-13,Website - Mobile Browser,24,22.9,False
SESS0008658,CUST00427,2026-05-11,Website - Mobile Browser,19,26.2,False
SESS0008659,CUST00427,2026-03-05,Mobile App,25,9.6,False
SESS0008660,CUST00427,2026-07-21,Mobile App,17,3.0,False
SESS0008661,CUST00428,2026-06-22,Website - Mobile Browser,17,3.6,False
SESS0008662,CUST00428,2026-07-16,Website - Desktop,3,20.1,True
SESS0008663,CUST00428,2026-05-31,Website - Mobile Browser,25,1.4,False
SESS0008664,CUST00428,2026-06-21,Website - Mobile Browser,2,8.3,False
SESS0008665,CUST00428,2026-05-02,Mobile App,13,21.8,False
SESS0008666,CUST00428,2026-06-06,Website - Desktop,25,9.4,False
SESS0008667,CUST00428,2026-04-24,Mobile App,16,11.1,False
SESS0008668,CUST00428,2026-06-10,Website - Desktop,16,7.4,True
SESS0008669,CUST00428,2026-04-16,Website - Mobile Browser,23,21.3,True
SESS0008670,CUST00428,2026-07-10,Mobile App,4,24.1,False
SESS0008671,CUST00428,2026-05-04,Mobile App,5,9.9,False
SESS0008672,CUST00428,2026-07-24,Website - Desktop,20,26.0,True
SESS0008673,CUST00428,2026-07-16,Mobile App,19,28.0,False
SESS0008674,CUST00428,2026-08-11,Website - Desktop,4,3.0,False
SESS0008675,CUST00428,2026-07-06,Website - Desktop,23,29.7,False
SESS0008676,CUST00428,2026-08-17,Website - Desktop,1,16.6,True
SESS0008677,CUST00428,2026-08-16,Website - Desktop,19,23.6,False
SESS0008678,CUST00428,2026-08-11,Mobile App,7,17.6,False
SESS0008679,CUST00428,2026-05-22,Website - Mobile Browser,1,28.5,False
SESS0008680,CUST00428,2026-05-01,Website - Desktop,11,25.4,False
SESS0008681,CUST00428,2026-06-25,Website - Desktop,13,22.4,False
SESS0008682,CUST00428,2026-06-24,Website - Desktop,3,29.3,True
SESS0008683,CUST00429,2026-05-10,Mobile App,5,19.9,False
SESS0008684,CUST00429,2026-06-13,Mobile App,24,17.4,False
SESS0008685,CUST00429,2026-07-21,Mobile App,18,8.3,False
SESS0008686,CUST00429,2026-08-09,Website - Desktop,2,23.4,False
SESS0008687,CUST00429,2026-06-11,Website - Desktop,19,21.0,False
SESS0008688,CUST00430,2026-06-10,Mobile App,13,14.0,False
SESS0008689,CUST00430,2026-04-20,Website - Desktop,21,26.3,False
SESS0008690,CUST00430,2026-03-25,Website - Mobile Browser,25,17.6,False
SESS0008691,CUST00430,2026-04-14,Website - Mobile Browser,13,29.9,False
SESS0008692,CUST00430,2025-11-20,Website - Desktop,13,2.3,True
SESS0008693,CUST00430,2026-03-13,Mobile App,13,8.6,False
SESS0008694,CUST00430,2025-11-20,Website - Mobile Browser,19,23.9,False
SESS0008695,CUST00430,2025-10-25,Mobile App,10,7.4,False
SESS0008696,CUST00430,2026-04-19,Website - Mobile Browser,9,6.3,False
SESS0008697,CUST00430,2026-05-06,Mobile App,10,18.4,False
SESS0008698,CUST00430,2025-11-23,Mobile App,14,6.3,False
SESS0008699,CUST00430,2026-03-22,Website - Desktop,25,8.5,False
SESS0008700,CUST00430,2026-07-15,Mobile App,6,4.8,False
SESS0008701,CUST00430,2025-11-08,Website - Mobile Browser,10,4.4,False
SESS0008702,CUST00430,2026-03-15,Website - Mobile Browser,19,25.3,True
SESS0008703,CUST00430,2025-12-15,Website - Mobile Browser,3,20.2,False
SESS0008704,CUST00430,2026-01-24,Website - Mobile Browser,19,1.3,False
SESS0008705,CUST00430,2026-02-19,Website - Desktop,7,3.6,False
SESS0008706,CUST00430,2026-04-16,Mobile App,22,5.7,False
SESS0008707,CUST00430,2026-05-19,Website - Mobile Browser,8,22.0,False
SESS0008708,CUST00430,2026-07-10,Website - Mobile Browser,24,6.6,True
SESS0008709,CUST00431,2025-11-13,Mobile App,10,9.8,False
SESS0008710,CUST00431,2026-06-13,Website - Desktop,3,29.0,False
SESS0008711,CUST00431,2025-12-09,Website - Desktop,24,6.5,False
SESS0008712,CUST00431,2026-08-01,Website - Desktop,8,2.4,False
SESS0008713,CUST00431,2026-03-20,Mobile App,20,20.4,False
SESS0008714,CUST00431,2025-11-28,Mobile App,13,7.3,False
SESS0008715,CUST00432,2026-05-19,Website - Desktop,15,19.0,False
SESS0008716,CUST00432,2026-07-28,Website - Desktop,7,7.7,False
SESS0008717,CUST00432,2026-07-24,Website - Mobile Browser,6,10.0,True
SESS0008718,CUST00432,2026-07-03,Website - Desktop,18,17.4,True
SESS0008719,CUST00432,2026-07-18,Website - Mobile Browser,5,1.5,False
SESS0008720,CUST00432,2026-05-09,Mobile App,19,28.4,False
SESS0008721,CUST00432,2026-06-12,Website - Mobile Browser,9,10.6,False
SESS0008722,CUST00432,2026-07-30,Mobile App,6,27.9,False
SESS0008723,CUST00432,2026-08-04,Website - Desktop,15,4.0,False
SESS0008724,CUST00432,2026-06-11,Website - Mobile Browser,22,29.4,False
SESS0008725,CUST00432,2026-05-10,Website - Mobile Browser,21,15.7,True
SESS0008726,CUST00432,2026-05-09,Website - Mobile Browser,6,11.4,False
SESS0008727,CUST00432,2026-04-25,Website - Mobile Browser,7,3.6,False
SESS0008728,CUST00432,2026-04-24,Mobile App,24,12.8,True
SESS0008729,CUST00432,2026-05-18,Mobile App,17,29.0,True
SESS0008730,CUST00432,2026-08-09,Mobile App,14,14.2,False
SESS0008731,CUST00432,2026-06-15,Website - Desktop,3,13.2,False
SESS0008732,CUST00432,2026-06-22,Mobile App,11,8.5,False
SESS0008733,CUST00432,2026-06-19,Website - Mobile Browser,1,14.8,False
SESS0008734,CUST00432,2026-05-01,Website - Mobile Browser,8,11.8,True
SESS0008735,CUST00432,2026-06-18,Website - Desktop,23,8.2,True
SESS0008736,CUST00432,2026-08-08,Website - Mobile Browser,25,27.5,False
SESS0008737,CUST00433,2026-01-26,Mobile App,6,3.7,False
SESS0008738,CUST00433,2026-04-14,Website - Mobile Browser,10,25.8,False
SESS0008739,CUST00433,2026-04-07,Website - Desktop,20,23.2,True
SESS0008740,CUST00433,2026-07-26,Website - Mobile Browser,14,13.7,True
SESS0008741,CUST00433,2025-12-31,Mobile App,9,3.1,False
SESS0008742,CUST00433,2025-12-02,Website - Mobile Browser,7,2.4,False
SESS0008743,CUST00433,2026-06-25,Mobile App,21,11.6,False
SESS0008744,CUST00433,2026-06-06,Website - Mobile Browser,15,9.7,False
SESS0008745,CUST00433,2025-11-16,Website - Mobile Browser,13,20.9,False
SESS0008746,CUST00433,2026-06-19,Website - Desktop,1,26.7,False
SESS0008747,CUST00433,2026-02-16,Website - Mobile Browser,5,19.3,False
SESS0008748,CUST00433,2026-06-18,Mobile App,15,29.2,False
SESS0008749,CUST00433,2026-07-10,Mobile App,9,12.0,True
SESS0008750,CUST00433,2026-04-04,Mobile App,10,21.3,False
SESS0008751,CUST00433,2025-12-09,Website - Mobile Browser,9,1.9,False
SESS0008752,CUST00434,2026-07-11,Mobile App,13,14.6,False
SESS0008753,CUST00434,2025-11-30,Website - Desktop,14,24.6,False
SESS0008754,CUST00434,2026-03-14,Website - Mobile Browser,10,3.1,True
SESS0008755,CUST00434,2026-04-02,Website - Mobile Browser,25,2.3,False
SESS0008756,CUST00434,2026-07-31,Mobile App,14,20.5,True
SESS0008757,CUST00434,2026-07-11,Website - Mobile Browser,11,19.6,True
SESS0008758,CUST00434,2026-03-01,Website - Mobile Browser,6,6.1,False
SESS0008759,CUST00434,2026-02-25,Mobile App,20,18.8,False
SESS0008760,CUST00434,2026-03-19,Website - Mobile Browser,7,26.9,False
SESS0008761,CUST00434,2025-12-30,Mobile App,12,16.3,False
SESS0008762,CUST00434,2025-11-10,Website - Desktop,20,17.6,False
SESS0008763,CUST00434,2026-05-20,Website - Desktop,25,14.3,False
SESS0008764,CUST00434,2026-05-07,Website - Desktop,17,28.0,False
SESS0008765,CUST00434,2026-01-07,Website - Mobile Browser,19,4.9,False
SESS0008766,CUST00434,2026-02-28,Website - Mobile Browser,23,29.7,False
SESS0008767,CUST00434,2025-11-01,Website - Mobile Browser,14,6.3,False
SESS0008768,CUST00434,2026-04-13,Website - Mobile Browser,16,3.4,False
SESS0008769,CUST00434,2026-01-15,Mobile App,14,11.4,True
SESS0008770,CUST00434,2025-09-17,Website - Mobile Browser,11,18.1,False
SESS0008771,CUST00434,2026-06-24,Mobile App,20,8.4,False
SESS0008772,CUST00434,2026-05-24,Mobile App,14,20.1,False
SESS0008773,CUST00434,2026-08-21,Website - Desktop,17,23.5,True
SESS0008774,CUST00434,2026-05-30,Website - Desktop,18,12.7,False
SESS0008775,CUST00434,2025-11-07,Mobile App,20,17.4,False
SESS0008776,CUST00434,2025-12-05,Mobile App,17,10.3,False
SESS0008777,CUST00434,2025-12-13,Website - Desktop,4,13.7,True
SESS0008778,CUST00434,2026-07-25,Website - Mobile Browser,10,27.4,True
SESS0008779,CUST00434,2026-04-16,Website - Mobile Browser,23,4.0,True
SESS0008780,CUST00434,2026-06-16,Mobile App,12,7.9,False
SESS0008781,CUST00435,2026-06-30,Website - Mobile Browser,13,14.1,False
SESS0008782,CUST00435,2026-03-21,Website - Desktop,5,16.7,False
SESS0008783,CUST00436,2025-10-05,Website - Desktop,2,9.6,False
SESS0008784,CUST00436,2025-09-19,Website - Desktop,6,22.5,False
SESS0008785,CUST00436,2026-06-23,Website - Mobile Browser,23,14.2,False
SESS0008786,CUST00436,2025-10-24,Mobile App,7,11.4,False
SESS0008787,CUST00436,2025-11-10,Website - Desktop,13,28.1,False
SESS0008788,CUST00436,2026-05-16,Mobile App,2,29.0,False
SESS0008789,CUST00436,2026-07-16,Website - Mobile Browser,15,17.3,False
SESS0008790,CUST00436,2026-07-05,Website - Desktop,3,20.2,True
SESS0008791,CUST00436,2025-09-04,Mobile App,13,21.3,False
SESS0008792,CUST00436,2025-10-19,Mobile App,20,25.6,True
SESS0008793,CUST00436,2026-03-22,Mobile App,8,8.8,False
SESS0008794,CUST00436,2026-06-03,Mobile App,12,21.9,False
SESS0008795,CUST00436,2026-05-16,Website - Mobile Browser,24,2.3,True
SESS0008796,CUST00436,2026-03-26,Mobile App,19,5.0,True
SESS0008797,CUST00436,2025-12-30,Mobile App,11,3.1,False
SESS0008798,CUST00436,2025-09-04,Website - Mobile Browser,1,0.6,False
SESS0008799,CUST00436,2025-12-14,Website - Desktop,2,2.4,False
SESS0008800,CUST00436,2026-02-15,Website - Desktop,15,8.1,False
SESS0008801,CUST00436,2026-04-19,Website - Desktop,6,18.7,True
SESS0008802,CUST00436,2026-05-18,Website - Desktop,12,10.0,False
SESS0008803,CUST00436,2025-11-04,Website - Mobile Browser,7,21.0,True
SESS0008804,CUST00436,2026-04-04,Website - Mobile Browser,16,10.7,False
SESS0008805,CUST00436,2025-11-05,Website - Desktop,11,11.6,False
SESS0008806,CUST00436,2025-08-28,Website - Desktop,5,24.8,False
SESS0008807,CUST00436,2026-01-23,Mobile App,8,23.4,False
SESS0008808,CUST00436,2026-02-12,Website - Mobile Browser,18,26.8,False
SESS0008809,CUST00436,2025-11-10,Website - Desktop,11,2.5,False
SESS0008810,CUST00436,2026-03-28,Mobile App,23,9.1,True
SESS0008811,CUST00436,2025-09-29,Mobile App,18,4.6,True
SESS0008812,CUST00436,2026-08-10,Mobile App,4,13.0,True
SESS0008813,CUST00436,2025-10-18,Website - Mobile Browser,25,23.8,False
SESS0008814,CUST00437,2025-09-13,Website - Mobile Browser,2,6.4,False
SESS0008815,CUST00437,2025-10-20,Website - Mobile Browser,8,26.3,False
SESS0008816,CUST00437,2025-10-20,Mobile App,16,20.6,False
SESS0008817,CUST00437,2025-11-09,Website - Mobile Browser,7,6.5,False
SESS0008818,CUST00437,2025-10-08,Website - Mobile Browser,8,28.1,False
SESS0008819,CUST00437,2026-05-01,Mobile App,25,21.3,False
SESS0008820,CUST00437,2026-05-06,Website - Desktop,4,16.6,False
SESS0008821,CUST00437,2026-02-08,Mobile App,21,25.6,True
SESS0008822,CUST00437,2026-02-10,Website - Desktop,22,1.0,False
SESS0008823,CUST00437,2026-04-21,Mobile App,19,5.4,True
SESS0008824,CUST00437,2025-09-15,Website - Mobile Browser,13,14.1,False
SESS0008825,CUST00437,2026-04-02,Website - Mobile Browser,4,20.4,False
SESS0008826,CUST00437,2026-05-22,Mobile App,18,24.2,False
SESS0008827,CUST00437,2025-09-28,Mobile App,8,27.6,False
SESS0008828,CUST00437,2025-10-06,Website - Desktop,19,20.6,False
SESS0008829,CUST00437,2026-01-18,Website - Mobile Browser,5,24.0,False
SESS0008830,CUST00438,2025-10-12,Website - Desktop,20,26.5,False
SESS0008831,CUST00438,2025-10-31,Website - Desktop,14,9.6,False
SESS0008832,CUST00438,2025-10-09,Mobile App,20,19.8,True
SESS0008833,CUST00438,2026-05-13,Website - Desktop,25,13.8,True
SESS0008834,CUST00438,2026-02-03,Website - Desktop,8,18.0,False
SESS0008835,CUST00438,2026-05-14,Website - Desktop,6,9.5,True
SESS0008836,CUST00438,2026-04-22,Mobile App,8,15.3,False
SESS0008837,CUST00438,2026-07-26,Website - Mobile Browser,5,2.2,True
SESS0008838,CUST00438,2026-05-27,Website - Mobile Browser,12,18.9,False
SESS0008839,CUST00438,2026-07-28,Mobile App,20,1.8,False
SESS0008840,CUST00438,2025-11-06,Website - Mobile Browser,7,18.9,False
SESS0008841,CUST00438,2026-04-08,Website - Desktop,5,15.9,False
SESS0008842,CUST00438,2026-05-16,Mobile App,20,10.5,False
SESS0008843,CUST00438,2025-09-09,Website - Mobile Browser,3,1.2,False
SESS0008844,CUST00438,2026-03-20,Website - Desktop,8,7.0,False
SESS0008845,CUST00438,2026-01-29,Mobile App,15,11.8,False
SESS0008846,CUST00438,2025-12-26,Mobile App,25,9.2,False
SESS0008847,CUST00438,2026-03-08,Mobile App,23,9.3,False
SESS0008848,CUST00438,2026-04-21,Website - Mobile Browser,20,17.5,True
SESS0008849,CUST00438,2026-02-06,Website - Mobile Browser,12,16.7,False
SESS0008850,CUST00438,2026-07-08,Website - Mobile Browser,6,1.3,True
SESS0008851,CUST00438,2026-06-15,Mobile App,21,21.1,False
SESS0008852,CUST00439,2026-06-02,Website - Mobile Browser,10,9.4,False
SESS0008853,CUST00439,2025-10-03,Website - Desktop,16,18.0,True
SESS0008854,CUST00439,2026-05-29,Website - Desktop,2,11.3,False
SESS0008855,CUST00439,2025-12-06,Website - Mobile Browser,18,25.7,False
SESS0008856,CUST00439,2025-10-02,Mobile App,22,4.5,True
SESS0008857,CUST00439,2025-12-07,Website - Mobile Browser,15,14.0,False
SESS0008858,CUST00439,2026-06-07,Mobile App,5,10.7,False
SESS0008859,CUST00439,2026-04-29,Website - Mobile Browser,20,28.2,False
SESS0008860,CUST00439,2026-04-09,Website - Mobile Browser,3,1.3,False
SESS0008861,CUST00439,2025-10-16,Mobile App,1,20.9,True
SESS0008862,CUST00439,2025-12-26,Mobile App,8,19.4,True
SESS0008863,CUST00439,2025-08-30,Mobile App,2,29.6,False
SESS0008864,CUST00439,2026-04-23,Website - Mobile Browser,15,5.6,False
SESS0008865,CUST00439,2026-08-15,Website - Desktop,11,29.8,False
SESS0008866,CUST00439,2025-10-20,Mobile App,5,13.2,False
SESS0008867,CUST00439,2025-12-08,Website - Mobile Browser,2,15.1,False
SESS0008868,CUST00439,2025-10-12,Website - Mobile Browser,24,6.7,False
SESS0008869,CUST00439,2026-06-25,Mobile App,6,10.8,False
SESS0008870,CUST00439,2026-03-27,Website - Desktop,14,25.2,False
SESS0008871,CUST00439,2026-05-06,Mobile App,4,27.2,False
SESS0008872,CUST00439,2026-01-06,Website - Desktop,6,3.4,True
SESS0008873,CUST00439,2026-08-10,Website - Desktop,12,17.5,False
SESS0008874,CUST00439,2026-05-13,Website - Mobile Browser,6,19.4,False
SESS0008875,CUST00440,2026-06-25,Website - Desktop,13,5.2,False
SESS0008876,CUST00440,2025-09-19,Mobile App,20,28.1,False
SESS0008877,CUST00440,2026-05-21,Website - Mobile Browser,2,17.7,False
SESS0008878,CUST00440,2026-04-19,Website - Desktop,10,2.7,False
SESS0008879,CUST00440,2026-06-12,Website - Desktop,7,22.9,False
SESS0008880,CUST00440,2025-11-12,Mobile App,25,13.8,False
SESS0008881,CUST00440,2026-04-24,Website - Mobile Browser,6,10.8,False
SESS0008882,CUST00440,2026-03-29,Website - Desktop,25,15.5,False
SESS0008883,CUST00440,2025-10-12,Website - Desktop,16,13.4,False
SESS0008884,CUST00440,2026-05-04,Website - Mobile Browser,11,20.5,False
SESS0008885,CUST00440,2026-02-21,Mobile App,11,4.0,False
SESS0008886,CUST00440,2025-09-02,Website - Desktop,2,12.2,False
SESS0008887,CUST00440,2025-09-30,Website - Mobile Browser,14,27.7,False
SESS0008888,CUST00440,2026-08-10,Mobile App,4,11.5,False
SESS0008889,CUST00440,2025-10-08,Website - Desktop,20,4.6,False
SESS0008890,CUST00440,2025-12-04,Website - Desktop,14,15.3,True
SESS0008891,CUST00440,2026-01-26,Mobile App,14,8.2,False
SESS0008892,CUST00440,2026-01-03,Website - Desktop,20,11.0,False
SESS0008893,CUST00440,2025-12-22,Website - Mobile Browser,2,23.7,False
SESS0008894,CUST00440,2026-01-06,Website - Desktop,14,25.3,False
SESS0008895,CUST00440,2025-12-15,Website - Mobile Browser,13,7.0,False
SESS0008896,CUST00440,2026-07-25,Mobile App,17,11.5,False
SESS0008897,CUST00440,2025-11-11,Mobile App,14,4.7,False
SESS0008898,CUST00440,2025-09-05,Mobile App,21,19.4,True
SESS0008899,CUST00440,2026-07-31,Website - Mobile Browser,6,5.8,True
SESS0008900,CUST00441,2026-07-12,Mobile App,18,0.9,False
SESS0008901,CUST00441,2026-06-03,Website - Mobile Browser,24,8.8,False
SESS0008902,CUST00441,2025-09-05,Website - Desktop,5,27.0,False
SESS0008903,CUST00441,2026-08-18,Website - Desktop,24,3.3,False
SESS0008904,CUST00441,2026-07-27,Website - Mobile Browser,15,8.3,False
SESS0008905,CUST00441,2026-01-26,Website - Mobile Browser,3,9.8,True
SESS0008906,CUST00441,2026-01-04,Website - Mobile Browser,20,28.5,False
SESS0008907,CUST00441,2025-10-24,Website - Mobile Browser,20,7.6,False
SESS0008908,CUST00441,2025-11-18,Website - Desktop,8,27.0,False
SESS0008909,CUST00441,2026-02-21,Mobile App,11,15.3,False
SESS0008910,CUST00441,2025-09-17,Website - Mobile Browser,20,19.0,False
SESS0008911,CUST00442,2026-03-31,Mobile App,14,17.9,False
SESS0008912,CUST00442,2025-09-20,Website - Desktop,25,19.5,False
SESS0008913,CUST00442,2026-05-13,Website - Desktop,5,4.4,False
SESS0008914,CUST00442,2026-08-09,Website - Mobile Browser,22,10.0,True
SESS0008915,CUST00442,2026-01-30,Mobile App,19,20.9,True
SESS0008916,CUST00442,2026-07-03,Mobile App,16,20.2,False
SESS0008917,CUST00442,2025-09-06,Website - Desktop,8,23.1,True
SESS0008918,CUST00442,2025-11-19,Website - Desktop,20,13.0,True
SESS0008919,CUST00442,2025-10-14,Mobile App,19,16.5,False
SESS0008920,CUST00442,2025-12-08,Mobile App,11,20.2,False
SESS0008921,CUST00442,2026-04-19,Website - Desktop,20,22.7,False
SESS0008922,CUST00442,2026-07-17,Mobile App,20,19.8,False
SESS0008923,CUST00442,2025-12-30,Website - Desktop,2,1.3,False
SESS0008924,CUST00442,2025-12-01,Website - Mobile Browser,16,11.3,False
SESS0008925,CUST00442,2026-07-04,Website - Desktop,22,29.8,False
SESS0008926,CUST00442,2026-06-21,Website - Mobile Browser,9,5.5,True
SESS0008927,CUST00442,2026-05-01,Website - Desktop,6,1.0,False
SESS0008928,CUST00442,2026-04-16,Website - Desktop,3,26.4,True
SESS0008929,CUST00442,2025-11-17,Website - Mobile Browser,14,10.0,False
SESS0008930,CUST00442,2026-05-10,Website - Desktop,18,13.6,False
SESS0008931,CUST00442,2025-12-09,Mobile App,23,11.5,True
SESS0008932,CUST00442,2025-11-27,Mobile App,20,1.9,True
SESS0008933,CUST00442,2025-10-13,Website - Desktop,15,22.9,False
SESS0008934,CUST00442,2026-04-06,Website - Desktop,19,29.9,False
SESS0008935,CUST00442,2026-07-20,Mobile App,22,12.4,False
SESS0008936,CUST00442,2026-01-21,Website - Desktop,19,8.6,True
SESS0008937,CUST00442,2026-02-23,Website - Desktop,4,5.6,False
SESS0008938,CUST00442,2026-07-22,Website - Mobile Browser,7,11.7,False
SESS0008939,CUST00442,2026-04-15,Website - Desktop,19,25.0,False
SESS0008940,CUST00442,2026-01-08,Mobile App,16,14.2,True
SESS0008941,CUST00442,2026-07-14,Website - Desktop,19,18.8,True
SESS0008942,CUST00442,2025-12-18,Mobile App,14,18.2,False
SESS0008943,CUST00442,2025-09-22,Website - Desktop,13,17.1,False
SESS0008944,CUST00442,2026-02-04,Website - Desktop,20,1.3,False
SESS0008945,CUST00442,2026-04-28,Website - Mobile Browser,21,5.8,False
SESS0008946,CUST00442,2026-08-21,Mobile App,1,5.5,False
SESS0008947,CUST00442,2026-01-09,Mobile App,22,4.6,False
SESS0008948,CUST00442,2026-01-28,Website - Desktop,12,29.8,False
SESS0008949,CUST00442,2025-10-30,Website - Desktop,19,3.7,False
SESS0008950,CUST00443,2026-03-12,Mobile App,23,8.2,False
SESS0008951,CUST00443,2026-05-02,Mobile App,18,10.7,False
SESS0008952,CUST00443,2026-02-10,Website - Desktop,7,6.5,False
SESS0008953,CUST00443,2026-07-17,Website - Mobile Browser,23,21.8,False
SESS0008954,CUST00443,2026-03-13,Mobile App,8,22.1,False
SESS0008955,CUST00443,2026-04-22,Website - Mobile Browser,17,15.2,True
SESS0008956,CUST00443,2026-02-11,Website - Mobile Browser,17,3.1,False
SESS0008957,CUST00443,2026-05-18,Website - Mobile Browser,23,20.6,True
SESS0008958,CUST00443,2026-07-03,Mobile App,8,24.0,False
SESS0008959,CUST00443,2026-07-09,Website - Mobile Browser,6,6.6,True
SESS0008960,CUST00443,2026-05-09,Mobile App,6,8.6,False
SESS0008961,CUST00443,2026-01-27,Website - Desktop,1,20.2,False
SESS0008962,CUST00443,2026-01-24,Mobile App,5,14.9,False
SESS0008963,CUST00443,2026-08-02,Website - Mobile Browser,14,7.6,False
SESS0008964,CUST00443,2026-07-08,Website - Desktop,25,24.5,False
SESS0008965,CUST00443,2026-05-18,Website - Mobile Browser,24,2.5,False
SESS0008966,CUST00443,2026-02-09,Mobile App,6,22.2,False
SESS0008967,CUST00443,2026-04-14,Mobile App,6,26.4,False
SESS0008968,CUST00443,2026-07-02,Website - Mobile Browser,10,19.9,False
SESS0008969,CUST00443,2026-02-07,Website - Desktop,4,18.3,False
SESS0008970,CUST00443,2026-02-22,Website - Mobile Browser,4,12.8,False
SESS0008971,CUST00443,2026-05-10,Website - Desktop,16,3.8,False
SESS0008972,CUST00443,2026-05-16,Website - Desktop,5,20.2,False
SESS0008973,CUST00443,2026-05-10,Website - Mobile Browser,19,1.0,False
SESS0008974,CUST00443,2026-07-12,Website - Mobile Browser,6,15.6,True
SESS0008975,CUST00443,2026-06-12,Website - Desktop,25,3.4,True
SESS0008976,CUST00443,2026-04-25,Mobile App,18,24.1,False
SESS0008977,CUST00443,2026-02-19,Mobile App,21,23.7,False
SESS0008978,CUST00443,2026-01-25,Website - Desktop,22,8.6,False
SESS0008979,CUST00443,2026-06-22,Mobile App,2,25.3,False
SESS0008980,CUST00444,2026-08-17,Website - Mobile Browser,6,10.3,False
SESS0008981,CUST00444,2026-06-27,Mobile App,16,7.1,False
SESS0008982,CUST00444,2026-05-13,Website - Desktop,17,3.9,False
SESS0008983,CUST00444,2026-03-24,Mobile App,25,5.3,True
SESS0008984,CUST00444,2026-02-23,Website - Desktop,5,18.6,False
SESS0008985,CUST00444,2026-05-11,Website - Desktop,20,12.8,False
SESS0008986,CUST00444,2026-04-03,Website - Desktop,13,5.7,True
SESS0008987,CUST00444,2026-05-13,Website - Desktop,1,19.2,False
SESS0008988,CUST00444,2026-03-30,Mobile App,17,4.5,True
SESS0008989,CUST00444,2026-03-02,Mobile App,9,0.8,False
SESS0008990,CUST00444,2026-02-24,Website - Mobile Browser,13,13.3,False
SESS0008991,CUST00444,2026-07-28,Website - Mobile Browser,11,20.2,True
SESS0008992,CUST00444,2026-04-24,Mobile App,19,4.3,False
SESS0008993,CUST00444,2026-05-26,Mobile App,24,10.3,False
SESS0008994,CUST00444,2026-04-08,Mobile App,4,7.6,False
SESS0008995,CUST00444,2026-04-13,Website - Mobile Browser,13,16.5,False
SESS0008996,CUST00444,2026-07-15,Website - Mobile Browser,11,1.3,True
SESS0008997,CUST00444,2026-03-20,Website - Mobile Browser,3,25.3,False
SESS0008998,CUST00444,2026-06-27,Website - Mobile Browser,19,27.9,False
SESS0008999,CUST00444,2026-02-20,Website - Desktop,22,27.4,False
SESS0009000,CUST00444,2026-06-01,Website - Mobile Browser,20,13.5,False
SESS0009001,CUST00444,2026-03-21,Website - Desktop,5,19.9,False
SESS0009002,CUST00444,2026-05-26,Website - Desktop,16,7.9,False
SESS0009003,CUST00444,2026-05-25,Mobile App,22,3.7,False
SESS0009004,CUST00444,2026-04-23,Website - Desktop,8,17.3,False
SESS0009005,CUST00444,2026-05-06,Website - Desktop,13,10.1,False
SESS0009006,CUST00444,2026-05-07,Website - Desktop,9,9.5,False
SESS0009007,CUST00444,2026-04-04,Website - Desktop,16,9.6,True
SESS0009008,CUST00444,2026-02-21,Website - Desktop,24,9.9,False
SESS0009009,CUST00444,2026-03-10,Website - Mobile Browser,17,22.8,False
SESS0009010,CUST00445,2025-08-28,Website - Desktop,13,9.9,True
SESS0009011,CUST00445,2025-11-06,Website - Mobile Browser,20,7.3,True
SESS0009012,CUST00445,2026-04-25,Mobile App,3,14.5,False
SESS0009013,CUST00445,2026-07-06,Mobile App,3,7.5,False
SESS0009014,CUST00445,2025-11-07,Mobile App,25,13.4,False
SESS0009015,CUST00445,2026-01-18,Website - Desktop,11,8.2,True
SESS0009016,CUST00445,2026-06-19,Mobile App,16,14.8,False
SESS0009017,CUST00445,2026-07-24,Mobile App,24,23.4,False
SESS0009018,CUST00445,2026-02-01,Mobile App,12,7.9,True
SESS0009019,CUST00445,2025-11-26,Website - Desktop,4,5.3,False
SESS0009020,CUST00445,2026-01-31,Mobile App,23,6.5,False
SESS0009021,CUST00445,2026-01-15,Mobile App,9,22.8,True
SESS0009022,CUST00445,2026-06-19,Website - Desktop,5,5.8,False
SESS0009023,CUST00445,2025-09-24,Website - Desktop,5,1.8,False
SESS0009024,CUST00445,2026-03-25,Mobile App,20,14.7,True
SESS0009025,CUST00445,2026-03-03,Website - Desktop,2,28.3,True
SESS0009026,CUST00445,2026-06-22,Website - Desktop,8,5.3,False
SESS0009027,CUST00445,2026-05-05,Website - Mobile Browser,18,20.1,False
SESS0009028,CUST00445,2026-02-14,Website - Desktop,15,6.7,False
SESS0009029,CUST00445,2025-09-07,Mobile App,4,29.8,False
SESS0009030,CUST00445,2026-08-14,Website - Mobile Browser,7,29.0,False
SESS0009031,CUST00445,2026-01-19,Website - Desktop,22,27.9,False
SESS0009032,CUST00445,2026-01-27,Mobile App,14,28.4,True
SESS0009033,CUST00445,2025-12-16,Mobile App,17,18.3,False
SESS0009034,CUST00445,2025-12-23,Website - Desktop,4,22.0,False
SESS0009035,CUST00446,2026-05-13,Website - Mobile Browser,19,21.3,False
SESS0009036,CUST00446,2026-06-23,Website - Mobile Browser,22,3.3,True
SESS0009037,CUST00446,2026-07-03,Mobile App,20,18.8,True
SESS0009038,CUST00446,2026-01-02,Mobile App,16,24.6,False
SESS0009039,CUST00446,2026-05-13,Mobile App,10,4.5,False
SESS0009040,CUST00446,2026-06-01,Website - Desktop,9,6.1,False
SESS0009041,CUST00446,2026-01-20,Website - Mobile Browser,24,19.8,False
SESS0009042,CUST00446,2026-02-20,Website - Desktop,7,24.4,True
SESS0009043,CUST00446,2025-12-25,Website - Desktop,19,20.5,False
SESS0009044,CUST00446,2026-05-29,Website - Mobile Browser,15,4.3,True
SESS0009045,CUST00446,2026-05-12,Mobile App,19,20.4,True
SESS0009046,CUST00446,2026-05-02,Website - Desktop,5,8.7,True
SESS0009047,CUST00446,2026-08-07,Website - Mobile Browser,25,25.2,True
SESS0009048,CUST00446,2026-01-06,Mobile App,20,19.5,False
SESS0009049,CUST00446,2026-06-13,Website - Desktop,8,3.8,True
SESS0009050,CUST00446,2026-06-23,Mobile App,10,19.6,True
SESS0009051,CUST00446,2026-07-18,Website - Mobile Browser,21,24.0,False
SESS0009052,CUST00446,2026-05-23,Mobile App,10,8.0,False
SESS0009053,CUST00446,2026-02-24,Website - Mobile Browser,24,1.3,False
SESS0009054,CUST00446,2025-12-21,Mobile App,3,27.4,True
SESS0009055,CUST00446,2026-02-19,Website - Desktop,20,24.4,False
SESS0009056,CUST00446,2026-08-21,Website - Desktop,20,29.5,True
SESS0009057,CUST00447,2026-01-09,Mobile App,19,29.7,False
SESS0009058,CUST00447,2026-07-01,Website - Mobile Browser,6,14.4,True
SESS0009059,CUST00447,2026-01-04,Website - Desktop,10,19.7,False
SESS0009060,CUST00447,2026-05-20,Mobile App,15,11.8,False
SESS0009061,CUST00447,2026-04-24,Mobile App,12,4.7,False
SESS0009062,CUST00447,2026-07-06,Mobile App,3,3.2,False
SESS0009063,CUST00447,2026-03-06,Website - Desktop,16,15.4,False
SESS0009064,CUST00447,2026-07-12,Website - Desktop,13,11.1,False
SESS0009065,CUST00447,2026-07-10,Mobile App,18,1.9,False
SESS0009066,CUST00447,2026-08-05,Website - Desktop,1,22.7,False
SESS0009067,CUST00447,2026-03-29,Website - Desktop,2,4.0,False
SESS0009068,CUST00447,2026-05-19,Mobile App,4,12.0,False
SESS0009069,CUST00447,2026-08-19,Website - Desktop,12,3.2,False
SESS0009070,CUST00447,2026-05-27,Mobile App,7,11.9,False
SESS0009071,CUST00447,2026-05-29,Website - Mobile Browser,12,14.4,False
SESS0009072,CUST00447,2026-02-10,Website - Mobile Browser,25,28.0,False
SESS0009073,CUST00447,2026-05-15,Website - Mobile Browser,8,16.7,False
SESS0009074,CUST00447,2026-06-07,Website - Desktop,21,24.6,True
SESS0009075,CUST00447,2026-07-08,Website - Mobile Browser,18,8.4,False
SESS0009076,CUST00448,2026-01-11,Mobile App,13,7.2,True
SESS0009077,CUST00448,2026-03-15,Mobile App,4,5.6,False
SESS0009078,CUST00448,2025-12-10,Website - Mobile Browser,6,6.2,True
SESS0009079,CUST00448,2026-01-21,Website - Desktop,5,10.2,True
SESS0009080,CUST00448,2026-01-11,Mobile App,20,20.1,False
SESS0009081,CUST00448,2025-10-01,Website - Mobile Browser,7,28.7,False
SESS0009082,CUST00448,2025-11-12,Mobile App,5,11.7,False
SESS0009083,CUST00448,2025-12-08,Mobile App,12,1.6,False
SESS0009084,CUST00448,2025-09-13,Website - Mobile Browser,10,16.9,False
SESS0009085,CUST00448,2026-02-15,Website - Mobile Browser,12,5.2,False
SESS0009086,CUST00448,2025-11-30,Website - Mobile Browser,6,10.1,False
SESS0009087,CUST00448,2025-11-18,Website - Desktop,11,28.6,False
SESS0009088,CUST00448,2025-10-28,Website - Mobile Browser,9,15.1,False
SESS0009089,CUST00448,2025-12-21,Mobile App,14,18.3,False
SESS0009090,CUST00448,2025-10-31,Website - Desktop,20,28.6,True
SESS0009091,CUST00448,2026-05-19,Website - Desktop,11,7.1,False
SESS0009092,CUST00448,2026-08-10,Website - Desktop,6,25.1,True
SESS0009093,CUST00448,2026-04-25,Mobile App,9,13.4,False
SESS0009094,CUST00448,2026-03-29,Website - Desktop,24,25.4,True
SESS0009095,CUST00448,2026-03-24,Website - Mobile Browser,16,12.0,False
SESS0009096,CUST00448,2026-07-21,Website - Mobile Browser,15,17.8,False
SESS0009097,CUST00448,2026-08-20,Website - Desktop,25,10.4,True
SESS0009098,CUST00448,2026-02-03,Mobile App,10,21.9,True
SESS0009099,CUST00448,2025-09-01,Mobile App,12,18.1,False
SESS0009100,CUST00448,2026-05-10,Mobile App,12,9.0,False
SESS0009101,CUST00448,2026-07-20,Mobile App,13,8.5,False
SESS0009102,CUST00448,2025-10-25,Website - Mobile Browser,21,27.8,True
SESS0009103,CUST00448,2026-01-29,Website - Mobile Browser,7,9.1,False
SESS0009104,CUST00448,2026-08-17,Website - Mobile Browser,20,14.8,False
SESS0009105,CUST00448,2026-04-21,Mobile App,4,13.1,True
SESS0009106,CUST00448,2025-09-05,Website - Desktop,11,7.4,False
SESS0009107,CUST00448,2026-02-11,Website - Mobile Browser,12,6.0,True
SESS0009108,CUST00449,2026-03-10,Website - Mobile Browser,22,9.9,False
SESS0009109,CUST00449,2026-06-21,Website - Desktop,1,3.3,True
SESS0009110,CUST00449,2026-03-19,Website - Mobile Browser,9,6.8,False
SESS0009111,CUST00449,2025-11-14,Website - Mobile Browser,2,21.3,False
SESS0009112,CUST00449,2025-10-17,Website - Mobile Browser,1,16.2,False
SESS0009113,CUST00449,2025-10-05,Website - Desktop,17,21.7,False
SESS0009114,CUST00449,2025-11-09,Website - Desktop,17,19.5,False
SESS0009115,CUST00449,2026-04-30,Website - Desktop,9,10.0,False
SESS0009116,CUST00449,2025-09-26,Website - Desktop,12,23.1,False
SESS0009117,CUST00449,2026-06-16,Website - Mobile Browser,25,23.0,False
SESS0009118,CUST00449,2026-04-17,Mobile App,12,22.1,False
SESS0009119,CUST00449,2025-10-19,Website - Mobile Browser,19,19.6,True
SESS0009120,CUST00449,2026-07-29,Website - Desktop,7,11.8,True
SESS0009121,CUST00449,2026-07-31,Website - Desktop,11,12.4,False
SESS0009122,CUST00449,2026-08-02,Website - Desktop,22,16.1,True
SESS0009123,CUST00449,2026-06-14,Website - Mobile Browser,15,15.9,False
SESS0009124,CUST00449,2025-12-05,Website - Desktop,16,27.8,False
SESS0009125,CUST00449,2026-05-06,Mobile App,2,22.9,True
SESS0009126,CUST00449,2026-05-29,Website - Mobile Browser,1,16.5,False
SESS0009127,CUST00449,2026-03-29,Website - Desktop,17,20.4,False
SESS0009128,CUST00449,2026-04-06,Website - Mobile Browser,9,11.5,True
SESS0009129,CUST00449,2026-07-13,Website - Mobile Browser,8,20.5,False
SESS0009130,CUST00449,2026-06-08,Website - Desktop,14,14.7,False
SESS0009131,CUST00449,2026-02-16,Website - Mobile Browser,19,18.7,True
SESS0009132,CUST00449,2025-11-05,Website - Desktop,6,6.9,False
SESS0009133,CUST00449,2025-10-24,Mobile App,1,21.9,False
SESS0009134,CUST00449,2026-08-13,Website - Mobile Browser,12,26.1,False
SESS0009135,CUST00449,2026-08-09,Mobile App,11,2.7,False
SESS0009136,CUST00449,2026-05-22,Website - Desktop,12,13.8,False
SESS0009137,CUST00449,2026-03-18,Mobile App,2,17.1,False
SESS0009138,CUST00449,2026-04-17,Mobile App,8,20.7,True
SESS0009139,CUST00449,2026-08-09,Website - Desktop,10,24.3,False
SESS0009140,CUST00449,2026-07-28,Mobile App,20,28.8,True
SESS0009141,CUST00449,2026-03-08,Website - Mobile Browser,22,9.0,False
SESS0009142,CUST00449,2026-06-20,Mobile App,14,15.0,False
SESS0009143,CUST00449,2026-07-02,Mobile App,13,17.3,False
SESS0009144,CUST00449,2026-08-12,Mobile App,23,22.0,False
SESS0009145,CUST00449,2026-07-28,Website - Mobile Browser,19,8.4,True
SESS0009146,CUST00449,2026-07-17,Mobile App,15,2.8,True
SESS0009147,CUST00449,2025-12-29,Mobile App,25,7.8,False
SESS0009148,CUST00450,2026-05-11,Website - Mobile Browser,15,3.5,False
SESS0009149,CUST00451,2026-05-26,Website - Mobile Browser,2,16.8,False
SESS0009150,CUST00451,2026-02-05,Website - Mobile Browser,8,14.5,False
SESS0009151,CUST00451,2026-07-09,Mobile App,14,24.2,False
SESS0009152,CUST00451,2026-01-02,Website - Desktop,12,18.5,False
SESS0009153,CUST00451,2026-02-27,Website - Desktop,2,3.0,True
SESS0009154,CUST00451,2026-07-26,Website - Desktop,21,18.5,False
SESS0009155,CUST00451,2026-03-20,Website - Desktop,16,9.1,True
SESS0009156,CUST00451,2026-02-01,Website - Mobile Browser,15,2.1,False
SESS0009157,CUST00451,2026-02-25,Mobile App,12,19.1,False
SESS0009158,CUST00451,2026-01-31,Website - Desktop,13,22.4,True
SESS0009159,CUST00451,2025-08-31,Mobile App,13,3.3,False
SESS0009160,CUST00451,2025-10-28,Website - Desktop,8,24.4,True
SESS0009161,CUST00451,2026-06-15,Website - Desktop,2,25.0,True
SESS0009162,CUST00451,2025-11-28,Mobile App,25,4.6,False
SESS0009163,CUST00451,2025-09-12,Mobile App,23,12.2,False
SESS0009164,CUST00451,2026-02-13,Website - Mobile Browser,2,9.9,False
SESS0009165,CUST00451,2026-02-13,Mobile App,4,27.7,False
SESS0009166,CUST00451,2025-09-29,Website - Mobile Browser,3,22.2,False
SESS0009167,CUST00451,2026-06-26,Website - Desktop,24,17.8,True
SESS0009168,CUST00451,2026-06-26,Website - Desktop,15,13.4,False
SESS0009169,CUST00451,2026-01-10,Website - Desktop,3,1.7,False
SESS0009170,CUST00451,2025-09-26,Website - Desktop,20,9.5,True
SESS0009171,CUST00451,2026-03-29,Website - Desktop,8,25.2,False
SESS0009172,CUST00451,2025-09-28,Website - Mobile Browser,5,11.2,False
SESS0009173,CUST00451,2026-04-17,Website - Desktop,25,4.5,False
SESS0009174,CUST00451,2025-09-26,Website - Mobile Browser,11,15.5,False
SESS0009175,CUST00451,2025-10-22,Website - Desktop,15,4.8,True
SESS0009176,CUST00451,2026-07-13,Website - Desktop,1,26.1,True
SESS0009177,CUST00451,2026-04-26,Website - Desktop,9,25.7,False
SESS0009178,CUST00452,2026-03-27,Website - Desktop,11,10.1,False
SESS0009179,CUST00452,2026-06-07,Website - Mobile Browser,9,27.7,True
SESS0009180,CUST00452,2026-03-30,Website - Mobile Browser,3,25.4,False
SESS0009181,CUST00452,2026-01-26,Mobile App,11,25.1,False
SESS0009182,CUST00452,2026-07-18,Website - Mobile Browser,2,10.3,False
SESS0009183,CUST00452,2025-10-20,Website - Desktop,20,25.2,False
SESS0009184,CUST00452,2026-05-15,Mobile App,10,4.7,False
SESS0009185,CUST00452,2026-01-15,Mobile App,14,6.9,False
SESS0009186,CUST00452,2026-08-01,Mobile App,8,3.9,False
SESS0009187,CUST00452,2026-04-25,Website - Desktop,10,15.3,False
SESS0009188,CUST00452,2026-06-28,Mobile App,22,28.9,True
SESS0009189,CUST00452,2026-04-23,Mobile App,1,12.3,False
SESS0009190,CUST00452,2025-09-14,Website - Mobile Browser,21,4.3,False
SESS0009191,CUST00452,2025-09-11,Website - Mobile Browser,14,13.8,False
SESS0009192,CUST00452,2026-01-01,Website - Desktop,9,9.6,False
SESS0009193,CUST00452,2026-05-10,Mobile App,17,22.5,False
SESS0009194,CUST00452,2025-11-28,Website - Desktop,7,18.6,True
SESS0009195,CUST00452,2026-06-07,Website - Desktop,20,13.3,True
SESS0009196,CUST00452,2026-06-07,Website - Mobile Browser,13,12.8,False
SESS0009197,CUST00452,2026-01-26,Website - Desktop,6,17.2,True
SESS0009198,CUST00452,2026-01-01,Mobile App,23,18.5,False
SESS0009199,CUST00452,2025-09-11,Website - Mobile Browser,10,25.4,False
SESS0009200,CUST00452,2026-07-16,Website - Mobile Browser,2,8.1,False
SESS0009201,CUST00452,2026-04-15,Mobile App,14,9.3,False
SESS0009202,CUST00452,2025-10-29,Website - Desktop,9,29.6,False
SESS0009203,CUST00452,2025-12-07,Website - Mobile Browser,17,25.5,False
SESS0009204,CUST00452,2026-07-14,Website - Desktop,12,14.3,False
SESS0009205,CUST00452,2026-05-02,Mobile App,8,20.8,False
SESS0009206,CUST00452,2026-03-15,Website - Desktop,4,10.7,False
SESS0009207,CUST00452,2025-12-24,Website - Desktop,17,22.5,True
SESS0009208,CUST00452,2026-01-09,Mobile App,17,27.3,False
SESS0009209,CUST00452,2025-10-04,Mobile App,5,28.1,False
SESS0009210,CUST00452,2026-07-28,Website - Desktop,25,11.6,False
SESS0009211,CUST00452,2026-03-24,Website - Desktop,25,22.1,False
SESS0009212,CUST00452,2026-07-02,Mobile App,16,25.9,False
SESS0009213,CUST00452,2026-04-21,Website - Desktop,14,20.8,False
SESS0009214,CUST00452,2026-04-14,Website - Desktop,21,2.2,False
SESS0009215,CUST00452,2025-10-31,Mobile App,24,1.3,False
SESS0009216,CUST00453,2026-06-28,Mobile App,13,12.8,False
SESS0009217,CUST00453,2026-08-04,Website - Mobile Browser,10,11.1,False
SESS0009218,CUST00453,2026-08-10,Website - Mobile Browser,18,5.6,False
SESS0009219,CUST00453,2026-07-08,Mobile App,8,9.5,False
SESS0009220,CUST00453,2026-05-05,Website - Mobile Browser,8,6.9,False
SESS0009221,CUST00453,2026-06-24,Website - Mobile Browser,6,29.6,False
SESS0009222,CUST00453,2026-05-20,Website - Mobile Browser,20,28.9,False
SESS0009223,CUST00453,2026-04-30,Website - Desktop,25,14.8,False
SESS0009224,CUST00453,2026-05-02,Website - Mobile Browser,21,4.9,True
SESS0009225,CUST00453,2026-06-24,Mobile App,23,18.6,True
SESS0009226,CUST00453,2026-03-27,Mobile App,8,24.4,False
SESS0009227,CUST00453,2026-05-31,Website - Desktop,3,23.9,True
SESS0009228,CUST00453,2026-05-10,Website - Desktop,22,14.0,False
SESS0009229,CUST00453,2026-04-02,Mobile App,10,26.4,True
SESS0009230,CUST00453,2026-03-25,Mobile App,12,22.6,False
SESS0009231,CUST00453,2026-06-16,Website - Mobile Browser,13,25.2,True
SESS0009232,CUST00453,2026-04-08,Website - Desktop,8,18.5,True
SESS0009233,CUST00453,2026-04-14,Mobile App,4,11.1,False
SESS0009234,CUST00453,2026-08-19,Website - Mobile Browser,13,10.5,False
SESS0009235,CUST00454,2026-01-02,Website - Desktop,7,27.0,False
SESS0009236,CUST00454,2026-05-27,Website - Mobile Browser,12,1.2,False
SESS0009237,CUST00454,2026-06-20,Website - Mobile Browser,20,22.7,False
SESS0009238,CUST00454,2026-01-20,Mobile App,12,2.4,False
SESS0009239,CUST00455,2026-05-29,Website - Mobile Browser,3,2.3,False
SESS0009240,CUST00455,2026-03-14,Website - Desktop,10,7.0,True
SESS0009241,CUST00455,2026-05-22,Website - Desktop,16,7.1,False
SESS0009242,CUST00455,2026-06-04,Website - Mobile Browser,13,10.4,False
SESS0009243,CUST00455,2026-07-14,Mobile App,15,19.5,False
SESS0009244,CUST00455,2026-03-31,Website - Mobile Browser,1,25.1,False
SESS0009245,CUST00455,2026-05-28,Website - Desktop,7,28.1,False
SESS0009246,CUST00455,2026-05-28,Website - Desktop,14,22.2,False
SESS0009247,CUST00455,2026-05-22,Mobile App,3,9.6,True
SESS0009248,CUST00455,2026-06-11,Mobile App,15,10.5,False
SESS0009249,CUST00455,2026-07-30,Website - Mobile Browser,16,29.8,False
SESS0009250,CUST00455,2026-03-16,Website - Desktop,6,13.2,False
SESS0009251,CUST00455,2026-04-07,Mobile App,19,7.0,False
SESS0009252,CUST00455,2026-05-18,Website - Mobile Browser,9,22.1,False
SESS0009253,CUST00455,2026-08-20,Website - Desktop,7,15.4,True
SESS0009254,CUST00455,2026-07-07,Website - Mobile Browser,17,26.2,True
SESS0009255,CUST00455,2026-05-11,Website - Desktop,10,21.4,True
SESS0009256,CUST00455,2026-06-04,Website - Mobile Browser,24,18.1,False
SESS0009257,CUST00455,2026-05-08,Website - Desktop,2,11.0,False
SESS0009258,CUST00455,2026-06-13,Website - Desktop,9,7.8,False
SESS0009259,CUST00455,2026-03-02,Website - Desktop,16,26.4,True
SESS0009260,CUST00455,2026-04-15,Website - Mobile Browser,19,14.8,False
SESS0009261,CUST00455,2026-03-30,Website - Mobile Browser,10,10.3,False
SESS0009262,CUST00455,2026-07-21,Website - Mobile Browser,18,28.3,False
SESS0009263,CUST00455,2026-06-06,Mobile App,10,10.5,False
SESS0009264,CUST00455,2026-07-08,Mobile App,24,19.7,False
SESS0009265,CUST00455,2026-07-02,Mobile App,1,0.8,False
SESS0009266,CUST00455,2026-04-25,Website - Mobile Browser,20,12.3,True
SESS0009267,CUST00455,2026-07-08,Website - Desktop,15,16.0,False
SESS0009268,CUST00455,2026-06-09,Website - Desktop,7,17.2,False
SESS0009269,CUST00455,2026-07-18,Mobile App,24,10.7,False
SESS0009270,CUST00455,2026-08-21,Website - Mobile Browser,13,11.8,True
SESS0009271,CUST00455,2026-07-29,Website - Mobile Browser,14,18.0,False
SESS0009272,CUST00455,2026-06-30,Mobile App,8,17.2,False
SESS0009273,CUST00455,2026-03-10,Website - Mobile Browser,1,1.5,False
SESS0009274,CUST00455,2026-03-30,Mobile App,21,10.7,False
SESS0009275,CUST00455,2026-07-01,Mobile App,20,10.4,False
SESS0009276,CUST00455,2026-08-02,Website - Mobile Browser,12,12.3,True
SESS0009277,CUST00456,2025-12-28,Website - Mobile Browser,24,6.9,True
SESS0009278,CUST00456,2026-08-15,Website - Desktop,6,9.7,False
SESS0009279,CUST00456,2025-09-11,Website - Desktop,2,4.1,False
SESS0009280,CUST00456,2025-11-26,Website - Mobile Browser,4,2.3,False
SESS0009281,CUST00456,2026-03-15,Website - Desktop,8,20.2,False
SESS0009282,CUST00456,2025-09-29,Mobile App,14,4.7,False
SESS0009283,CUST00456,2025-12-24,Website - Mobile Browser,21,5.7,False
SESS0009284,CUST00456,2026-06-21,Website - Desktop,14,17.6,False
SESS0009285,CUST00456,2025-09-03,Website - Mobile Browser,16,26.6,False
SESS0009286,CUST00456,2025-10-25,Website - Desktop,3,7.3,False
SESS0009287,CUST00456,2026-07-19,Website - Mobile Browser,7,10.8,False
SESS0009288,CUST00456,2025-12-05,Website - Mobile Browser,22,17.7,False
SESS0009289,CUST00456,2025-12-13,Website - Desktop,9,16.4,False
SESS0009290,CUST00456,2025-10-18,Mobile App,11,13.3,False
SESS0009291,CUST00456,2025-10-10,Website - Desktop,7,18.5,False
SESS0009292,CUST00456,2025-10-01,Mobile App,22,23.5,False
SESS0009293,CUST00456,2025-12-19,Website - Desktop,3,23.1,True
SESS0009294,CUST00456,2025-09-07,Website - Mobile Browser,20,4.7,False
SESS0009295,CUST00456,2025-11-04,Website - Mobile Browser,18,20.0,False
SESS0009296,CUST00456,2025-12-09,Website - Mobile Browser,10,5.0,False
SESS0009297,CUST00456,2025-09-06,Website - Desktop,11,3.5,False
SESS0009298,CUST00456,2026-03-19,Website - Mobile Browser,15,23.8,True
SESS0009299,CUST00456,2026-01-18,Website - Mobile Browser,15,25.9,False
SESS0009300,CUST00456,2025-09-18,Website - Desktop,2,24.9,False
SESS0009301,CUST00456,2026-05-26,Website - Mobile Browser,4,20.7,False
SESS0009302,CUST00456,2026-02-17,Website - Mobile Browser,18,9.8,False
SESS0009303,CUST00456,2026-07-21,Website - Desktop,17,10.2,False
SESS0009304,CUST00456,2026-05-23,Website - Desktop,3,12.9,False
SESS0009305,CUST00456,2026-06-01,Mobile App,7,3.4,False
SESS0009306,CUST00456,2025-10-11,Mobile App,11,11.8,False
SESS0009307,CUST00456,2025-11-28,Website - Mobile Browser,11,9.7,True
SESS0009308,CUST00457,2026-03-08,Website - Mobile Browser,5,3.4,True
SESS0009309,CUST00457,2026-05-25,Website - Mobile Browser,23,19.9,True
SESS0009310,CUST00457,2026-04-10,Mobile App,25,29.3,False
SESS0009311,CUST00457,2026-03-11,Mobile App,22,11.4,True
SESS0009312,CUST00457,2026-08-06,Website - Desktop,6,4.8,False
SESS0009313,CUST00457,2026-05-16,Website - Desktop,12,12.3,True
SESS0009314,CUST00457,2026-07-04,Mobile App,15,22.2,False
SESS0009315,CUST00457,2026-02-09,Website - Mobile Browser,17,28.7,True
SESS0009316,CUST00457,2026-03-13,Website - Mobile Browser,10,15.6,False
SESS0009317,CUST00457,2025-09-30,Website - Desktop,10,27.8,True
SESS0009318,CUST00457,2025-09-24,Mobile App,15,19.5,False
SESS0009319,CUST00457,2025-12-02,Website - Mobile Browser,25,27.0,False
SESS0009320,CUST00457,2026-03-01,Website - Desktop,16,27.6,True
SESS0009321,CUST00457,2026-08-20,Website - Desktop,14,24.7,False
SESS0009322,CUST00457,2026-06-06,Website - Desktop,4,15.3,True
SESS0009323,CUST00457,2026-06-25,Mobile App,7,22.9,False
SESS0009324,CUST00457,2026-04-08,Mobile App,8,21.3,True
SESS0009325,CUST00457,2026-07-23,Website - Desktop,15,22.2,False
SESS0009326,CUST00457,2026-04-09,Website - Mobile Browser,13,12.4,True
SESS0009327,CUST00457,2026-08-02,Mobile App,6,24.9,False
SESS0009328,CUST00457,2026-03-11,Mobile App,15,21.7,False
SESS0009329,CUST00457,2026-04-05,Website - Desktop,2,28.1,False
SESS0009330,CUST00457,2026-03-08,Website - Mobile Browser,12,1.1,False
SESS0009331,CUST00457,2026-06-12,Website - Mobile Browser,5,13.1,False
SESS0009332,CUST00458,2025-11-24,Website - Mobile Browser,20,12.6,False
SESS0009333,CUST00458,2026-08-13,Website - Mobile Browser,7,4.5,False
SESS0009334,CUST00458,2026-01-16,Website - Desktop,16,8.5,True
SESS0009335,CUST00458,2026-04-06,Website - Mobile Browser,9,2.4,False
SESS0009336,CUST00458,2026-02-01,Mobile App,22,22.7,False
SESS0009337,CUST00458,2026-07-27,Website - Mobile Browser,14,15.9,False
SESS0009338,CUST00458,2026-01-11,Mobile App,11,17.7,False
SESS0009339,CUST00458,2025-12-17,Mobile App,1,0.7,True
SESS0009340,CUST00458,2026-07-14,Website - Mobile Browser,22,5.1,False
SESS0009341,CUST00458,2025-09-28,Website - Desktop,4,11.9,True
SESS0009342,CUST00458,2025-12-27,Website - Mobile Browser,4,18.0,False
SESS0009343,CUST00458,2025-11-29,Website - Mobile Browser,21,19.4,False
SESS0009344,CUST00458,2025-12-17,Website - Mobile Browser,4,15.4,False
SESS0009345,CUST00458,2026-04-21,Mobile App,18,25.3,True
SESS0009346,CUST00458,2025-10-05,Website - Mobile Browser,18,14.6,False
SESS0009347,CUST00458,2026-04-04,Mobile App,14,10.3,True
SESS0009348,CUST00458,2026-05-14,Website - Mobile Browser,3,14.2,False
SESS0009349,CUST00458,2026-04-28,Website - Desktop,24,0.7,False
SESS0009350,CUST00458,2025-09-17,Website - Mobile Browser,14,21.5,False
SESS0009351,CUST00458,2026-05-01,Website - Desktop,24,4.2,False
SESS0009352,CUST00458,2026-02-14,Website - Desktop,20,23.6,False
SESS0009353,CUST00458,2026-01-04,Website - Mobile Browser,17,18.6,True
SESS0009354,CUST00458,2026-05-04,Mobile App,13,26.2,False
SESS0009355,CUST00458,2026-01-11,Website - Mobile Browser,3,14.9,False
SESS0009356,CUST00458,2026-05-04,Mobile App,7,3.0,False
SESS0009357,CUST00458,2025-12-31,Website - Desktop,10,17.3,True
SESS0009358,CUST00459,2025-09-21,Mobile App,23,29.2,False
SESS0009359,CUST00459,2025-09-24,Website - Mobile Browser,14,24.1,False
SESS0009360,CUST00459,2026-04-29,Website - Desktop,11,18.7,False
SESS0009361,CUST00459,2025-09-18,Website - Desktop,22,11.4,True
SESS0009362,CUST00459,2026-06-22,Website - Mobile Browser,5,10.0,False
SESS0009363,CUST00459,2026-03-08,Website - Desktop,21,23.3,True
SESS0009364,CUST00459,2026-05-31,Mobile App,20,3.7,True
SESS0009365,CUST00459,2026-06-13,Mobile App,25,10.2,False
SESS0009366,CUST00459,2025-11-09,Mobile App,14,5.6,True
SESS0009367,CUST00459,2025-12-18,Website - Mobile Browser,7,9.0,False
SESS0009368,CUST00459,2026-01-21,Website - Desktop,1,6.0,False
SESS0009369,CUST00459,2026-05-09,Mobile App,23,14.5,False
SESS0009370,CUST00459,2025-10-11,Website - Desktop,21,28.9,False
SESS0009371,CUST00459,2026-02-28,Website - Desktop,10,19.5,False
SESS0009372,CUST00459,2025-11-28,Website - Mobile Browser,11,9.5,False
SESS0009373,CUST00459,2026-01-08,Mobile App,4,15.7,False
SESS0009374,CUST00459,2025-09-16,Website - Desktop,7,18.6,False
SESS0009375,CUST00459,2026-02-17,Mobile App,4,22.9,False
SESS0009376,CUST00459,2025-09-13,Website - Desktop,17,16.5,False
SESS0009377,CUST00459,2026-03-28,Website - Desktop,9,24.7,False
SESS0009378,CUST00460,2026-04-18,Mobile App,7,23.2,False
SESS0009379,CUST00460,2025-12-13,Mobile App,10,23.0,False
SESS0009380,CUST00460,2025-10-14,Mobile App,18,21.3,False
SESS0009381,CUST00460,2026-03-05,Website - Mobile Browser,14,18.8,False
SESS0009382,CUST00460,2026-03-23,Website - Mobile Browser,24,7.0,False
SESS0009383,CUST00460,2025-10-30,Website - Desktop,10,14.6,False
SESS0009384,CUST00460,2025-12-10,Mobile App,10,3.1,False
SESS0009385,CUST00460,2026-01-09,Mobile App,21,24.1,False
SESS0009386,CUST00460,2026-01-09,Website - Mobile Browser,8,8.3,False
SESS0009387,CUST00460,2026-07-04,Mobile App,14,11.4,False
SESS0009388,CUST00460,2026-06-05,Mobile App,20,22.0,False
SESS0009389,CUST00460,2026-05-20,Website - Mobile Browser,15,12.9,False
SESS0009390,CUST00460,2026-03-15,Website - Desktop,25,5.1,False
SESS0009391,CUST00460,2026-01-30,Mobile App,14,24.6,False
SESS0009392,CUST00460,2026-02-22,Mobile App,20,7.4,False
SESS0009393,CUST00460,2025-09-14,Website - Desktop,22,14.9,False
SESS0009394,CUST00460,2026-06-07,Mobile App,2,25.9,False
SESS0009395,CUST00460,2025-11-29,Website - Mobile Browser,18,7.9,False
SESS0009396,CUST00460,2025-09-01,Mobile App,24,23.3,True
SESS0009397,CUST00460,2026-06-07,Mobile App,23,2.1,True
SESS0009398,CUST00460,2025-12-16,Website - Mobile Browser,9,1.5,False
SESS0009399,CUST00460,2026-01-26,Website - Desktop,24,22.8,True
SESS0009400,CUST00461,2026-05-07,Website - Desktop,7,20.8,False
SESS0009401,CUST00461,2026-07-12,Mobile App,7,2.9,True
SESS0009402,CUST00461,2026-05-03,Website - Desktop,13,8.8,False
SESS0009403,CUST00461,2026-08-03,Website - Desktop,4,25.4,False
SESS0009404,CUST00461,2026-06-10,Website - Desktop,16,15.5,False
SESS0009405,CUST00461,2026-07-16,Website - Mobile Browser,21,18.9,False
SESS0009406,CUST00461,2026-04-27,Website - Mobile Browser,10,10.8,False
SESS0009407,CUST00462,2025-12-19,Website - Mobile Browser,24,26.4,False
SESS0009408,CUST00462,2025-11-14,Website - Mobile Browser,16,3.0,False
SESS0009409,CUST00462,2026-06-04,Website - Mobile Browser,3,14.0,False
SESS0009410,CUST00462,2026-06-12,Website - Desktop,14,2.5,False
SESS0009411,CUST00462,2025-09-06,Mobile App,13,17.9,False
SESS0009412,CUST00462,2025-10-13,Mobile App,8,19.3,False
SESS0009413,CUST00462,2026-07-01,Website - Desktop,4,1.1,False
SESS0009414,CUST00462,2026-01-07,Website - Mobile Browser,25,22.2,True
SESS0009415,CUST00462,2026-06-10,Mobile App,25,15.0,False
SESS0009416,CUST00462,2026-07-08,Website - Desktop,13,15.8,False
SESS0009417,CUST00462,2026-06-04,Website - Mobile Browser,20,17.4,False
SESS0009418,CUST00462,2026-06-30,Mobile App,1,7.3,False
SESS0009419,CUST00462,2025-11-01,Website - Desktop,2,19.4,False
SESS0009420,CUST00462,2026-01-24,Website - Desktop,5,8.2,True
SESS0009421,CUST00462,2026-05-06,Mobile App,2,22.2,False
SESS0009422,CUST00462,2025-09-15,Website - Desktop,4,30.0,False
SESS0009423,CUST00462,2026-01-16,Website - Desktop,6,25.3,False
SESS0009424,CUST00462,2025-12-25,Website - Desktop,16,13.4,False
SESS0009425,CUST00462,2026-04-02,Website - Mobile Browser,25,17.3,False
SESS0009426,CUST00462,2025-11-17,Mobile App,1,16.4,False
SESS0009427,CUST00462,2025-09-15,Website - Mobile Browser,22,17.2,False
SESS0009428,CUST00462,2026-05-04,Website - Mobile Browser,16,2.1,False
SESS0009429,CUST00462,2026-04-27,Mobile App,17,28.7,False
SESS0009430,CUST00462,2025-10-23,Website - Desktop,3,4.7,False
SESS0009431,CUST00462,2025-11-02,Website - Desktop,14,15.0,True
SESS0009432,CUST00462,2025-10-28,Website - Mobile Browser,7,10.4,False
SESS0009433,CUST00462,2025-12-10,Website - Desktop,25,2.5,False
SESS0009434,CUST00462,2026-08-08,Mobile App,4,10.7,True
SESS0009435,CUST00462,2026-06-10,Website - Mobile Browser,17,19.0,False
SESS0009436,CUST00462,2026-01-28,Website - Desktop,18,24.8,False
SESS0009437,CUST00462,2026-07-10,Website - Mobile Browser,23,26.1,False
SESS0009438,CUST00463,2026-05-03,Mobile App,2,1.4,False
SESS0009439,CUST00463,2026-02-13,Website - Mobile Browser,2,9.7,False
SESS0009440,CUST00463,2026-01-18,Mobile App,6,8.8,False
SESS0009441,CUST00463,2026-05-28,Website - Desktop,2,6.8,False
SESS0009442,CUST00464,2026-04-20,Mobile App,16,21.8,True
SESS0009443,CUST00464,2026-02-07,Mobile App,10,24.6,True
SESS0009444,CUST00464,2025-11-08,Mobile App,10,26.6,False
SESS0009445,CUST00464,2025-12-01,Website - Mobile Browser,19,27.0,False
SESS0009446,CUST00464,2026-05-20,Website - Desktop,6,25.4,False
SESS0009447,CUST00464,2025-11-06,Website - Desktop,20,25.7,False
SESS0009448,CUST00464,2026-02-02,Website - Mobile Browser,24,28.5,False
SESS0009449,CUST00464,2026-08-13,Website - Mobile Browser,20,5.7,True
SESS0009450,CUST00464,2026-03-16,Mobile App,16,4.5,False
SESS0009451,CUST00464,2026-08-08,Website - Mobile Browser,25,4.4,False
SESS0009452,CUST00464,2026-03-25,Mobile App,16,23.1,False
SESS0009453,CUST00465,2026-05-08,Website - Mobile Browser,19,12.9,True
SESS0009454,CUST00465,2026-04-10,Mobile App,9,20.8,False
SESS0009455,CUST00465,2026-01-29,Website - Mobile Browser,9,17.8,False
SESS0009456,CUST00465,2026-06-30,Website - Mobile Browser,14,21.1,False
SESS0009457,CUST00465,2026-08-17,Website - Desktop,3,18.5,False
SESS0009458,CUST00465,2026-01-19,Website - Desktop,3,8.7,False
SESS0009459,CUST00465,2026-04-29,Website - Desktop,11,27.8,False
SESS0009460,CUST00465,2026-05-08,Website - Mobile Browser,14,23.5,False
SESS0009461,CUST00465,2026-04-12,Mobile App,15,15.6,False
SESS0009462,CUST00465,2026-06-19,Website - Desktop,15,3.3,False
SESS0009463,CUST00465,2026-08-20,Website - Desktop,4,5.7,False
SESS0009464,CUST00465,2026-02-12,Website - Mobile Browser,7,25.7,False
SESS0009465,CUST00465,2026-07-25,Website - Mobile Browser,3,15.0,False
SESS0009466,CUST00465,2026-02-22,Website - Desktop,1,20.1,False
SESS0009467,CUST00465,2026-05-25,Website - Desktop,21,0.8,True
SESS0009468,CUST00465,2026-08-09,Website - Mobile Browser,15,17.5,False
SESS0009469,CUST00465,2026-04-22,Mobile App,24,8.7,False
SESS0009470,CUST00465,2026-07-06,Website - Desktop,17,29.7,False
SESS0009471,CUST00465,2026-01-18,Mobile App,1,21.1,True
SESS0009472,CUST00465,2026-07-09,Website - Mobile Browser,18,15.2,False
SESS0009473,CUST00465,2026-04-23,Mobile App,14,29.6,False
SESS0009474,CUST00465,2026-08-20,Website - Desktop,11,25.1,False
SESS0009475,CUST00465,2026-04-15,Website - Mobile Browser,3,19.9,False
SESS0009476,CUST00465,2026-03-14,Website - Desktop,18,19.5,False
SESS0009477,CUST00465,2026-02-20,Website - Desktop,20,19.7,False
SESS0009478,CUST00465,2026-07-12,Website - Desktop,20,21.5,False
SESS0009479,CUST00465,2026-02-01,Mobile App,7,21.8,True
SESS0009480,CUST00465,2026-06-24,Website - Desktop,18,25.8,False
SESS0009481,CUST00465,2026-08-04,Website - Desktop,1,19.6,True
SESS0009482,CUST00465,2026-01-27,Website - Desktop,12,29.1,False
SESS0009483,CUST00465,2026-05-11,Website - Desktop,18,11.4,False
SESS0009484,CUST00466,2025-11-17,Website - Desktop,23,21.0,False
SESS0009485,CUST00466,2026-05-27,Website - Desktop,7,0.6,True
SESS0009486,CUST00466,2026-02-15,Website - Mobile Browser,14,9.0,True
SESS0009487,CUST00466,2025-11-17,Website - Mobile Browser,4,7.1,True
SESS0009488,CUST00466,2025-12-29,Website - Desktop,15,11.4,False
SESS0009489,CUST00466,2026-03-26,Mobile App,6,12.9,False
SESS0009490,CUST00466,2026-01-12,Mobile App,23,24.0,False
SESS0009491,CUST00466,2026-05-24,Mobile App,19,8.8,False
SESS0009492,CUST00466,2025-09-13,Website - Desktop,24,19.6,False
SESS0009493,CUST00466,2026-03-14,Mobile App,10,23.2,True
SESS0009494,CUST00466,2026-08-12,Website - Desktop,14,5.7,False
SESS0009495,CUST00466,2026-04-12,Website - Desktop,16,13.4,True
SESS0009496,CUST00466,2026-01-06,Website - Mobile Browser,5,24.3,False
SESS0009497,CUST00466,2025-11-30,Mobile App,16,28.9,True
SESS0009498,CUST00466,2026-02-28,Mobile App,9,9.8,False
SESS0009499,CUST00466,2025-12-16,Website - Mobile Browser,17,20.5,False
SESS0009500,CUST00466,2025-10-10,Mobile App,21,14.1,False
SESS0009501,CUST00466,2026-03-15,Website - Mobile Browser,20,25.2,False
SESS0009502,CUST00466,2026-05-24,Website - Mobile Browser,8,19.9,False
SESS0009503,CUST00466,2026-02-24,Website - Mobile Browser,8,22.8,False
SESS0009504,CUST00467,2026-07-09,Mobile App,17,6.3,True
SESS0009505,CUST00467,2026-01-04,Website - Desktop,14,16.8,True
SESS0009506,CUST00467,2026-05-24,Website - Mobile Browser,13,15.9,False
SESS0009507,CUST00467,2026-08-04,Mobile App,12,15.6,False
SESS0009508,CUST00467,2025-09-12,Mobile App,18,26.2,False
SESS0009509,CUST00467,2026-04-27,Website - Mobile Browser,4,27.4,False
SESS0009510,CUST00467,2026-01-28,Mobile App,24,4.7,False
SESS0009511,CUST00467,2025-12-14,Website - Desktop,21,18.3,False
SESS0009512,CUST00467,2026-01-06,Website - Mobile Browser,8,14.7,False
SESS0009513,CUST00467,2026-04-18,Mobile App,24,19.1,True
SESS0009514,CUST00467,2025-12-26,Website - Mobile Browser,20,15.9,False
SESS0009515,CUST00467,2025-10-18,Website - Mobile Browser,9,27.7,False
SESS0009516,CUST00468,2025-11-05,Website - Mobile Browser,7,27.9,False
SESS0009517,CUST00469,2026-07-09,Website - Mobile Browser,25,18.7,False
SESS0009518,CUST00469,2025-10-06,Website - Mobile Browser,13,14.2,False
SESS0009519,CUST00469,2026-08-02,Mobile App,14,20.0,False
SESS0009520,CUST00469,2025-10-21,Website - Mobile Browser,3,27.0,False
SESS0009521,CUST00469,2026-05-10,Website - Desktop,15,22.4,False
SESS0009522,CUST00469,2026-02-04,Website - Mobile Browser,14,28.9,False
SESS0009523,CUST00469,2026-05-31,Mobile App,23,18.3,True
SESS0009524,CUST00469,2026-04-05,Mobile App,20,1.8,False
SESS0009525,CUST00469,2026-05-19,Website - Desktop,9,27.3,False
SESS0009526,CUST00469,2026-08-13,Website - Mobile Browser,19,7.2,True
SESS0009527,CUST00469,2026-04-29,Mobile App,23,14.8,True
SESS0009528,CUST00470,2026-04-07,Mobile App,9,4.6,True
SESS0009529,CUST00470,2026-06-16,Website - Mobile Browser,8,7.6,False
SESS0009530,CUST00470,2025-09-26,Website - Mobile Browser,23,14.4,True
SESS0009531,CUST00470,2026-01-31,Website - Desktop,4,16.1,False
SESS0009532,CUST00470,2026-06-01,Website - Mobile Browser,4,18.6,False
SESS0009533,CUST00470,2026-05-29,Website - Desktop,3,6.7,False
SESS0009534,CUST00470,2025-11-22,Mobile App,13,7.5,False
SESS0009535,CUST00470,2025-12-10,Website - Desktop,6,8.3,False
SESS0009536,CUST00470,2026-04-14,Mobile App,20,16.7,False
SESS0009537,CUST00470,2026-05-21,Mobile App,13,20.0,False
SESS0009538,CUST00470,2026-02-19,Mobile App,1,14.2,False
SESS0009539,CUST00470,2025-09-07,Website - Mobile Browser,23,9.3,False
SESS0009540,CUST00470,2026-07-05,Website - Mobile Browser,23,21.0,False
SESS0009541,CUST00470,2026-03-14,Mobile App,1,17.6,False
SESS0009542,CUST00470,2026-01-10,Website - Mobile Browser,14,13.3,False
SESS0009543,CUST00470,2025-10-27,Website - Mobile Browser,19,5.3,False
SESS0009544,CUST00470,2025-09-22,Website - Desktop,21,24.0,False
SESS0009545,CUST00470,2026-02-13,Website - Mobile Browser,1,27.9,True
SESS0009546,CUST00470,2026-05-11,Website - Desktop,20,1.3,False
SESS0009547,CUST00470,2026-04-19,Website - Desktop,24,7.1,False
SESS0009548,CUST00470,2025-09-17,Website - Desktop,12,8.6,False
SESS0009549,CUST00470,2026-06-27,Website - Desktop,8,29.7,False
SESS0009550,CUST00470,2026-04-02,Website - Mobile Browser,19,12.1,False
SESS0009551,CUST00470,2026-01-13,Website - Desktop,16,21.8,False
SESS0009552,CUST00470,2025-11-23,Website - Mobile Browser,15,14.0,True
SESS0009553,CUST00470,2025-09-11,Mobile App,23,13.2,False
SESS0009554,CUST00470,2025-12-23,Website - Desktop,24,20.4,False
SESS0009555,CUST00471,2026-04-12,Mobile App,8,28.5,True
SESS0009556,CUST00471,2025-09-07,Website - Desktop,1,4.5,False
SESS0009557,CUST00471,2026-04-03,Website - Mobile Browser,2,25.8,False
SESS0009558,CUST00471,2026-06-08,Website - Desktop,20,14.4,False
SESS0009559,CUST00471,2025-11-17,Website - Desktop,23,17.1,False
SESS0009560,CUST00471,2026-05-12,Website - Mobile Browser,2,27.0,True
SESS0009561,CUST00471,2026-02-24,Website - Desktop,8,26.2,False
SESS0009562,CUST00471,2025-10-18,Website - Mobile Browser,22,0.8,False
SESS0009563,CUST00471,2026-04-08,Website - Mobile Browser,3,5.1,False
SESS0009564,CUST00471,2025-11-17,Mobile App,16,10.6,True
SESS0009565,CUST00471,2026-06-28,Mobile App,13,18.6,False
SESS0009566,CUST00471,2026-07-10,Website - Mobile Browser,22,2.9,False
SESS0009567,CUST00471,2025-08-31,Website - Mobile Browser,12,27.9,True
SESS0009568,CUST00471,2026-07-01,Website - Mobile Browser,22,5.1,True
SESS0009569,CUST00471,2026-07-03,Website - Desktop,9,9.9,False
SESS0009570,CUST00471,2026-06-06,Website - Desktop,6,6.8,True
SESS0009571,CUST00471,2026-05-20,Website - Desktop,24,29.2,False
SESS0009572,CUST00471,2026-02-28,Website - Desktop,9,23.1,True
SESS0009573,CUST00471,2026-05-11,Website - Mobile Browser,19,11.5,True
SESS0009574,CUST00471,2026-01-16,Website - Desktop,13,17.1,True
SESS0009575,CUST00472,2026-02-13,Mobile App,18,2.8,False
SESS0009576,CUST00472,2025-12-08,Website - Desktop,19,27.4,False
SESS0009577,CUST00472,2026-07-18,Website - Desktop,24,19.9,False
SESS0009578,CUST00473,2026-07-29,Website - Desktop,23,2.4,False
SESS0009579,CUST00473,2026-05-17,Mobile App,14,27.2,False
SESS0009580,CUST00473,2026-04-22,Mobile App,5,15.8,False
SESS0009581,CUST00473,2026-05-04,Mobile App,23,24.3,False
SESS0009582,CUST00473,2026-08-09,Mobile App,15,24.9,False
SESS0009583,CUST00473,2026-08-15,Website - Mobile Browser,13,17.5,False
SESS0009584,CUST00473,2026-05-05,Website - Mobile Browser,5,2.5,False
SESS0009585,CUST00473,2026-05-29,Website - Mobile Browser,15,26.7,False
SESS0009586,CUST00473,2026-07-27,Website - Mobile Browser,20,22.9,False
SESS0009587,CUST00473,2026-04-27,Website - Desktop,5,15.4,False
SESS0009588,CUST00473,2026-06-14,Mobile App,1,23.5,True
SESS0009589,CUST00473,2026-05-20,Website - Desktop,2,11.1,True
SESS0009590,CUST00473,2026-04-06,Website - Desktop,2,10.0,False
SESS0009591,CUST00473,2026-06-24,Website - Mobile Browser,7,22.4,False
SESS0009592,CUST00473,2026-04-28,Mobile App,21,12.5,False
SESS0009593,CUST00473,2026-07-09,Website - Mobile Browser,18,10.9,False
SESS0009594,CUST00473,2026-06-17,Website - Mobile Browser,14,10.1,False
SESS0009595,CUST00473,2026-03-30,Website - Mobile Browser,3,16.7,False
SESS0009596,CUST00473,2026-07-06,Mobile App,20,26.3,False
SESS0009597,CUST00473,2026-07-17,Website - Desktop,12,29.7,False
SESS0009598,CUST00473,2026-07-23,Website - Mobile Browser,25,6.0,False
SESS0009599,CUST00473,2026-07-04,Mobile App,22,28.6,False
SESS0009600,CUST00473,2026-05-02,Website - Desktop,10,16.1,True
SESS0009601,CUST00473,2026-06-23,Website - Desktop,13,5.0,True
SESS0009602,CUST00473,2026-04-18,Website - Mobile Browser,2,25.1,False
SESS0009603,CUST00473,2026-06-03,Mobile App,19,19.6,False
SESS0009604,CUST00473,2026-06-09,Website - Mobile Browser,13,26.2,False
SESS0009605,CUST00473,2026-07-03,Mobile App,5,25.3,False
SESS0009606,CUST00473,2026-08-03,Website - Mobile Browser,25,21.9,False
SESS0009607,CUST00473,2026-07-14,Mobile App,14,12.1,False
SESS0009608,CUST00473,2026-07-24,Website - Desktop,14,25.2,False
SESS0009609,CUST00473,2026-06-19,Website - Desktop,1,29.5,False
SESS0009610,CUST00473,2026-05-29,Website - Mobile Browser,12,19.5,False
SESS0009611,CUST00473,2026-06-22,Website - Desktop,11,14.8,False
SESS0009612,CUST00473,2026-06-11,Mobile App,16,17.4,False
SESS0009613,CUST00473,2026-04-19,Website - Mobile Browser,4,27.8,False
SESS0009614,CUST00473,2026-08-05,Website - Desktop,8,14.1,False
SESS0009615,CUST00473,2026-07-07,Website - Mobile Browser,2,21.3,False
SESS0009616,CUST00474,2025-09-17,Mobile App,23,23.8,False
SESS0009617,CUST00474,2026-08-19,Website - Mobile Browser,13,24.3,True
SESS0009618,CUST00474,2025-12-18,Mobile App,1,4.6,False
SESS0009619,CUST00474,2026-03-23,Website - Desktop,16,2.6,False
SESS0009620,CUST00474,2025-10-13,Website - Desktop,6,7.9,False
SESS0009621,CUST00474,2026-02-15,Mobile App,3,3.5,False
SESS0009622,CUST00474,2025-12-03,Website - Mobile Browser,2,4.4,False
SESS0009623,CUST00474,2026-02-04,Website - Mobile Browser,5,7.4,False
SESS0009624,CUST00474,2025-10-15,Website - Mobile Browser,18,3.7,True
SESS0009625,CUST00475,2026-01-09,Mobile App,20,27.2,False
SESS0009626,CUST00475,2025-09-09,Mobile App,9,11.4,True
SESS0009627,CUST00475,2025-09-28,Website - Desktop,18,27.7,False
SESS0009628,CUST00475,2026-05-16,Mobile App,10,11.9,False
SESS0009629,CUST00475,2026-03-30,Website - Mobile Browser,6,15.7,False
SESS0009630,CUST00475,2026-05-23,Mobile App,12,12.8,False
SESS0009631,CUST00475,2026-01-11,Website - Mobile Browser,13,12.7,False
SESS0009632,CUST00475,2025-11-25,Website - Mobile Browser,22,28.8,False
SESS0009633,CUST00475,2025-12-01,Mobile App,2,2.0,False
SESS0009634,CUST00475,2026-07-18,Website - Mobile Browser,19,19.9,False
SESS0009635,CUST00475,2026-06-22,Website - Mobile Browser,25,6.8,True
SESS0009636,CUST00475,2026-04-17,Website - Desktop,12,26.0,True
SESS0009637,CUST00475,2026-03-28,Mobile App,11,8.5,False
SESS0009638,CUST00475,2025-10-24,Website - Mobile Browser,24,24.2,False
SESS0009639,CUST00475,2025-11-19,Website - Mobile Browser,4,17.0,True
SESS0009640,CUST00476,2026-03-19,Website - Desktop,20,29.0,False
SESS0009641,CUST00476,2025-10-03,Website - Desktop,20,27.8,False
SESS0009642,CUST00476,2026-08-13,Website - Desktop,17,29.4,False
SESS0009643,CUST00476,2026-08-16,Mobile App,12,20.3,False
SESS0009644,CUST00476,2026-04-21,Mobile App,10,8.5,False
SESS0009645,CUST00476,2026-02-22,Website - Mobile Browser,22,18.0,False
SESS0009646,CUST00476,2026-01-15,Website - Desktop,3,1.5,False
SESS0009647,CUST00476,2026-06-17,Website - Desktop,12,12.7,True
SESS0009648,CUST00476,2026-08-01,Website - Desktop,13,13.1,False
SESS0009649,CUST00476,2026-03-18,Website - Desktop,11,20.2,False
SESS0009650,CUST00476,2026-08-16,Website - Mobile Browser,22,12.3,False
SESS0009651,CUST00476,2026-03-01,Website - Desktop,14,13.3,False
SESS0009652,CUST00476,2026-02-28,Website - Desktop,20,18.2,True
SESS0009653,CUST00476,2025-09-13,Mobile App,9,8.8,False
SESS0009654,CUST00476,2026-03-23,Mobile App,8,26.9,False
SESS0009655,CUST00476,2026-07-25,Website - Desktop,6,5.9,False
SESS0009656,CUST00476,2025-10-26,Website - Desktop,17,25.5,False
SESS0009657,CUST00476,2025-10-09,Mobile App,17,19.6,True
SESS0009658,CUST00476,2026-06-16,Website - Desktop,6,16.7,False
SESS0009659,CUST00476,2025-09-01,Mobile App,23,10.4,False
SESS0009660,CUST00476,2025-11-17,Website - Mobile Browser,12,22.7,True
SESS0009661,CUST00476,2026-07-13,Website - Mobile Browser,12,2.9,True
SESS0009662,CUST00476,2025-09-01,Website - Mobile Browser,7,10.7,True
SESS0009663,CUST00476,2026-05-02,Mobile App,15,27.0,True
SESS0009664,CUST00476,2026-01-12,Website - Mobile Browser,10,14.5,False
SESS0009665,CUST00476,2026-01-30,Website - Desktop,19,23.8,False
SESS0009666,CUST00476,2025-10-07,Website - Mobile Browser,6,7.2,False
SESS0009667,CUST00476,2026-07-20,Website - Mobile Browser,4,14.7,False
SESS0009668,CUST00476,2026-02-25,Website - Mobile Browser,23,29.2,False
SESS0009669,CUST00476,2026-04-11,Mobile App,6,10.7,False
SESS0009670,CUST00477,2026-04-25,Website - Desktop,22,6.3,True
SESS0009671,CUST00477,2026-03-15,Website - Mobile Browser,25,9.8,False
SESS0009672,CUST00477,2026-06-11,Website - Desktop,10,0.9,False
SESS0009673,CUST00477,2026-02-16,Website - Desktop,9,1.3,False
SESS0009674,CUST00477,2026-01-13,Website - Mobile Browser,16,5.0,False
SESS0009675,CUST00477,2025-08-31,Mobile App,24,14.9,False
SESS0009676,CUST00477,2025-09-26,Website - Desktop,16,17.9,False
SESS0009677,CUST00477,2025-12-11,Mobile App,13,4.2,False
SESS0009678,CUST00477,2026-01-08,Website - Mobile Browser,10,8.2,False
SESS0009679,CUST00477,2026-06-09,Mobile App,17,1.6,False
SESS0009680,CUST00477,2025-12-08,Website - Desktop,11,2.8,False
SESS0009681,CUST00477,2026-07-23,Website - Mobile Browser,5,9.0,False
SESS0009682,CUST00477,2025-11-19,Mobile App,17,28.8,False
SESS0009683,CUST00477,2026-03-14,Website - Mobile Browser,9,0.7,False
SESS0009684,CUST00477,2026-07-27,Mobile App,22,13.8,False
SESS0009685,CUST00477,2026-04-17,Website - Mobile Browser,22,11.7,False
SESS0009686,CUST00477,2026-04-14,Mobile App,10,9.5,True
SESS0009687,CUST00477,2025-09-26,Mobile App,16,20.8,False
SESS0009688,CUST00477,2026-02-26,Mobile App,1,3.3,False
SESS0009689,CUST00477,2025-09-13,Website - Mobile Browser,4,8.6,False
SESS0009690,CUST00477,2026-02-16,Mobile App,13,20.7,False
SESS0009691,CUST00477,2026-01-25,Mobile App,12,26.5,False
SESS0009692,CUST00477,2026-05-24,Website - Desktop,14,26.9,False
SESS0009693,CUST00477,2026-07-01,Mobile App,24,18.8,True
SESS0009694,CUST00477,2026-04-14,Mobile App,21,15.0,True
SESS0009695,CUST00477,2025-11-05,Website - Mobile Browser,1,14.9,False
SESS0009696,CUST00477,2025-12-16,Website - Desktop,21,3.5,False
SESS0009697,CUST00477,2026-07-04,Website - Desktop,4,9.7,False
SESS0009698,CUST00477,2026-03-26,Website - Desktop,19,25.8,False
SESS0009699,CUST00477,2026-06-22,Website - Desktop,18,23.4,False
SESS0009700,CUST00477,2026-06-07,Mobile App,13,16.7,False
SESS0009701,CUST00477,2025-09-08,Website - Desktop,6,18.0,False
SESS0009702,CUST00477,2025-11-06,Mobile App,17,2.0,False
SESS0009703,CUST00478,2026-06-01,Website - Mobile Browser,3,11.8,False
SESS0009704,CUST00478,2025-09-02,Website - Mobile Browser,5,25.8,False
SESS0009705,CUST00478,2026-06-23,Mobile App,21,26.6,False
SESS0009706,CUST00478,2026-01-19,Website - Mobile Browser,2,13.9,True
SESS0009707,CUST00478,2025-10-31,Website - Desktop,24,28.1,False
SESS0009708,CUST00478,2026-01-07,Website - Desktop,1,7.5,False
SESS0009709,CUST00478,2026-06-16,Website - Desktop,22,0.6,False
SESS0009710,CUST00478,2026-08-01,Website - Mobile Browser,4,20.4,False
SESS0009711,CUST00478,2026-08-04,Website - Mobile Browser,3,25.2,False
SESS0009712,CUST00478,2026-03-26,Mobile App,2,1.3,False
SESS0009713,CUST00478,2026-01-31,Website - Desktop,8,21.6,True
SESS0009714,CUST00478,2025-09-22,Website - Desktop,6,5.4,False
SESS0009715,CUST00478,2025-09-03,Mobile App,14,18.6,False
SESS0009716,CUST00478,2026-05-02,Website - Desktop,7,4.8,False
SESS0009717,CUST00478,2026-01-30,Mobile App,11,17.8,False
SESS0009718,CUST00478,2026-08-12,Mobile App,12,6.7,False
SESS0009719,CUST00478,2026-04-24,Mobile App,14,22.8,False
SESS0009720,CUST00478,2026-01-25,Website - Desktop,9,17.9,True
SESS0009721,CUST00478,2025-09-29,Website - Desktop,7,28.9,False
SESS0009722,CUST00478,2025-08-31,Mobile App,25,9.5,False
SESS0009723,CUST00478,2026-04-17,Mobile App,22,19.9,False
SESS0009724,CUST00478,2026-07-22,Website - Mobile Browser,14,9.2,False
SESS0009725,CUST00478,2025-12-12,Website - Mobile Browser,13,24.8,False
SESS0009726,CUST00478,2025-09-27,Website - Mobile Browser,18,18.9,False
SESS0009727,CUST00478,2025-09-28,Website - Desktop,9,26.5,False
SESS0009728,CUST00478,2026-06-25,Mobile App,9,19.8,False
SESS0009729,CUST00478,2026-08-19,Website - Desktop,10,3.2,True
SESS0009730,CUST00478,2025-11-15,Website - Mobile Browser,3,21.2,False
SESS0009731,CUST00478,2025-12-06,Website - Desktop,10,21.7,False
SESS0009732,CUST00478,2026-06-13,Mobile App,23,11.1,False
SESS0009733,CUST00478,2026-03-09,Mobile App,14,1.7,False
SESS0009734,CUST00478,2025-10-02,Website - Mobile Browser,25,19.6,False
SESS0009735,CUST00478,2026-04-05,Mobile App,7,15.9,True
SESS0009736,CUST00479,2026-07-25,Website - Mobile Browser,20,6.0,False
SESS0009737,CUST00479,2026-03-27,Website - Desktop,19,9.4,False
SESS0009738,CUST00479,2026-06-01,Website - Mobile Browser,19,5.4,False
SESS0009739,CUST00479,2026-02-11,Website - Mobile Browser,16,8.7,False
SESS0009740,CUST00479,2026-03-03,Mobile App,20,8.5,False
SESS0009741,CUST00479,2025-09-01,Website - Desktop,13,11.3,True
SESS0009742,CUST00479,2026-06-01,Website - Mobile Browser,25,24.4,False
SESS0009743,CUST00479,2026-05-27,Website - Mobile Browser,22,10.3,False
SESS0009744,CUST00479,2026-01-28,Website - Mobile Browser,7,13.1,False
SESS0009745,CUST00479,2026-03-12,Website - Desktop,25,13.9,True
SESS0009746,CUST00479,2025-12-10,Website - Mobile Browser,1,2.8,True
SESS0009747,CUST00479,2025-10-16,Mobile App,8,7.1,False
SESS0009748,CUST00479,2026-03-07,Website - Mobile Browser,17,15.0,False
SESS0009749,CUST00479,2026-03-19,Website - Mobile Browser,25,20.6,False
SESS0009750,CUST00479,2026-04-07,Mobile App,10,9.0,False
SESS0009751,CUST00479,2025-10-23,Website - Desktop,10,20.4,False
SESS0009752,CUST00479,2026-04-02,Website - Desktop,10,17.1,False
SESS0009753,CUST00479,2026-06-05,Website - Mobile Browser,8,18.7,False
SESS0009754,CUST00479,2026-03-05,Mobile App,18,20.9,False
SESS0009755,CUST00479,2026-03-09,Website - Desktop,10,6.8,False
SESS0009756,CUST00479,2026-03-15,Mobile App,11,20.8,False
SESS0009757,CUST00479,2026-03-02,Website - Desktop,6,29.0,False
SESS0009758,CUST00479,2026-04-12,Website - Desktop,7,20.6,False
SESS0009759,CUST00479,2025-10-08,Website - Desktop,14,28.4,True
SESS0009760,CUST00479,2026-03-05,Website - Desktop,18,21.9,False
SESS0009761,CUST00479,2026-04-29,Website - Mobile Browser,24,29.5,False
SESS0009762,CUST00479,2026-04-14,Website - Desktop,16,3.5,False
SESS0009763,CUST00479,2026-06-04,Website - Desktop,14,26.8,True
SESS0009764,CUST00479,2025-09-22,Mobile App,22,27.3,True
SESS0009765,CUST00480,2025-09-07,Mobile App,6,5.8,True
SESS0009766,CUST00480,2026-06-12,Mobile App,7,17.7,False
SESS0009767,CUST00480,2026-01-28,Mobile App,6,3.3,False
SESS0009768,CUST00480,2026-01-04,Website - Mobile Browser,17,7.1,True
SESS0009769,CUST00480,2026-06-26,Website - Mobile Browser,12,27.4,True
SESS0009770,CUST00480,2026-03-19,Mobile App,6,12.6,False
SESS0009771,CUST00480,2026-07-15,Mobile App,14,22.4,False
SESS0009772,CUST00480,2025-09-04,Mobile App,10,8.3,True
SESS0009773,CUST00480,2026-03-29,Website - Desktop,4,10.4,True
SESS0009774,CUST00480,2025-10-11,Website - Desktop,4,25.1,False
SESS0009775,CUST00480,2026-08-01,Website - Mobile Browser,15,15.1,False
SESS0009776,CUST00480,2025-10-13,Mobile App,25,25.0,True
SESS0009777,CUST00480,2026-07-10,Mobile App,21,10.9,False
SESS0009778,CUST00481,2026-08-19,Mobile App,14,16.3,True
SESS0009779,CUST00481,2026-08-14,Mobile App,23,20.7,True
SESS0009780,CUST00481,2026-08-20,Website - Desktop,9,12.7,False
SESS0009781,CUST00481,2026-08-17,Mobile App,7,21.7,False
SESS0009782,CUST00481,2026-08-16,Website - Mobile Browser,23,6.1,True
SESS0009783,CUST00481,2026-08-19,Website - Desktop,15,2.9,False
SESS0009784,CUST00481,2026-08-12,Mobile App,7,21.2,True
SESS0009785,CUST00481,2026-08-10,Website - Desktop,11,10.5,False
SESS0009786,CUST00481,2026-08-21,Website - Mobile Browser,24,14.3,False
SESS0009787,CUST00481,2026-08-16,Mobile App,21,11.7,False
SESS0009788,CUST00481,2026-08-10,Mobile App,11,13.2,True
SESS0009789,CUST00481,2026-08-21,Website - Mobile Browser,19,7.4,False
SESS0009790,CUST00481,2026-08-20,Website - Mobile Browser,18,13.3,False
SESS0009791,CUST00482,2026-01-06,Website - Mobile Browser,24,11.5,False
SESS0009792,CUST00482,2025-10-16,Website - Mobile Browser,14,15.1,False
SESS0009793,CUST00482,2025-09-22,Website - Desktop,19,17.4,False
SESS0009794,CUST00482,2026-02-08,Website - Mobile Browser,17,28.5,False
SESS0009795,CUST00482,2025-12-25,Website - Mobile Browser,4,26.7,False
SESS0009796,CUST00483,2025-12-18,Website - Mobile Browser,22,14.1,False
SESS0009797,CUST00483,2026-08-06,Mobile App,8,28.9,True
SESS0009798,CUST00483,2026-02-08,Website - Mobile Browser,22,0.8,True
SESS0009799,CUST00483,2026-02-07,Mobile App,12,10.4,False
SESS0009800,CUST00483,2026-05-08,Website - Desktop,17,22.9,False
SESS0009801,CUST00483,2026-04-25,Website - Desktop,7,10.3,True
SESS0009802,CUST00483,2025-10-15,Website - Desktop,2,4.4,False
SESS0009803,CUST00483,2025-12-11,Website - Mobile Browser,20,12.4,False
SESS0009804,CUST00483,2026-03-31,Website - Mobile Browser,14,24.4,False
SESS0009805,CUST00483,2026-06-05,Website - Desktop,18,25.1,False
SESS0009806,CUST00483,2025-09-30,Mobile App,3,11.9,False
SESS0009807,CUST00483,2026-04-26,Mobile App,23,20.3,False
SESS0009808,CUST00483,2026-06-23,Mobile App,10,21.2,False
SESS0009809,CUST00483,2026-03-13,Website - Desktop,7,23.7,False
SESS0009810,CUST00483,2025-12-05,Website - Mobile Browser,12,20.7,False
SESS0009811,CUST00483,2026-04-03,Mobile App,3,1.0,False
SESS0009812,CUST00483,2026-03-28,Website - Desktop,3,20.1,False
SESS0009813,CUST00483,2026-07-31,Website - Mobile Browser,2,29.9,False
SESS0009814,CUST00484,2026-01-30,Website - Desktop,19,12.7,False
SESS0009815,CUST00484,2025-10-29,Website - Mobile Browser,18,29.7,False
SESS0009816,CUST00484,2025-10-16,Website - Mobile Browser,13,18.5,False
SESS0009817,CUST00484,2026-08-01,Website - Desktop,17,9.3,False
SESS0009818,CUST00484,2025-12-25,Mobile App,7,3.4,False
SESS0009819,CUST00484,2026-03-26,Website - Desktop,6,22.4,True
SESS0009820,CUST00484,2026-02-04,Website - Mobile Browser,18,13.3,False
SESS0009821,CUST00484,2026-06-15,Website - Mobile Browser,25,0.6,False
SESS0009822,CUST00484,2026-07-10,Website - Mobile Browser,4,16.8,False
SESS0009823,CUST00484,2026-07-21,Mobile App,21,17.4,False
SESS0009824,CUST00484,2025-11-30,Website - Mobile Browser,24,24.9,False
SESS0009825,CUST00484,2026-05-17,Website - Desktop,4,24.0,False
SESS0009826,CUST00484,2025-11-30,Mobile App,10,0.6,False
SESS0009827,CUST00484,2025-10-13,Website - Mobile Browser,12,0.9,True
SESS0009828,CUST00484,2026-06-19,Mobile App,22,8.4,False
SESS0009829,CUST00484,2025-12-29,Website - Mobile Browser,6,29.1,False
SESS0009830,CUST00484,2025-12-10,Mobile App,14,8.0,False
SESS0009831,CUST00484,2026-02-17,Mobile App,14,9.4,True
SESS0009832,CUST00484,2026-06-23,Website - Mobile Browser,9,20.8,False
SESS0009833,CUST00484,2025-12-19,Website - Mobile Browser,6,8.9,True
SESS0009834,CUST00484,2026-06-03,Website - Mobile Browser,13,0.9,False
SESS0009835,CUST00484,2025-10-11,Website - Desktop,1,16.3,True
SESS0009836,CUST00484,2026-06-27,Website - Desktop,23,19.1,True
SESS0009837,CUST00484,2025-10-16,Website - Mobile Browser,8,27.9,False
SESS0009838,CUST00484,2026-06-27,Website - Mobile Browser,13,16.1,False
SESS0009839,CUST00484,2026-01-06,Website - Mobile Browser,6,13.8,False
SESS0009840,CUST00484,2026-06-21,Website - Desktop,17,25.8,True
SESS0009841,CUST00484,2026-05-09,Mobile App,18,19.6,True
SESS0009842,CUST00484,2025-09-02,Mobile App,10,23.6,False
SESS0009843,CUST00485,2026-05-18,Mobile App,9,26.6,False
SESS0009844,CUST00485,2025-09-18,Website - Mobile Browser,2,18.4,False
SESS0009845,CUST00485,2026-01-17,Mobile App,1,18.4,False
SESS0009846,CUST00485,2026-07-26,Website - Mobile Browser,23,1.0,False
SESS0009847,CUST00485,2026-07-16,Mobile App,12,26.1,True
SESS0009848,CUST00485,2026-01-21,Website - Mobile Browser,11,18.9,True
SESS0009849,CUST00485,2026-08-04,Website - Desktop,21,6.8,True
SESS0009850,CUST00485,2026-02-08,Mobile App,5,20.3,False
SESS0009851,CUST00485,2025-11-11,Mobile App,8,15.2,False
SESS0009852,CUST00485,2025-10-14,Website - Mobile Browser,13,2.0,False
SESS0009853,CUST00485,2026-06-28,Mobile App,15,23.0,False
SESS0009854,CUST00485,2026-02-12,Website - Mobile Browser,15,5.8,False
SESS0009855,CUST00485,2025-10-29,Website - Desktop,3,15.0,True
SESS0009856,CUST00485,2025-10-24,Mobile App,11,7.3,False
SESS0009857,CUST00485,2026-03-16,Mobile App,7,27.8,True
SESS0009858,CUST00485,2025-12-23,Website - Desktop,19,27.4,False
SESS0009859,CUST00485,2026-05-13,Website - Desktop,25,7.9,False
SESS0009860,CUST00485,2026-06-06,Mobile App,8,2.6,True
SESS0009861,CUST00485,2025-08-28,Mobile App,20,12.7,False
SESS0009862,CUST00485,2025-09-28,Website - Desktop,18,22.6,False
SESS0009863,CUST00485,2026-03-02,Mobile App,5,12.7,False
SESS0009864,CUST00485,2026-08-02,Mobile App,12,9.4,True
SESS0009865,CUST00485,2026-06-17,Website - Mobile Browser,20,1.4,True
SESS0009866,CUST00485,2025-10-31,Website - Mobile Browser,10,20.9,True
SESS0009867,CUST00486,2026-05-05,Website - Desktop,13,19.4,True
SESS0009868,CUST00486,2026-05-15,Website - Mobile Browser,13,13.2,True
SESS0009869,CUST00486,2025-11-30,Website - Desktop,10,12.9,False
SESS0009870,CUST00486,2025-10-25,Mobile App,11,3.0,False
SESS0009871,CUST00487,2026-02-10,Mobile App,6,15.7,False
SESS0009872,CUST00487,2026-01-31,Mobile App,5,26.5,False
SESS0009873,CUST00487,2026-07-31,Website - Desktop,17,20.0,False
SESS0009874,CUST00487,2026-07-27,Website - Mobile Browser,20,13.7,False
SESS0009875,CUST00487,2026-06-14,Mobile App,23,8.0,False
SESS0009876,CUST00487,2026-01-25,Website - Desktop,15,14.0,False
SESS0009877,CUST00487,2026-03-02,Website - Mobile Browser,8,10.7,True
SESS0009878,CUST00487,2025-10-13,Website - Mobile Browser,16,0.5,False
SESS0009879,CUST00487,2026-01-18,Website - Desktop,1,28.7,False
SESS0009880,CUST00487,2026-03-29,Mobile App,7,27.9,False
SESS0009881,CUST00487,2026-05-13,Website - Mobile Browser,21,2.8,False
SESS0009882,CUST00487,2026-08-04,Mobile App,10,8.2,False
SESS0009883,CUST00487,2025-10-24,Mobile App,1,26.6,False
SESS0009884,CUST00487,2026-04-02,Website - Desktop,1,3.7,True
SESS0009885,CUST00487,2026-08-13,Website - Desktop,21,1.1,True
SESS0009886,CUST00487,2026-04-14,Website - Desktop,19,3.9,True
SESS0009887,CUST00487,2026-07-01,Mobile App,22,10.7,False
SESS0009888,CUST00487,2026-07-15,Website - Mobile Browser,21,12.2,False
SESS0009889,CUST00487,2025-10-30,Website - Desktop,10,5.4,False
SESS0009890,CUST00487,2026-06-22,Website - Mobile Browser,3,6.0,False
SESS0009891,CUST00488,2025-09-27,Website - Mobile Browser,11,28.3,True
SESS0009892,CUST00488,2025-11-01,Website - Desktop,14,15.5,False
SESS0009893,CUST00488,2025-09-25,Website - Desktop,20,28.7,False
SESS0009894,CUST00488,2026-07-09,Website - Desktop,13,14.6,False
SESS0009895,CUST00488,2026-05-21,Mobile App,13,18.1,False
SESS0009896,CUST00488,2025-11-16,Mobile App,1,26.8,True
SESS0009897,CUST00488,2026-06-17,Mobile App,7,7.0,False
SESS0009898,CUST00488,2026-06-08,Website - Mobile Browser,24,24.2,False
SESS0009899,CUST00488,2025-09-15,Mobile App,4,25.0,True
SESS0009900,CUST00488,2026-03-20,Website - Mobile Browser,14,20.2,False
SESS0009901,CUST00488,2025-11-06,Website - Mobile Browser,19,11.9,False
SESS0009902,CUST00488,2025-09-07,Website - Mobile Browser,10,18.9,False
SESS0009903,CUST00488,2025-09-21,Website - Desktop,4,9.6,False
SESS0009904,CUST00488,2026-01-28,Website - Desktop,4,29.3,False
SESS0009905,CUST00488,2025-12-18,Mobile App,18,8.9,False
SESS0009906,CUST00488,2025-09-01,Website - Mobile Browser,5,12.3,False
SESS0009907,CUST00489,2026-08-06,Mobile App,6,29.1,False
SESS0009908,CUST00489,2025-11-27,Website - Desktop,23,12.4,False
SESS0009909,CUST00489,2026-05-06,Mobile App,25,0.8,False
SESS0009910,CUST00489,2026-08-17,Website - Desktop,3,20.3,False
SESS0009911,CUST00489,2025-09-27,Mobile App,20,26.5,True
SESS0009912,CUST00489,2026-02-24,Website - Desktop,15,16.1,True
SESS0009913,CUST00489,2026-06-05,Website - Mobile Browser,17,10.4,False
SESS0009914,CUST00489,2026-03-17,Website - Desktop,19,0.9,True
SESS0009915,CUST00489,2025-12-22,Website - Mobile Browser,25,7.1,False
SESS0009916,CUST00489,2025-12-10,Website - Desktop,24,25.2,False
SESS0009917,CUST00489,2026-06-14,Website - Mobile Browser,3,2.8,True
SESS0009918,CUST00489,2025-10-16,Website - Desktop,7,1.2,False
SESS0009919,CUST00489,2026-03-19,Mobile App,8,26.3,False
SESS0009920,CUST00489,2026-02-11,Website - Desktop,21,17.4,False
SESS0009921,CUST00489,2026-03-28,Mobile App,23,20.8,False
SESS0009922,CUST00489,2026-03-21,Mobile App,2,14.2,True
SESS0009923,CUST00489,2026-07-04,Mobile App,7,7.7,False
SESS0009924,CUST00489,2026-01-22,Mobile App,8,7.1,False
SESS0009925,CUST00489,2025-10-13,Website - Mobile Browser,12,2.5,False
SESS0009926,CUST00489,2025-11-27,Mobile App,21,23.1,False
SESS0009927,CUST00489,2026-08-06,Website - Desktop,25,22.4,False
SESS0009928,CUST00489,2026-05-29,Mobile App,18,24.8,False
SESS0009929,CUST00489,2026-01-22,Mobile App,15,16.8,False
SESS0009930,CUST00489,2026-05-17,Website - Desktop,18,24.7,False
SESS0009931,CUST00489,2026-08-07,Mobile App,21,16.8,False
SESS0009932,CUST00489,2026-06-08,Mobile App,19,23.2,False
SESS0009933,CUST00489,2026-02-28,Website - Desktop,11,3.6,False
SESS0009934,CUST00489,2025-10-16,Website - Desktop,17,11.6,False
SESS0009935,CUST00489,2026-02-13,Mobile App,1,27.0,True
SESS0009936,CUST00489,2026-06-12,Mobile App,13,16.1,False
SESS0009937,CUST00489,2026-06-14,Website - Mobile Browser,18,19.3,False
SESS0009938,CUST00489,2025-09-25,Website - Mobile Browser,21,4.1,False
SESS0009939,CUST00490,2026-07-17,Mobile App,2,5.6,False
SESS0009940,CUST00490,2026-05-15,Mobile App,3,6.7,False
SESS0009941,CUST00490,2025-09-21,Website - Mobile Browser,9,7.5,False
SESS0009942,CUST00490,2025-11-27,Website - Mobile Browser,4,30.0,False
SESS0009943,CUST00490,2025-09-12,Website - Mobile Browser,23,16.7,False
SESS0009944,CUST00490,2025-12-31,Mobile App,23,28.8,False
SESS0009945,CUST00490,2026-03-17,Website - Desktop,8,26.8,True
SESS0009946,CUST00490,2026-04-03,Website - Desktop,1,30.0,False
SESS0009947,CUST00490,2025-11-14,Website - Desktop,19,28.8,True
SESS0009948,CUST00490,2025-10-31,Website - Desktop,10,7.6,False
SESS0009949,CUST00490,2026-02-11,Website - Desktop,4,24.9,False
SESS0009950,CUST00490,2025-12-11,Website - Mobile Browser,18,26.7,False
SESS0009951,CUST00490,2026-08-11,Mobile App,23,15.8,False
SESS0009952,CUST00490,2026-06-05,Website - Mobile Browser,9,23.0,True
SESS0009953,CUST00490,2026-05-16,Website - Desktop,3,20.4,False
SESS0009954,CUST00490,2026-01-31,Website - Mobile Browser,14,24.4,False
SESS0009955,CUST00490,2026-03-03,Mobile App,17,22.4,False
SESS0009956,CUST00490,2026-07-10,Mobile App,21,19.7,False
SESS0009957,CUST00490,2025-11-22,Mobile App,17,3.6,False
SESS0009958,CUST00490,2026-07-06,Website - Mobile Browser,11,14.7,False
SESS0009959,CUST00490,2025-10-20,Mobile App,2,7.7,False
SESS0009960,CUST00490,2026-03-05,Mobile App,6,12.7,False
SESS0009961,CUST00490,2026-01-20,Website - Mobile Browser,9,4.1,False
SESS0009962,CUST00490,2025-12-03,Website - Desktop,18,6.7,False
SESS0009963,CUST00490,2026-03-11,Website - Desktop,8,9.8,False
SESS0009964,CUST00490,2025-09-10,Mobile App,14,8.8,False
SESS0009965,CUST00490,2026-01-28,Website - Mobile Browser,14,12.6,False
SESS0009966,CUST00490,2025-11-04,Website - Desktop,4,24.8,True
SESS0009967,CUST00491,2026-03-12,Mobile App,4,23.4,False
SESS0009968,CUST00491,2026-08-18,Website - Mobile Browser,21,3.5,False
SESS0009969,CUST00491,2026-08-20,Website - Mobile Browser,11,20.7,False
SESS0009970,CUST00491,2026-07-13,Website - Mobile Browser,12,16.0,False
SESS0009971,CUST00491,2026-07-28,Mobile App,4,8.9,True
SESS0009972,CUST00491,2026-02-24,Mobile App,25,22.5,False
SESS0009973,CUST00491,2026-03-11,Website - Desktop,21,23.7,False
SESS0009974,CUST00491,2026-08-10,Website - Mobile Browser,6,15.6,True
SESS0009975,CUST00491,2025-12-19,Website - Desktop,2,16.4,False
SESS0009976,CUST00491,2025-11-17,Website - Mobile Browser,8,10.4,False
SESS0009977,CUST00491,2026-07-24,Mobile App,13,15.1,False
SESS0009978,CUST00491,2026-06-10,Mobile App,5,13.9,False
SESS0009979,CUST00491,2026-04-11,Website - Mobile Browser,6,14.2,False
SESS0009980,CUST00491,2026-06-28,Website - Mobile Browser,18,8.6,False
SESS0009981,CUST00491,2026-01-20,Website - Mobile Browser,15,28.8,False
SESS0009982,CUST00491,2025-10-15,Website - Mobile Browser,7,25.4,False
SESS0009983,CUST00491,2025-09-13,Website - Desktop,16,20.3,False
SESS0009984,CUST00491,2025-12-25,Mobile App,12,29.3,True
SESS0009985,CUST00491,2026-02-03,Website - Mobile Browser,23,8.0,False
SESS0009986,CUST00491,2026-02-02,Mobile App,21,16.9,True
SESS0009987,CUST00491,2025-12-04,Website - Mobile Browser,6,28.3,True
SESS0009988,CUST00491,2025-09-14,Website - Mobile Browser,3,21.1,False
SESS0009989,CUST00491,2026-01-03,Mobile App,10,19.1,False
SESS0009990,CUST00491,2026-04-07,Website - Mobile Browser,10,22.3,True
SESS0009991,CUST00491,2025-12-31,Website - Desktop,10,11.8,False
SESS0009992,CUST00491,2026-01-05,Website - Mobile Browser,19,9.3,False
SESS0009993,CUST00491,2026-01-16,Website - Mobile Browser,14,7.0,False
SESS0009994,CUST00491,2025-11-09,Mobile App,25,1.1,True
SESS0009995,CUST00491,2025-10-31,Website - Desktop,14,16.0,False
SESS0009996,CUST00491,2026-06-19,Mobile App,8,8.7,True
SESS0009997,CUST00491,2026-03-28,Website - Desktop,4,18.7,True
SESS0009998,CUST00491,2026-03-09,Mobile App,7,19.1,True
SESS0009999,CUST00491,2025-12-24,Website - Desktop,25,12.0,False
SESS0010000,CUST00491,2026-05-29,Website - Desktop,1,11.9,False
SESS0010001,CUST00491,2025-10-04,Website - Desktop,22,21.8,False
SESS0010002,CUST00491,2026-02-20,Website - Desktop,14,9.7,False
SESS0010003,CUST00491,2026-05-05,Website - Mobile Browser,5,24.0,False
SESS0010004,CUST00491,2026-05-17,Website - Mobile Browser,17,14.9,False
SESS0010005,CUST00491,2026-04-23,Website - Mobile Browser,3,15.6,False
SESS0010006,CUST00492,2026-03-31,Website - Desktop,20,4.6,False
SESS0010007,CUST00492,2026-07-13,Website - Desktop,9,2.1,False
SESS0010008,CUST00492,2025-10-01,Mobile App,10,15.2,False
SESS0010009,CUST00492,2025-09-26,Mobile App,8,23.5,False
SESS0010010,CUST00492,2025-10-02,Mobile App,21,29.0,True
SESS0010011,CUST00492,2026-06-03,Website - Mobile Browser,19,2.7,True
SESS0010012,CUST00492,2026-07-31,Website - Mobile Browser,9,17.7,False
SESS0010013,CUST00492,2025-09-30,Mobile App,16,22.2,True
SESS0010014,CUST00492,2026-08-17,Mobile App,3,26.9,True
SESS0010015,CUST00492,2025-09-02,Website - Desktop,2,21.1,False
SESS0010016,CUST00492,2025-12-23,Website - Mobile Browser,13,7.7,False
SESS0010017,CUST00492,2025-12-11,Mobile App,23,16.6,False
SESS0010018,CUST00492,2026-08-01,Website - Mobile Browser,19,6.9,False
SESS0010019,CUST00492,2026-04-29,Website - Desktop,24,21.7,False
SESS0010020,CUST00492,2025-09-15,Mobile App,10,14.7,False
SESS0010021,CUST00492,2026-05-06,Website - Desktop,23,14.0,False
SESS0010022,CUST00492,2025-10-26,Mobile App,14,9.9,False
SESS0010023,CUST00492,2025-09-04,Website - Desktop,23,8.7,False
SESS0010024,CUST00492,2026-05-12,Website - Desktop,13,12.0,False
SESS0010025,CUST00492,2026-01-07,Website - Desktop,15,23.3,False
SESS0010026,CUST00492,2025-11-19,Mobile App,4,4.6,False
SESS0010027,CUST00492,2026-06-17,Mobile App,4,15.9,False
SESS0010028,CUST00492,2026-07-28,Website - Mobile Browser,11,19.0,False
SESS0010029,CUST00492,2026-05-05,Mobile App,25,11.3,False
SESS0010030,CUST00492,2025-09-25,Website - Mobile Browser,19,24.3,False
SESS0010031,CUST00492,2025-10-29,Website - Desktop,6,11.2,False
SESS0010032,CUST00492,2025-08-27,Mobile App,12,14.1,True
SESS0010033,CUST00492,2025-09-25,Mobile App,23,21.5,False
SESS0010034,CUST00492,2025-10-14,Mobile App,7,10.7,False
SESS0010035,CUST00492,2026-01-31,Website - Mobile Browser,17,19.5,False
SESS0010036,CUST00492,2025-12-17,Website - Mobile Browser,14,2.4,False
SESS0010037,CUST00492,2026-06-08,Website - Mobile Browser,23,19.3,False
SESS0010038,CUST00492,2026-03-18,Mobile App,25,0.8,False
SESS0010039,CUST00492,2026-07-06,Website - Desktop,5,5.3,False
SESS0010040,CUST00492,2025-09-17,Website - Mobile Browser,16,16.4,True
SESS0010041,CUST00492,2025-10-22,Mobile App,23,20.9,True
SESS0010042,CUST00493,2026-01-24,Mobile App,19,16.6,False
SESS0010043,CUST00493,2026-06-15,Mobile App,19,0.9,True
SESS0010044,CUST00493,2026-07-23,Mobile App,16,28.0,False
SESS0010045,CUST00493,2025-09-24,Website - Desktop,18,9.6,False
SESS0010046,CUST00493,2025-10-05,Website - Mobile Browser,19,20.0,True
SESS0010047,CUST00493,2025-11-12,Website - Desktop,2,26.3,False
SESS0010048,CUST00493,2026-05-13,Website - Mobile Browser,1,4.9,False
SESS0010049,CUST00493,2025-10-31,Website - Mobile Browser,16,1.6,False
SESS0010050,CUST00493,2026-07-09,Website - Mobile Browser,2,18.5,False
SESS0010051,CUST00493,2026-08-09,Mobile App,22,27.6,False
SESS0010052,CUST00493,2026-04-19,Website - Mobile Browser,1,8.5,True
SESS0010053,CUST00493,2026-05-01,Website - Mobile Browser,3,23.4,False
SESS0010054,CUST00493,2025-11-28,Mobile App,17,23.1,False
SESS0010055,CUST00493,2026-04-12,Website - Desktop,9,16.2,False
SESS0010056,CUST00493,2026-04-06,Website - Desktop,5,12.6,False
SESS0010057,CUST00494,2025-09-07,Mobile App,14,21.2,False
SESS0010058,CUST00494,2025-12-06,Website - Desktop,22,29.0,False
SESS0010059,CUST00494,2026-08-06,Website - Desktop,23,14.0,True
SESS0010060,CUST00494,2026-02-20,Website - Desktop,23,27.7,False
SESS0010061,CUST00494,2026-05-29,Website - Desktop,22,23.8,False
SESS0010062,CUST00494,2026-05-07,Website - Mobile Browser,4,11.0,False
SESS0010063,CUST00494,2026-06-27,Website - Mobile Browser,21,18.6,False
SESS0010064,CUST00494,2026-02-09,Website - Mobile Browser,24,3.1,False
SESS0010065,CUST00494,2026-03-13,Mobile App,23,4.6,False
SESS0010066,CUST00494,2026-07-28,Mobile App,15,22.7,False
SESS0010067,CUST00494,2026-05-08,Website - Desktop,2,23.9,False
SESS0010068,CUST00494,2026-03-27,Website - Desktop,11,28.0,True
SESS0010069,CUST00494,2026-01-05,Website - Desktop,6,8.3,False
SESS0010070,CUST00494,2025-09-06,Website - Mobile Browser,3,16.5,False
SESS0010071,CUST00494,2025-11-18,Website - Mobile Browser,24,29.4,False
SESS0010072,CUST00494,2026-05-24,Website - Desktop,15,15.7,False
SESS0010073,CUST00494,2025-09-19,Website - Desktop,1,3.5,False
SESS0010074,CUST00494,2025-08-30,Mobile App,19,6.4,False
SESS0010075,CUST00494,2026-01-15,Website - Desktop,9,25.2,True
SESS0010076,CUST00494,2026-08-06,Mobile App,1,3.5,False
SESS0010077,CUST00494,2026-04-07,Website - Mobile Browser,22,23.8,False
SESS0010078,CUST00494,2026-08-11,Mobile App,18,29.6,False
SESS0010079,CUST00494,2026-06-01,Website - Mobile Browser,22,23.0,True
SESS0010080,CUST00494,2025-08-31,Website - Desktop,1,9.1,True
SESS0010081,CUST00494,2026-05-02,Website - Desktop,18,13.4,False
SESS0010082,CUST00494,2026-03-23,Website - Desktop,15,27.8,True
SESS0010083,CUST00495,2025-08-28,Website - Mobile Browser,6,14.7,False
SESS0010084,CUST00495,2025-12-30,Mobile App,17,20.0,True
SESS0010085,CUST00495,2026-07-30,Website - Desktop,11,23.4,False
SESS0010086,CUST00495,2026-07-09,Website - Mobile Browser,17,8.9,False
SESS0010087,CUST00495,2026-01-28,Mobile App,3,29.3,False
SESS0010088,CUST00495,2026-02-25,Mobile App,20,10.0,False
SESS0010089,CUST00495,2026-05-05,Website - Desktop,18,12.8,False
SESS0010090,CUST00495,2026-05-27,Website - Mobile Browser,22,6.1,False
SESS0010091,CUST00495,2025-09-19,Website - Desktop,19,28.0,False
SESS0010092,CUST00495,2026-03-10,Mobile App,23,26.2,False
SESS0010093,CUST00495,2026-04-09,Website - Mobile Browser,21,19.7,False
SESS0010094,CUST00495,2026-07-20,Website - Mobile Browser,9,12.2,False
SESS0010095,CUST00495,2026-08-05,Website - Desktop,1,18.1,False
SESS0010096,CUST00495,2026-08-18,Mobile App,25,1.7,False
SESS0010097,CUST00495,2025-12-26,Website - Desktop,13,22.0,True
SESS0010098,CUST00495,2026-04-05,Website - Desktop,23,12.2,True
SESS0010099,CUST00495,2026-07-14,Website - Mobile Browser,21,18.1,True
SESS0010100,CUST00495,2026-08-07,Mobile App,12,13.9,False
SESS0010101,CUST00495,2026-01-03,Website - Mobile Browser,23,10.6,True
SESS0010102,CUST00495,2026-05-27,Mobile App,25,8.1,False
SESS0010103,CUST00495,2025-11-22,Website - Desktop,14,25.6,False
SESS0010104,CUST00495,2026-01-08,Website - Desktop,22,7.5,False
SESS0010105,CUST00495,2026-03-19,Website - Desktop,24,13.7,True
SESS0010106,CUST00495,2025-10-18,Website - Desktop,14,5.1,False
SESS0010107,CUST00495,2026-01-04,Mobile App,1,5.3,False
SESS0010108,CUST00495,2025-09-21,Website - Mobile Browser,19,5.8,False
SESS0010109,CUST00496,2026-04-20,Website - Mobile Browser,23,1.1,True
SESS0010110,CUST00496,2026-08-17,Mobile App,4,22.5,False
SESS0010111,CUST00496,2026-06-26,Website - Mobile Browser,13,21.2,True
SESS0010112,CUST00496,2026-06-27,Website - Mobile Browser,15,5.9,False
SESS0010113,CUST00496,2026-07-06,Mobile App,5,26.8,False
SESS0010114,CUST00496,2026-06-04,Website - Mobile Browser,7,25.0,True
SESS0010115,CUST00496,2026-06-08,Website - Mobile Browser,15,26.8,False
SESS0010116,CUST00496,2026-08-10,Website - Desktop,14,15.0,False
SESS0010117,CUST00496,2026-07-29,Website - Desktop,13,11.9,False
SESS0010118,CUST00496,2026-04-20,Mobile App,6,8.7,False
SESS0010119,CUST00496,2026-06-23,Website - Desktop,17,8.8,False
SESS0010120,CUST00496,2026-07-15,Website - Mobile Browser,20,15.5,False
SESS0010121,CUST00496,2026-06-14,Mobile App,16,13.5,False
SESS0010122,CUST00497,2025-09-11,Website - Desktop,14,23.9,False
SESS0010123,CUST00497,2026-05-04,Website - Mobile Browser,24,13.5,False
SESS0010124,CUST00497,2025-11-21,Website - Desktop,12,3.1,False
SESS0010125,CUST00497,2026-02-15,Mobile App,9,4.6,False
SESS0010126,CUST00497,2025-12-01,Website - Desktop,13,16.4,True
SESS0010127,CUST00497,2026-04-28,Website - Mobile Browser,20,20.2,False
SESS0010128,CUST00497,2026-05-11,Mobile App,13,10.7,True
SESS0010129,CUST00497,2026-08-06,Website - Mobile Browser,16,29.3,True
SESS0010130,CUST00497,2026-04-22,Mobile App,3,16.7,False
SESS0010131,CUST00497,2026-03-20,Website - Desktop,8,8.2,False
SESS0010132,CUST00497,2025-12-09,Website - Desktop,10,17.0,False
SESS0010133,CUST00497,2026-03-24,Website - Desktop,15,9.4,False
SESS0010134,CUST00497,2026-08-08,Mobile App,19,13.7,False
SESS0010135,CUST00497,2026-01-08,Mobile App,7,2.5,False
SESS0010136,CUST00497,2025-11-16,Mobile App,16,14.9,False
SESS0010137,CUST00497,2025-08-28,Website - Desktop,2,26.3,False
SESS0010138,CUST00497,2026-02-19,Website - Mobile Browser,17,20.3,False
SESS0010139,CUST00497,2026-01-09,Website - Mobile Browser,10,22.0,True
SESS0010140,CUST00497,2026-06-28,Mobile App,11,20.7,True
SESS0010141,CUST00497,2025-10-22,Website - Desktop,16,16.3,False
SESS0010142,CUST00497,2025-12-23,Mobile App,5,24.8,False
SESS0010143,CUST00497,2025-11-13,Website - Desktop,25,12.5,True
SESS0010144,CUST00497,2026-04-11,Website - Mobile Browser,13,25.8,False
SESS0010145,CUST00497,2026-06-21,Website - Desktop,8,3.0,True
SESS0010146,CUST00497,2025-09-22,Mobile App,22,25.8,False
SESS0010147,CUST00497,2025-11-11,Mobile App,21,18.7,False
SESS0010148,CUST00497,2026-01-10,Website - Desktop,20,1.9,False
SESS0010149,CUST00497,2025-11-26,Website - Mobile Browser,14,20.0,False
SESS0010150,CUST00497,2026-07-16,Mobile App,21,8.0,False
SESS0010151,CUST00497,2025-11-01,Mobile App,4,15.1,False
SESS0010152,CUST00497,2025-10-04,Website - Mobile Browser,12,17.2,False
SESS0010153,CUST00497,2026-03-08,Website - Desktop,2,3.7,False
SESS0010154,CUST00497,2025-11-01,Website - Mobile Browser,11,11.4,False
SESS0010155,CUST00497,2025-09-18,Mobile App,13,9.6,False
SESS0010156,CUST00497,2025-11-02,Website - Desktop,13,28.7,False
SESS0010157,CUST00497,2026-08-02,Mobile App,23,19.9,False
SESS0010158,CUST00497,2026-05-06,Website - Desktop,23,14.8,False
SESS0010159,CUST00497,2025-10-19,Mobile App,11,3.9,False
SESS0010160,CUST00497,2026-06-07,Mobile App,1,28.3,True
SESS0010161,CUST00497,2025-12-15,Website - Desktop,23,4.2,True
SESS0010162,CUST00498,2026-07-01,Website - Mobile Browser,2,2.3,True
SESS0010163,CUST00498,2025-09-21,Website - Desktop,20,15.8,True
SESS0010164,CUST00498,2026-05-19,Website - Mobile Browser,9,13.6,False
SESS0010165,CUST00498,2025-09-07,Website - Desktop,12,13.7,False
SESS0010166,CUST00498,2025-09-10,Website - Desktop,22,19.5,True
SESS0010167,CUST00499,2026-07-15,Mobile App,20,2.5,True
SESS0010168,CUST00499,2026-01-25,Website - Mobile Browser,23,30.0,False
SESS0010169,CUST00499,2026-04-27,Website - Mobile Browser,8,12.8,False
SESS0010170,CUST00499,2026-01-02,Website - Mobile Browser,9,18.9,False
SESS0010171,CUST00499,2025-08-29,Website - Mobile Browser,17,19.4,False
SESS0010172,CUST00499,2026-05-29,Website - Desktop,20,15.7,False
SESS0010173,CUST00499,2026-03-09,Mobile App,5,17.5,False
SESS0010174,CUST00499,2026-07-21,Website - Desktop,17,8.5,False
SESS0010175,CUST00499,2026-02-26,Mobile App,16,3.7,False
SESS0010176,CUST00499,2025-11-22,Website - Desktop,2,18.9,False
SESS0010177,CUST00499,2025-10-20,Website - Desktop,13,25.6,False
SESS0010178,CUST00500,2026-07-18,Website - Mobile Browser,18,29.3,False
SESS0010179,CUST00500,2025-09-27,Website - Mobile Browser,2,11.7,False
SESS0010180,CUST00500,2026-01-15,Mobile App,19,9.3,False
SESS0010181,CUST00500,2025-11-14,Mobile App,14,4.8,False
SESS0010182,CUST00500,2025-10-14,Website - Desktop,13,21.8,False
SESS0010183,CUST00500,2026-07-26,Website - Mobile Browser,19,17.9,False
SESS0010184,CUST00500,2025-12-06,Website - Desktop,9,22.9,False
SESS0010185,CUST00500,2026-04-28,Mobile App,3,4.7,False
SESS0010186,CUST00500,2026-08-06,Website - Desktop,5,20.8,True
SESS0010187,CUST00500,2026-07-25,Mobile App,15,9.5,False
SESS0010188,CUST00500,2026-02-07,Website - Mobile Browser,2,17.9,True
SESS0010189,CUST00500,2026-05-25,Mobile App,5,4.6,True
SESS0010190,CUST00500,2026-08-20,Mobile App,11,19.8,False
SESS0010191,CUST00500,2026-03-15,Website - Mobile Browser,22,15.5,True
SESS0010192,CUST00500,2026-08-15,Website - Desktop,17,8.7,False
SESS0010193,CUST00500,2026-02-05,Mobile App,23,11.9,False
SESS0010194,CUST00500,2026-07-01,Mobile App,16,0.7,False
SESS0010195,CUST00500,2026-07-02,Website - Desktop,16,14.5,True
SESS0010196,CUST00500,2025-09-27,Mobile App,25,1.9,True
SESS0010197,CUST00500,2026-03-28,Website - Mobile Browser,14,1.3,False
SESS0010198,CUST00500,2026-03-28,Website - Desktop,17,22.5,False
SESS0010199,CUST00500,2026-01-26,Website - Desktop,15,28.7,False
