transaction_id,customer_id,transaction_date,channel,product_category,quantity,unit_price,total_amount
TXN0000001,CUST00001,2026-04-22,In-Store,Toys,2,14.64,29.28
TXN0000002,CUST00001,2025-11-24,Website,Home & Kitchen,1,245.62,245.62
TXN0000003,CUST00002,2025-12-29,Mobile App,Books,2,12.91,25.83
TXN0000004,CUST00002,2026-04-27,Website,Groceries,1,20.25,20.25
TXN0000005,CUST00002,2026-01-12,In-Store,Sports & Outdoors,2,18.36,36.73
TXN0000006,CUST00002,2026-06-25,Website,Books,1,29.56,29.56
TXN0000007,CUST00002,2026-03-16,In-Store,Beauty,2,41.21,82.42
TXN0000008,CUST00002,2026-08-17,Mobile App,Sports & Outdoors,1,86.25,86.25
TXN0000009,CUST00002,2025-09-15,Website,Beauty,1,96.59,96.59
TXN0000010,CUST00002,2026-04-15,Mobile App,Toys,2,41.58,83.16
TXN0000011,CUST00003,2025-10-22,In-Store,Sports & Outdoors,4,49.31,197.25
TXN0000012,CUST00003,2026-06-28,Mobile App,Sports & Outdoors,3,29.16,87.48
TXN0000013,CUST00003,2026-06-29,Mobile App,Toys,4,11.82,47.28
TXN0000014,CUST00003,2026-07-05,In-Store,Sports & Outdoors,3,76.62,229.87
TXN0000015,CUST00004,2025-09-22,Mobile App,Beauty,1,76.71,76.71
TXN0000016,CUST00004,2026-02-19,Website,Books,2,8.72,17.45
TXN0000017,CUST00004,2025-11-21,Website,Books,2,13.12,26.23
TXN0000018,CUST00004,2026-08-11,Mobile App,Sports & Outdoors,4,18.87,75.47
TXN0000019,CUST00004,2025-09-14,In-Store,Toys,3,15.62,46.87
TXN0000020,CUST00004,2025-11-15,Website,Toys,1,24.72,24.72
TXN0000021,CUST00005,2026-04-15,Website,Apparel,1,142.6,142.6
TXN0000022,CUST00005,2026-01-19,In-Store,Books,2,6.2,12.4
TXN0000023,CUST00005,2025-11-19,Website,Home & Kitchen,4,5.64,22.56
TXN0000024,CUST00005,2026-02-08,Website,Toys,1,62.74,62.74
TXN0000025,CUST00005,2026-06-11,Website,Books,3,2.79,8.38
TXN0000026,CUST00006,2026-02-04,In-Store,Electronics,4,106.67,426.66
TXN0000027,CUST00006,2026-07-01,In-Store,Home & Kitchen,1,49.96,49.96
TXN0000028,CUST00006,2026-02-03,Mobile App,Beauty,3,9.09,27.27
TXN0000029,CUST00006,2025-10-08,In-Store,Groceries,1,64.62,64.62
TXN0000030,CUST00006,2026-02-22,Website,Books,2,11.35,22.69
TXN0000031,CUST00006,2026-04-19,In-Store,Beauty,1,37.0,37.0
TXN0000032,CUST00006,2025-10-02,Mobile App,Electronics,4,30.03,120.13
TXN0000033,CUST00006,2026-01-22,Website,Toys,1,14.49,14.49
TXN0000034,CUST00006,2026-03-15,Mobile App,Apparel,4,20.62,82.48
TXN0000035,CUST00006,2025-08-27,Mobile App,Sports & Outdoors,1,147.98,147.98
TXN0000036,CUST00006,2025-09-28,In-Store,Electronics,4,55.58,222.32
TXN0000037,CUST00006,2026-04-01,Website,Apparel,3,35.8,107.4
TXN0000038,CUST00006,2026-04-06,In-Store,Electronics,3,61.51,184.52
TXN0000039,CUST00006,2025-12-14,Website,Beauty,4,15.71,62.83
TXN0000040,CUST00006,2026-02-26,In-Store,Groceries,2,8.59,17.18
TXN0000041,CUST00006,2025-11-09,Mobile App,Books,3,9.89,29.67
TXN0000042,CUST00007,2026-04-25,In-Store,Home & Kitchen,1,241.34,241.34
TXN0000043,CUST00007,2026-08-04,Mobile App,Sports & Outdoors,4,6.91,27.62
TXN0000044,CUST00007,2026-01-04,Website,Apparel,4,15.24,60.98
TXN0000045,CUST00007,2025-09-15,In-Store,Sports & Outdoors,3,7.32,21.96
TXN0000046,CUST00008,2025-11-15,Mobile App,Sports & Outdoors,4,36.24,144.96
TXN0000047,CUST00008,2026-02-06,Mobile App,Books,3,3.58,10.74
TXN0000048,CUST00008,2026-03-16,In-Store,Apparel,2,13.04,26.08
TXN0000049,CUST00008,2026-04-07,Website,Home & Kitchen,3,75.7,227.1
TXN0000050,CUST00009,2026-06-07,Website,Electronics,4,189.31,757.22
TXN0000051,CUST00009,2026-07-03,Website,Groceries,1,12.67,12.67
TXN0000052,CUST00009,2026-07-12,Website,Toys,4,13.64,54.56
TXN0000053,CUST00009,2026-04-17,Website,Apparel,1,62.78,62.78
TXN0000054,CUST00009,2026-07-18,Mobile App,Sports & Outdoors,1,217.97,217.97
TXN0000055,CUST00009,2026-05-02,Website,Books,2,16.46,32.93
TXN0000056,CUST00010,2026-07-25,Mobile App,Books,3,4.47,13.42
TXN0000057,CUST00010,2026-08-15,Website,Toys,2,10.84,21.67
TXN0000058,CUST00010,2026-08-20,Mobile App,Books,1,17.59,17.59
TXN0000059,CUST00010,2026-07-23,Website,Beauty,4,18.72,74.88
TXN0000060,CUST00010,2026-08-02,Mobile App,Beauty,2,25.61,51.21
TXN0000061,CUST00011,2026-07-19,Website,Books,4,4.66,18.63
TXN0000062,CUST00011,2026-05-06,In-Store,Sports & Outdoors,4,29.61,118.45
TXN0000063,CUST00011,2026-05-19,In-Store,Home & Kitchen,2,52.06,104.12
TXN0000064,CUST00011,2026-05-16,Mobile App,Home & Kitchen,3,96.69,290.08
TXN0000065,CUST00011,2026-07-21,Website,Toys,2,43.71,87.42
TXN0000066,CUST00011,2026-07-21,Website,Groceries,4,16.56,66.24
TXN0000067,CUST00012,2025-10-04,Website,Beauty,2,31.65,63.3
TXN0000068,CUST00012,2026-04-03,Mobile App,Electronics,4,191.19,764.75
TXN0000069,CUST00012,2025-11-02,In-Store,Beauty,3,16.49,49.46
TXN0000070,CUST00012,2026-07-27,In-Store,Apparel,4,31.39,125.56
TXN0000071,CUST00012,2026-01-15,Mobile App,Home & Kitchen,2,98.67,197.33
TXN0000072,CUST00012,2026-02-07,Website,Home & Kitchen,4,55.07,220.27
TXN0000073,CUST00012,2026-06-04,Website,Toys,4,14.14,56.58
TXN0000074,CUST00012,2026-05-12,Mobile App,Sports & Outdoors,1,179.88,179.88
TXN0000075,CUST00012,2025-10-04,Website,Beauty,3,23.06,69.18
TXN0000076,CUST00012,2026-01-23,Website,Electronics,4,118.11,472.42
TXN0000077,CUST00012,2026-07-26,In-Store,Sports & Outdoors,4,60.48,241.94
TXN0000078,CUST00012,2026-06-24,Website,Apparel,2,24.96,49.93
TXN0000079,CUST00012,2026-03-26,Mobile App,Books,2,11.41,22.82
TXN0000080,CUST00013,2026-08-12,In-Store,Toys,4,4.59,18.36
TXN0000081,CUST00013,2026-07-30,In-Store,Apparel,2,15.34,30.67
TXN0000082,CUST00013,2026-08-07,Website,Sports & Outdoors,2,61.0,122.0
TXN0000083,CUST00014,2026-08-17,Mobile App,Toys,4,4.45,17.81
TXN0000084,CUST00014,2026-05-31,Website,Groceries,1,8.35,8.35
TXN0000085,CUST00014,2026-07-05,Website,Sports & Outdoors,2,83.64,167.27
TXN0000086,CUST00014,2026-07-08,In-Store,Beauty,2,28.22,56.44
TXN0000087,CUST00014,2026-05-23,Website,Books,2,19.34,38.67
TXN0000088,CUST00015,2026-07-29,Mobile App,Home & Kitchen,4,18.05,72.19
TXN0000089,CUST00015,2026-06-25,Website,Beauty,4,12.62,50.46
TXN0000090,CUST00015,2026-02-17,Website,Beauty,1,28.52,28.52
TXN0000091,CUST00015,2026-02-26,Mobile App,Home & Kitchen,2,61.21,122.42
TXN0000092,CUST00015,2026-07-24,Mobile App,Groceries,4,13.82,55.3
TXN0000093,CUST00015,2025-10-30,Mobile App,Sports & Outdoors,4,38.82,155.29
TXN0000094,CUST00015,2026-03-23,Mobile App,Sports & Outdoors,4,24.43,97.72
TXN0000095,CUST00015,2026-05-17,Mobile App,Groceries,1,73.9,73.9
TXN0000096,CUST00015,2025-10-13,Mobile App,Sports & Outdoors,3,14.23,42.7
TXN0000097,CUST00015,2026-01-14,Website,Sports & Outdoors,4,44.49,177.96
TXN0000098,CUST00016,2026-03-31,Mobile App,Books,4,5.38,21.54
TXN0000099,CUST00016,2026-07-10,Mobile App,Home & Kitchen,4,43.84,175.38
TXN0000100,CUST00016,2026-02-24,Website,Home & Kitchen,4,27.02,108.08
TXN0000101,CUST00016,2026-01-12,Mobile App,Sports & Outdoors,4,59.67,238.68
TXN0000102,CUST00016,2026-08-14,Website,Books,4,9.71,38.84
TXN0000103,CUST00016,2026-07-22,Mobile App,Toys,4,10.81,43.25
TXN0000104,CUST00016,2026-05-28,Mobile App,Apparel,2,45.66,91.33
TXN0000105,CUST00017,2025-12-03,Website,Beauty,2,29.19,58.38
TXN0000106,CUST00017,2026-08-08,In-Store,Toys,1,53.98,53.98
TXN0000107,CUST00017,2026-08-11,Mobile App,Groceries,3,21.04,63.13
TXN0000108,CUST00017,2026-02-06,Mobile App,Electronics,4,155.0,620.0
TXN0000109,CUST00017,2025-10-14,Mobile App,Books,2,5.64,11.28
TXN0000110,CUST00017,2026-01-22,Website,Electronics,3,129.1,387.3
TXN0000111,CUST00018,2026-05-06,Mobile App,Apparel,2,59.85,119.71
TXN0000112,CUST00019,2026-07-18,In-Store,Sports & Outdoors,4,54.34,217.35
TXN0000113,CUST00019,2026-05-17,Website,Home & Kitchen,2,119.88,239.76
TXN0000114,CUST00019,2026-07-12,In-Store,Sports & Outdoors,2,70.05,140.09
TXN0000115,CUST00019,2026-08-02,Website,Groceries,3,8.9,26.7
TXN0000116,CUST00019,2026-07-13,In-Store,Apparel,4,8.32,33.3
TXN0000117,CUST00019,2026-08-13,In-Store,Groceries,2,35.02,70.03
TXN0000118,CUST00019,2026-07-02,Mobile App,Home & Kitchen,3,29.97,89.91
TXN0000119,CUST00019,2026-05-04,In-Store,Books,3,7.89,23.66
TXN0000120,CUST00019,2026-07-01,Mobile App,Books,1,22.46,22.46
TXN0000121,CUST00019,2026-05-16,Mobile App,Groceries,3,19.03,57.1
TXN0000122,CUST00019,2026-05-24,Mobile App,Toys,1,36.18,36.18
TXN0000123,CUST00020,2026-04-26,Mobile App,Toys,3,20.26,60.79
TXN0000124,CUST00020,2026-08-15,In-Store,Books,4,3.74,14.97
TXN0000125,CUST00020,2026-04-18,In-Store,Toys,3,10.49,31.48
TXN0000126,CUST00020,2026-08-06,Website,Home & Kitchen,4,44.63,178.52
TXN0000127,CUST00020,2026-02-24,In-Store,Electronics,4,21.11,84.46
TXN0000128,CUST00020,2026-05-03,Website,Home & Kitchen,1,143.56,143.56
TXN0000129,CUST00020,2025-12-21,In-Store,Books,2,7.24,14.47
TXN0000130,CUST00020,2025-10-07,In-Store,Groceries,3,5.64,16.92
TXN0000131,CUST00020,2025-12-31,Website,Sports & Outdoors,3,24.61,73.84
TXN0000132,CUST00021,2026-02-15,Website,Groceries,2,29.73,59.45
TXN0000133,CUST00021,2026-03-20,Mobile App,Apparel,1,110.0,110.0
TXN0000134,CUST00022,2026-04-24,Mobile App,Home & Kitchen,4,46.56,186.23
TXN0000135,CUST00022,2026-01-24,Website,Sports & Outdoors,4,51.76,207.02
TXN0000136,CUST00023,2026-05-23,Website,Apparel,1,45.91,45.91
TXN0000137,CUST00023,2026-06-25,Mobile App,Apparel,3,9.64,28.93
TXN0000138,CUST00023,2025-12-07,In-Store,Home & Kitchen,2,63.58,127.16
TXN0000139,CUST00023,2026-06-28,Mobile App,Home & Kitchen,1,39.16,39.16
TXN0000140,CUST00023,2026-06-13,Mobile App,Home & Kitchen,2,71.61,143.23
TXN0000141,CUST00023,2026-03-03,Mobile App,Home & Kitchen,4,69.39,277.57
TXN0000142,CUST00023,2025-09-05,In-Store,Apparel,2,68.02,136.04
TXN0000143,CUST00023,2025-10-18,In-Store,Books,4,4.81,19.25
TXN0000144,CUST00023,2026-04-25,Website,Home & Kitchen,1,89.38,89.38
TXN0000145,CUST00024,2025-11-06,Mobile App,Groceries,1,63.42,63.42
TXN0000146,CUST00024,2026-05-24,In-Store,Groceries,2,10.21,20.41
TXN0000147,CUST00025,2025-10-23,Website,Electronics,2,318.93,637.85
TXN0000148,CUST00025,2025-12-08,Mobile App,Apparel,1,47.55,47.55
TXN0000149,CUST00025,2025-11-25,Mobile App,Electronics,3,263.39,790.16
TXN0000150,CUST00025,2026-06-25,Website,Books,2,9.85,19.69
TXN0000151,CUST00026,2026-07-16,In-Store,Apparel,1,17.25,17.25
TXN0000152,CUST00026,2026-05-31,Website,Beauty,1,13.58,13.58
TXN0000153,CUST00026,2026-07-24,In-Store,Books,4,6.05,24.21
TXN0000154,CUST00026,2026-04-30,Mobile App,Books,2,5.32,10.64
TXN0000155,CUST00027,2026-07-07,Website,Apparel,2,42.02,84.03
TXN0000156,CUST00027,2026-01-13,In-Store,Home & Kitchen,4,42.55,170.19
TXN0000157,CUST00027,2026-07-20,Mobile App,Apparel,4,14.22,56.87
TXN0000158,CUST00027,2026-06-18,Mobile App,Beauty,1,15.21,15.21
TXN0000159,CUST00027,2026-07-19,In-Store,Apparel,1,76.21,76.21
TXN0000160,CUST00027,2026-06-19,Website,Home & Kitchen,2,26.72,53.44
TXN0000161,CUST00028,2026-08-07,Website,Sports & Outdoors,3,45.97,137.91
TXN0000162,CUST00029,2026-03-05,Website,Groceries,1,59.97,59.97
TXN0000163,CUST00029,2026-07-05,In-Store,Electronics,4,75.31,301.26
TXN0000164,CUST00029,2026-07-08,Website,Apparel,1,50.5,50.5
TXN0000165,CUST00029,2026-03-16,Mobile App,Sports & Outdoors,2,14.02,28.03
TXN0000166,CUST00029,2026-06-08,Website,Groceries,1,63.0,63.0
TXN0000167,CUST00029,2026-08-05,Website,Electronics,1,83.03,83.03
TXN0000168,CUST00029,2026-04-08,Website,Toys,2,19.56,39.12
TXN0000169,CUST00029,2026-08-12,Website,Electronics,4,116.16,464.65
TXN0000170,CUST00029,2026-08-16,Website,Beauty,3,15.82,47.46
TXN0000171,CUST00029,2026-03-22,Website,Apparel,1,92.16,92.16
TXN0000172,CUST00029,2026-05-14,Mobile App,Electronics,1,184.51,184.51
TXN0000173,CUST00029,2026-01-14,In-Store,Apparel,3,44.46,133.39
TXN0000174,CUST00029,2026-03-08,In-Store,Groceries,4,7.39,29.55
TXN0000175,CUST00029,2026-05-29,Website,Beauty,3,12.08,36.24
TXN0000176,CUST00029,2026-07-04,Mobile App,Beauty,4,12.94,51.75
TXN0000177,CUST00029,2026-07-24,In-Store,Beauty,2,37.96,75.92
TXN0000178,CUST00030,2026-07-25,Website,Books,3,2.92,8.77
TXN0000179,CUST00030,2026-08-07,Mobile App,Electronics,1,763.24,763.24
TXN0000180,CUST00030,2026-07-05,In-Store,Books,3,11.72,35.17
TXN0000181,CUST00030,2026-06-26,Website,Beauty,1,47.78,47.78
TXN0000182,CUST00030,2026-07-13,In-Store,Home & Kitchen,1,219.26,219.26
TXN0000183,CUST00030,2026-06-10,Website,Beauty,4,22.69,90.76
TXN0000184,CUST00030,2026-06-19,Mobile App,Sports & Outdoors,1,122.74,122.74
TXN0000185,CUST00030,2026-07-16,Mobile App,Home & Kitchen,4,49.6,198.42
TXN0000186,CUST00030,2026-08-16,Website,Electronics,2,188.12,376.24
TXN0000187,CUST00030,2026-04-30,Website,Groceries,4,17.2,68.82
TXN0000188,CUST00031,2025-10-29,Website,Groceries,2,11.26,22.52
TXN0000189,CUST00031,2026-04-29,Website,Apparel,2,17.99,35.98
TXN0000190,CUST00031,2025-11-02,Mobile App,Sports & Outdoors,3,36.84,110.53
TXN0000191,CUST00031,2025-10-28,In-Store,Beauty,4,12.67,50.67
TXN0000192,CUST00031,2026-02-27,Website,Apparel,3,9.07,27.21
TXN0000193,CUST00031,2026-01-09,In-Store,Electronics,3,70.42,211.27
TXN0000194,CUST00031,2026-01-28,Website,Beauty,4,24.29,97.16
TXN0000195,CUST00031,2026-03-15,Mobile App,Groceries,2,12.26,24.51
TXN0000196,CUST00031,2025-10-12,Website,Books,2,17.68,35.35
TXN0000197,CUST00031,2026-03-25,Website,Apparel,2,61.77,123.53
TXN0000198,CUST00031,2025-11-26,Website,Electronics,2,336.39,672.78
TXN0000199,CUST00031,2025-12-24,Website,Books,1,19.91,19.91
TXN0000200,CUST00031,2026-05-09,Mobile App,Groceries,1,73.81,73.81
TXN0000201,CUST00032,2025-10-21,In-Store,Beauty,4,22.8,91.22
TXN0000202,CUST00032,2025-10-21,In-Store,Apparel,3,45.73,137.19
TXN0000203,CUST00032,2025-12-21,Website,Toys,4,3.51,14.05
TXN0000204,CUST00032,2025-09-14,In-Store,Books,4,5.97,23.88
TXN0000205,CUST00033,2026-07-28,Website,Beauty,3,30.58,91.75
TXN0000206,CUST00033,2026-04-05,Website,Home & Kitchen,2,14.85,29.7
TXN0000207,CUST00033,2026-04-22,Mobile App,Toys,4,10.74,42.96
TXN0000208,CUST00033,2026-02-19,Website,Groceries,4,8.43,33.73
TXN0000209,CUST00033,2026-03-21,Website,Beauty,1,66.77,66.77
TXN0000210,CUST00033,2026-01-02,In-Store,Sports & Outdoors,4,31.93,127.73
TXN0000211,CUST00033,2026-06-05,Website,Sports & Outdoors,2,53.13,106.27
TXN0000212,CUST00033,2025-12-19,Website,Beauty,3,4.21,12.64
TXN0000213,CUST00033,2025-11-14,Website,Toys,2,26.18,52.35
TXN0000214,CUST00033,2025-11-01,In-Store,Apparel,2,24.23,48.46
TXN0000215,CUST00033,2025-09-20,Website,Electronics,2,311.52,623.04
TXN0000216,CUST00033,2026-02-24,Mobile App,Books,2,9.68,19.35
TXN0000217,CUST00033,2026-01-23,Website,Sports & Outdoors,3,68.15,204.46
TXN0000218,CUST00033,2026-03-08,In-Store,Electronics,3,192.53,577.59
TXN0000219,CUST00034,2025-09-29,Mobile App,Beauty,4,21.32,85.3
TXN0000220,CUST00034,2025-11-14,Mobile App,Home & Kitchen,1,157.32,157.32
TXN0000221,CUST00034,2025-11-11,Website,Beauty,4,2.95,11.79
TXN0000222,CUST00034,2025-12-24,Website,Beauty,3,27.53,82.58
TXN0000223,CUST00034,2026-01-03,Mobile App,Sports & Outdoors,2,14.5,29.0
TXN0000224,CUST00034,2025-11-13,Mobile App,Home & Kitchen,3,78.94,236.82
TXN0000225,CUST00034,2026-05-24,In-Store,Sports & Outdoors,4,45.14,180.57
TXN0000226,CUST00034,2026-03-05,Mobile App,Sports & Outdoors,2,42.95,85.91
TXN0000227,CUST00034,2026-08-20,In-Store,Books,4,8.34,33.34
TXN0000228,CUST00034,2026-06-19,Mobile App,Home & Kitchen,3,72.67,218.01
TXN0000229,CUST00034,2026-08-15,Website,Home & Kitchen,3,41.98,125.95
TXN0000230,CUST00034,2025-08-30,Website,Electronics,4,190.4,761.59
TXN0000231,CUST00034,2026-04-24,In-Store,Electronics,3,62.19,186.56
TXN0000232,CUST00034,2026-02-03,In-Store,Beauty,1,67.57,67.57
TXN0000233,CUST00034,2026-07-18,In-Store,Home & Kitchen,1,112.73,112.73
TXN0000234,CUST00034,2026-04-04,Website,Sports & Outdoors,1,54.45,54.45
TXN0000235,CUST00034,2026-04-07,In-Store,Sports & Outdoors,3,39.99,119.96
TXN0000236,CUST00034,2026-08-07,Website,Apparel,1,62.31,62.31
TXN0000237,CUST00034,2026-04-29,Mobile App,Electronics,4,84.86,339.45
TXN0000238,CUST00034,2025-12-20,In-Store,Books,4,5.95,23.78
TXN0000239,CUST00034,2026-07-22,Website,Books,4,2.81,11.25
TXN0000240,CUST00034,2026-08-02,In-Store,Beauty,1,24.64,24.64
TXN0000241,CUST00034,2026-01-12,In-Store,Electronics,3,90.39,271.18
TXN0000242,CUST00035,2026-03-09,In-Store,Apparel,4,15.29,61.14
TXN0000243,CUST00035,2025-12-06,Website,Apparel,1,88.85,88.85
TXN0000244,CUST00035,2026-07-21,Website,Toys,4,16.59,66.36
TXN0000245,CUST00035,2026-06-18,In-Store,Home & Kitchen,4,47.51,190.05
TXN0000246,CUST00035,2026-01-08,Website,Apparel,2,29.85,59.7
TXN0000247,CUST00035,2026-06-12,Mobile App,Groceries,3,18.18,54.54
TXN0000248,CUST00035,2026-02-03,Website,Electronics,4,86.17,344.68
TXN0000249,CUST00035,2025-09-11,Website,Sports & Outdoors,1,15.9,15.9
TXN0000250,CUST00035,2026-07-16,Website,Toys,1,25.97,25.97
TXN0000251,CUST00035,2025-11-04,Website,Groceries,4,19.57,78.28
TXN0000252,CUST00035,2026-02-28,In-Store,Groceries,4,15.97,63.87
TXN0000253,CUST00035,2026-08-03,Mobile App,Groceries,4,2.96,11.84
TXN0000254,CUST00035,2025-10-26,Website,Books,4,4.96,19.82
TXN0000255,CUST00035,2026-08-06,Website,Toys,2,23.6,47.2
TXN0000256,CUST00035,2026-03-08,In-Store,Electronics,1,163.35,163.35
TXN0000257,CUST00035,2025-08-29,Website,Sports & Outdoors,4,51.23,204.92
TXN0000258,CUST00035,2025-09-19,In-Store,Beauty,4,14.96,59.82
TXN0000259,CUST00035,2026-04-25,In-Store,Books,4,9.72,38.9
TXN0000260,CUST00036,2026-07-31,In-Store,Toys,4,8.48,33.91
TXN0000261,CUST00036,2026-08-09,In-Store,Electronics,2,213.29,426.58
TXN0000262,CUST00036,2026-06-29,Website,Toys,2,11.91,23.83
TXN0000263,CUST00036,2026-05-30,In-Store,Beauty,4,5.34,21.36
TXN0000264,CUST00036,2026-07-10,Website,Books,2,7.23,14.46
TXN0000265,CUST00036,2026-07-25,In-Store,Groceries,1,28.98,28.98
TXN0000266,CUST00036,2026-08-19,Website,Books,3,8.56,25.67
TXN0000267,CUST00036,2026-08-01,Mobile App,Electronics,4,159.98,639.91
TXN0000268,CUST00036,2026-07-20,Website,Home & Kitchen,1,61.5,61.5
TXN0000269,CUST00036,2026-08-16,In-Store,Apparel,3,40.36,121.08
TXN0000270,CUST00036,2026-07-29,In-Store,Groceries,4,8.43,33.73
TXN0000271,CUST00036,2026-06-04,Mobile App,Toys,3,4.33,13.0
TXN0000272,CUST00036,2026-07-02,Mobile App,Books,3,3.08,9.24
TXN0000273,CUST00036,2026-06-20,Mobile App,Electronics,3,203.1,609.31
TXN0000274,CUST00036,2026-05-29,In-Store,Electronics,3,101.13,303.4
TXN0000275,CUST00036,2026-05-26,Website,Toys,1,78.66,78.66
TXN0000276,CUST00036,2026-08-02,In-Store,Beauty,4,5.52,22.09
TXN0000277,CUST00036,2026-07-11,In-Store,Sports & Outdoors,4,19.58,78.31
TXN0000278,CUST00036,2026-07-13,Mobile App,Apparel,2,20.18,40.37
TXN0000279,CUST00036,2026-06-11,In-Store,Books,3,10.57,31.71
TXN0000280,CUST00036,2026-06-14,In-Store,Home & Kitchen,4,9.59,38.37
TXN0000281,CUST00036,2026-06-26,Website,Electronics,2,90.15,180.3
TXN0000282,CUST00036,2026-07-18,In-Store,Beauty,1,12.98,12.98
TXN0000283,CUST00037,2026-01-29,Mobile App,Groceries,4,8.16,32.63
TXN0000284,CUST00037,2025-09-02,Mobile App,Apparel,2,53.48,106.96
TXN0000285,CUST00037,2026-04-26,Website,Toys,4,6.05,24.21
TXN0000286,CUST00038,2026-03-08,Mobile App,Sports & Outdoors,3,17.81,53.43
TXN0000287,CUST00038,2026-04-15,Mobile App,Apparel,4,13.37,53.48
TXN0000288,CUST00038,2026-04-07,Website,Beauty,2,43.57,87.14
TXN0000289,CUST00038,2026-05-26,Mobile App,Groceries,1,53.87,53.87
TXN0000290,CUST00038,2026-03-27,In-Store,Electronics,2,202.78,405.57
TXN0000291,CUST00038,2026-05-07,Mobile App,Electronics,3,72.61,217.83
TXN0000292,CUST00038,2025-09-24,Mobile App,Groceries,4,9.2,36.79
TXN0000293,CUST00038,2026-07-27,In-Store,Toys,4,7.54,30.16
TXN0000294,CUST00039,2025-10-04,Mobile App,Books,1,26.7,26.7
TXN0000295,CUST00039,2026-06-06,Mobile App,Sports & Outdoors,3,48.98,146.94
TXN0000296,CUST00039,2025-12-13,Website,Apparel,3,26.68,80.03
TXN0000297,CUST00039,2025-09-27,In-Store,Sports & Outdoors,3,72.48,217.45
TXN0000298,CUST00039,2026-05-29,Mobile App,Groceries,2,9.56,19.13
TXN0000299,CUST00039,2026-01-31,In-Store,Books,2,14.57,29.14
TXN0000300,CUST00039,2026-01-16,Mobile App,Toys,3,29.93,89.8
TXN0000301,CUST00039,2026-04-21,In-Store,Books,1,20.42,20.42
TXN0000302,CUST00039,2026-02-13,Mobile App,Beauty,2,20.45,40.89
TXN0000303,CUST00039,2026-03-07,Mobile App,Toys,3,27.51,82.52
TXN0000304,CUST00039,2025-10-15,Mobile App,Home & Kitchen,2,127.69,255.38
TXN0000305,CUST00039,2026-01-14,Website,Toys,3,6.75,20.24
TXN0000306,CUST00040,2026-06-10,In-Store,Home & Kitchen,3,95.05,285.14
TXN0000307,CUST00040,2026-03-11,Mobile App,Beauty,3,13.99,41.98
TXN0000308,CUST00040,2026-08-07,Mobile App,Sports & Outdoors,3,34.12,102.35
TXN0000309,CUST00040,2025-10-17,Mobile App,Apparel,1,78.52,78.52
TXN0000310,CUST00040,2026-04-27,Mobile App,Beauty,4,13.76,55.04
TXN0000311,CUST00041,2026-07-22,Website,Electronics,2,351.57,703.14
TXN0000312,CUST00041,2026-06-09,Website,Beauty,4,10.21,40.84
TXN0000313,CUST00041,2026-05-16,Website,Home & Kitchen,4,59.52,238.1
TXN0000314,CUST00041,2026-01-08,Website,Home & Kitchen,1,107.76,107.76
TXN0000315,CUST00041,2026-08-03,Website,Groceries,2,10.35,20.7
TXN0000316,CUST00042,2026-03-14,Mobile App,Apparel,4,8.12,32.47
TXN0000317,CUST00042,2026-03-14,Mobile App,Books,4,5.43,21.73
TXN0000318,CUST00042,2025-10-10,Website,Electronics,3,150.11,450.34
TXN0000319,CUST00042,2025-08-28,In-Store,Sports & Outdoors,2,96.43,192.86
TXN0000320,CUST00042,2026-03-29,Website,Electronics,2,260.01,520.02
TXN0000321,CUST00042,2026-03-08,Website,Sports & Outdoors,1,88.34,88.34
TXN0000322,CUST00042,2026-08-02,Website,Groceries,1,17.53,17.53
TXN0000323,CUST00042,2025-12-14,Website,Groceries,3,13.06,39.19
TXN0000324,CUST00042,2026-05-23,Mobile App,Home & Kitchen,4,28.99,115.97
TXN0000325,CUST00042,2026-07-18,Website,Beauty,4,6.21,24.84
TXN0000326,CUST00043,2025-12-28,Website,Home & Kitchen,1,79.13,79.13
TXN0000327,CUST00043,2026-01-22,Mobile App,Home & Kitchen,1,54.49,54.49
TXN0000328,CUST00043,2026-04-16,Website,Groceries,1,62.84,62.84
TXN0000329,CUST00043,2026-02-27,Mobile App,Electronics,1,546.48,546.48
TXN0000330,CUST00044,2026-01-26,Mobile App,Books,1,22.22,22.22
TXN0000331,CUST00044,2026-02-10,Mobile App,Toys,2,33.08,66.15
TXN0000332,CUST00044,2026-07-12,Mobile App,Electronics,1,275.84,275.84
TXN0000333,CUST00044,2026-02-03,Mobile App,Groceries,2,25.86,51.71
TXN0000334,CUST00045,2025-10-31,In-Store,Apparel,1,84.06,84.06
TXN0000335,CUST00045,2026-06-10,Website,Apparel,2,41.09,82.19
TXN0000336,CUST00045,2026-06-29,In-Store,Beauty,4,10.55,42.21
TXN0000337,CUST00045,2026-06-29,Website,Electronics,2,230.55,461.1
TXN0000338,CUST00046,2026-08-13,Website,Electronics,1,59.56,59.56
TXN0000339,CUST00046,2026-08-21,In-Store,Toys,1,21.93,21.93
TXN0000340,CUST00046,2026-06-16,In-Store,Apparel,1,112.68,112.68
TXN0000341,CUST00046,2026-06-27,In-Store,Beauty,3,17.04,51.11
TXN0000342,CUST00047,2025-12-09,Mobile App,Apparel,1,124.78,124.78
TXN0000343,CUST00047,2025-09-20,In-Store,Sports & Outdoors,3,67.79,203.38
TXN0000344,CUST00047,2025-10-01,Mobile App,Apparel,1,27.82,27.82
TXN0000345,CUST00048,2026-05-15,In-Store,Home & Kitchen,4,28.01,112.03
TXN0000346,CUST00049,2026-02-18,Website,Apparel,3,21.77,65.3
TXN0000347,CUST00049,2025-12-24,Website,Books,4,5.2,20.81
TXN0000348,CUST00049,2025-10-12,Website,Books,4,7.52,30.08
TXN0000349,CUST00049,2026-04-19,In-Store,Home & Kitchen,1,51.66,51.66
TXN0000350,CUST00049,2025-10-02,In-Store,Home & Kitchen,4,12.26,49.04
TXN0000351,CUST00050,2026-04-07,Mobile App,Home & Kitchen,3,63.72,191.17
TXN0000352,CUST00050,2026-07-17,Mobile App,Home & Kitchen,4,38.81,155.26
TXN0000353,CUST00050,2025-12-19,Website,Books,1,22.1,22.1
TXN0000354,CUST00050,2026-02-05,Website,Sports & Outdoors,2,8.95,17.9
TXN0000355,CUST00050,2026-04-05,In-Store,Sports & Outdoors,1,136.99,136.99
TXN0000356,CUST00051,2026-07-07,Mobile App,Beauty,4,13.34,53.37
TXN0000357,CUST00051,2026-07-25,Website,Electronics,2,29.36,58.73
TXN0000358,CUST00051,2026-07-24,Mobile App,Toys,2,39.08,78.15
TXN0000359,CUST00051,2026-07-11,Website,Toys,3,11.88,35.65
TXN0000360,CUST00051,2026-07-07,In-Store,Electronics,4,107.55,430.2
TXN0000361,CUST00051,2026-07-15,Mobile App,Beauty,4,4.27,17.09
TXN0000362,CUST00051,2026-06-17,In-Store,Toys,4,4.26,17.04
TXN0000363,CUST00051,2026-07-03,Mobile App,Apparel,1,147.39,147.39
TXN0000364,CUST00051,2026-07-01,Website,Books,1,9.15,9.15
TXN0000365,CUST00051,2026-08-04,In-Store,Groceries,2,35.88,71.76
TXN0000366,CUST00051,2026-07-15,Mobile App,Toys,3,28.68,86.03
TXN0000367,CUST00051,2026-08-11,In-Store,Beauty,3,28.66,85.99
TXN0000368,CUST00051,2026-06-25,Mobile App,Toys,3,22.44,67.33
TXN0000369,CUST00051,2026-08-04,Mobile App,Apparel,2,14.07,28.15
TXN0000370,CUST00052,2026-07-19,Website,Groceries,3,15.36,46.08
TXN0000371,CUST00053,2026-04-23,Website,Home & Kitchen,4,39.47,157.88
TXN0000372,CUST00054,2026-01-03,Website,Beauty,4,6.72,26.88
TXN0000373,CUST00055,2025-12-14,Mobile App,Beauty,1,74.51,74.51
TXN0000374,CUST00055,2026-03-13,In-Store,Electronics,1,744.97,744.97
TXN0000375,CUST00055,2025-10-29,In-Store,Toys,2,23.3,46.59
TXN0000376,CUST00055,2026-04-02,In-Store,Electronics,1,447.77,447.77
TXN0000377,CUST00055,2026-06-26,Mobile App,Books,4,8.71,34.84
TXN0000378,CUST00056,2026-07-02,In-Store,Home & Kitchen,2,106.86,213.71
TXN0000379,CUST00056,2025-10-16,Mobile App,Home & Kitchen,3,16.33,49.0
TXN0000380,CUST00056,2026-03-08,Mobile App,Books,2,10.7,21.4
TXN0000381,CUST00056,2025-11-29,Website,Sports & Outdoors,4,60.77,243.07
TXN0000382,CUST00056,2026-07-12,In-Store,Home & Kitchen,3,45.19,135.57
TXN0000383,CUST00056,2025-09-23,In-Store,Sports & Outdoors,2,91.14,182.29
TXN0000384,CUST00056,2025-09-23,Website,Groceries,2,28.25,56.5
TXN0000385,CUST00056,2025-09-02,In-Store,Home & Kitchen,3,53.7,161.09
TXN0000386,CUST00056,2026-02-25,Mobile App,Sports & Outdoors,4,36.78,147.14
TXN0000387,CUST00056,2025-09-07,Mobile App,Groceries,4,17.7,70.81
TXN0000388,CUST00056,2026-03-24,In-Store,Apparel,2,9.21,18.41
TXN0000389,CUST00056,2026-01-19,Website,Electronics,2,99.97,199.93
TXN0000390,CUST00056,2026-03-27,In-Store,Groceries,1,15.98,15.98
TXN0000391,CUST00056,2026-07-19,Mobile App,Groceries,1,20.3,20.3
TXN0000392,CUST00056,2026-03-13,Website,Toys,2,9.1,18.2
TXN0000393,CUST00056,2026-03-10,Mobile App,Books,3,5.2,15.6
TXN0000394,CUST00056,2026-08-21,Mobile App,Electronics,4,186.22,744.86
TXN0000395,CUST00056,2026-02-12,Mobile App,Sports & Outdoors,1,241.97,241.97
TXN0000396,CUST00056,2026-06-02,Website,Groceries,4,5.06,20.23
TXN0000397,CUST00056,2026-01-05,In-Store,Sports & Outdoors,2,96.22,192.45
TXN0000398,CUST00056,2025-11-15,In-Store,Beauty,2,18.24,36.48
TXN0000399,CUST00056,2026-05-31,In-Store,Apparel,2,20.12,40.24
TXN0000400,CUST00057,2026-05-17,Website,Electronics,3,123.79,371.38
TXN0000401,CUST00057,2025-12-09,Website,Groceries,4,1.35,5.42
TXN0000402,CUST00057,2026-02-10,Mobile App,Home & Kitchen,3,10.39,31.18
TXN0000403,CUST00057,2026-02-26,Mobile App,Groceries,3,13.93,41.79
TXN0000404,CUST00057,2026-01-16,Website,Sports & Outdoors,2,69.23,138.47
TXN0000405,CUST00058,2026-08-18,Website,Home & Kitchen,4,34.12,136.46
TXN0000406,CUST00058,2026-08-19,Website,Beauty,3,29.84,89.51
TXN0000407,CUST00058,2026-08-20,Website,Groceries,4,5.34,21.38
TXN0000408,CUST00058,2026-08-20,In-Store,Electronics,3,45.35,136.04
TXN0000409,CUST00058,2026-08-18,Mobile App,Beauty,3,32.1,96.3
TXN0000410,CUST00059,2026-03-23,In-Store,Apparel,3,22.36,67.09
TXN0000411,CUST00059,2026-05-25,Website,Sports & Outdoors,4,33.97,135.86
TXN0000412,CUST00059,2026-05-13,Mobile App,Groceries,2,36.19,72.37
TXN0000413,CUST00059,2026-03-25,Website,Apparel,2,71.5,143.01
TXN0000414,CUST00059,2026-08-12,In-Store,Electronics,2,260.1,520.2
TXN0000415,CUST00059,2026-06-21,Mobile App,Beauty,4,21.96,87.85
TXN0000416,CUST00059,2026-08-16,In-Store,Beauty,4,14.6,58.4
TXN0000417,CUST00060,2026-05-18,In-Store,Apparel,2,57.91,115.83
TXN0000418,CUST00060,2026-02-17,Website,Sports & Outdoors,1,23.9,23.9
TXN0000419,CUST00060,2026-01-03,Website,Groceries,2,23.43,46.86
TXN0000420,CUST00060,2025-11-13,In-Store,Books,4,5.11,20.42
TXN0000421,CUST00060,2026-02-18,Mobile App,Electronics,1,342.13,342.13
TXN0000422,CUST00060,2025-09-18,Mobile App,Apparel,1,117.05,117.05
TXN0000423,CUST00060,2026-01-06,Mobile App,Apparel,1,63.29,63.29
TXN0000424,CUST00060,2025-09-11,Website,Groceries,3,16.83,50.49
TXN0000425,CUST00060,2025-11-09,In-Store,Toys,1,40.51,40.51
TXN0000426,CUST00060,2026-07-19,Mobile App,Beauty,4,5.57,22.27
TXN0000427,CUST00060,2026-01-04,In-Store,Groceries,2,38.51,77.01
TXN0000428,CUST00060,2026-02-12,Website,Sports & Outdoors,1,239.99,239.99
TXN0000429,CUST00060,2026-02-06,Mobile App,Home & Kitchen,1,54.51,54.51
TXN0000430,CUST00060,2025-09-12,Mobile App,Books,1,25.19,25.19
TXN0000431,CUST00060,2026-08-15,Website,Sports & Outdoors,2,32.38,64.76
TXN0000432,CUST00060,2025-12-21,Website,Beauty,3,21.84,65.52
TXN0000433,CUST00060,2026-05-07,Website,Home & Kitchen,1,207.87,207.87
TXN0000434,CUST00060,2026-03-02,In-Store,Toys,1,61.57,61.57
TXN0000435,CUST00060,2026-06-21,Website,Apparel,2,24.42,48.84
TXN0000436,CUST00060,2026-06-23,Mobile App,Toys,3,28.71,86.12
TXN0000437,CUST00060,2025-11-29,Website,Beauty,1,19.0,19.0
TXN0000438,CUST00060,2026-03-10,In-Store,Sports & Outdoors,3,43.06,129.18
TXN0000439,CUST00060,2025-10-28,Mobile App,Groceries,2,28.5,57.01
TXN0000440,CUST00060,2026-04-19,Mobile App,Sports & Outdoors,4,51.2,204.81
TXN0000441,CUST00061,2026-01-05,Website,Beauty,4,20.18,80.71
TXN0000442,CUST00061,2026-04-19,Website,Sports & Outdoors,3,15.52,46.56
TXN0000443,CUST00061,2026-06-23,In-Store,Toys,3,15.21,45.63
TXN0000444,CUST00061,2026-02-28,Mobile App,Apparel,1,38.73,38.73
TXN0000445,CUST00061,2026-01-09,In-Store,Home & Kitchen,2,134.78,269.56
TXN0000446,CUST00062,2026-07-19,Mobile App,Apparel,1,113.2,113.2
TXN0000447,CUST00062,2026-02-28,In-Store,Electronics,4,164.87,659.48
TXN0000448,CUST00062,2026-01-01,In-Store,Beauty,3,30.52,91.57
TXN0000449,CUST00063,2026-07-05,In-Store,Toys,2,31.16,62.31
TXN0000450,CUST00063,2026-02-18,Website,Beauty,3,30.08,90.23
TXN0000451,CUST00063,2026-02-16,Website,Apparel,1,68.57,68.57
TXN0000452,CUST00063,2026-04-01,Mobile App,Home & Kitchen,2,116.01,232.02
TXN0000453,CUST00063,2026-02-23,Mobile App,Home & Kitchen,2,89.29,178.58
TXN0000454,CUST00064,2025-10-16,Mobile App,Sports & Outdoors,4,6.12,24.5
TXN0000455,CUST00064,2025-10-25,Website,Groceries,1,32.71,32.71
TXN0000456,CUST00064,2025-09-23,Mobile App,Sports & Outdoors,4,26.55,106.2
TXN0000457,CUST00064,2026-04-15,In-Store,Electronics,3,261.81,785.44
TXN0000458,CUST00064,2025-11-11,Website,Groceries,3,22.54,67.62
TXN0000459,CUST00064,2025-11-02,Mobile App,Home & Kitchen,4,31.36,125.46
TXN0000460,CUST00064,2026-01-04,Website,Apparel,4,21.19,84.75
TXN0000461,CUST00064,2026-05-12,In-Store,Beauty,3,18.82,56.47
TXN0000462,CUST00064,2025-10-08,In-Store,Sports & Outdoors,4,32.35,129.41
TXN0000463,CUST00065,2026-07-14,Website,Home & Kitchen,2,71.58,143.17
TXN0000464,CUST00065,2026-08-12,Website,Groceries,2,10.43,20.86
TXN0000465,CUST00065,2026-08-08,Website,Apparel,4,26.06,104.25
TXN0000466,CUST00065,2026-07-27,In-Store,Apparel,4,20.0,80.0
TXN0000467,CUST00065,2026-07-26,Mobile App,Home & Kitchen,4,50.31,201.23
TXN0000468,CUST00065,2026-07-13,Website,Electronics,2,72.95,145.91
TXN0000469,CUST00065,2026-07-11,Website,Electronics,2,359.05,718.1
TXN0000470,CUST00065,2026-08-13,Website,Groceries,4,18.55,74.18
TXN0000471,CUST00065,2026-07-04,Mobile App,Electronics,3,236.29,708.88
TXN0000472,CUST00065,2026-07-05,In-Store,Beauty,4,12.61,50.43
TXN0000473,CUST00065,2026-07-31,In-Store,Home & Kitchen,4,20.36,81.42
TXN0000474,CUST00065,2026-07-11,Mobile App,Home & Kitchen,3,64.83,194.5
TXN0000475,CUST00065,2026-08-03,Website,Sports & Outdoors,1,231.75,231.75
TXN0000476,CUST00065,2026-07-04,Website,Books,1,12.23,12.23
TXN0000477,CUST00065,2026-07-31,Website,Books,1,34.45,34.45
TXN0000478,CUST00065,2026-07-05,Website,Electronics,1,708.31,708.31
TXN0000479,CUST00065,2026-07-15,Website,Home & Kitchen,1,272.56,272.56
TXN0000480,CUST00065,2026-07-12,In-Store,Books,3,8.24,24.71
TXN0000481,CUST00065,2026-08-19,In-Store,Books,4,3.83,15.34
TXN0000482,CUST00065,2026-08-01,In-Store,Books,1,19.22,19.22
TXN0000483,CUST00065,2026-07-31,Mobile App,Groceries,2,20.39,40.79
TXN0000484,CUST00065,2026-07-03,In-Store,Apparel,4,13.31,53.24
TXN0000485,CUST00065,2026-08-07,Website,Electronics,1,581.86,581.86
TXN0000486,CUST00066,2026-04-22,Mobile App,Electronics,2,165.63,331.27
TXN0000487,CUST00066,2025-12-07,Mobile App,Sports & Outdoors,1,111.08,111.08
TXN0000488,CUST00066,2025-09-26,Website,Groceries,4,6.15,24.6
TXN0000489,CUST00066,2026-02-04,Mobile App,Groceries,4,19.84,79.38
TXN0000490,CUST00066,2026-08-19,In-Store,Books,4,6.42,25.67
TXN0000491,CUST00067,2026-07-05,Website,Toys,3,10.1,30.3
TXN0000492,CUST00067,2025-10-27,Mobile App,Books,1,31.55,31.55
TXN0000493,CUST00068,2026-06-21,Website,Home & Kitchen,4,12.02,48.08
TXN0000494,CUST00068,2026-03-31,In-Store,Electronics,1,170.55,170.55
TXN0000495,CUST00068,2026-06-09,In-Store,Home & Kitchen,4,38.02,152.07
TXN0000496,CUST00068,2026-06-18,Website,Groceries,1,21.63,21.63
TXN0000497,CUST00068,2025-10-31,Mobile App,Books,4,9.45,37.78
TXN0000498,CUST00068,2026-04-21,Mobile App,Groceries,1,58.37,58.37
TXN0000499,CUST00068,2025-11-30,In-Store,Home & Kitchen,4,49.82,199.28
TXN0000500,CUST00068,2026-05-14,Website,Groceries,2,9.8,19.61
TXN0000501,CUST00068,2025-12-28,Mobile App,Electronics,1,319.8,319.8
TXN0000502,CUST00069,2026-02-06,Website,Groceries,3,21.16,63.48
TXN0000503,CUST00069,2026-03-27,Mobile App,Books,1,26.75,26.75
TXN0000504,CUST00070,2025-11-17,In-Store,Groceries,3,19.82,59.46
TXN0000505,CUST00071,2026-01-12,In-Store,Groceries,2,10.98,21.97
TXN0000506,CUST00071,2025-10-05,Mobile App,Books,3,8.8,26.4
TXN0000507,CUST00071,2025-11-07,Website,Apparel,3,30.14,90.42
TXN0000508,CUST00072,2026-07-02,In-Store,Groceries,3,23.57,70.71
TXN0000509,CUST00072,2026-02-24,Mobile App,Books,2,13.01,26.02
TXN0000510,CUST00072,2026-01-25,In-Store,Toys,1,64.53,64.53
TXN0000511,CUST00072,2025-10-19,Mobile App,Groceries,2,5.04,10.07
TXN0000512,CUST00072,2025-09-30,Mobile App,Beauty,4,20.5,82.01
TXN0000513,CUST00072,2026-02-14,In-Store,Electronics,3,191.87,575.61
TXN0000514,CUST00073,2026-04-05,Website,Books,3,9.85,29.56
TXN0000515,CUST00073,2025-09-10,Website,Home & Kitchen,3,51.15,153.44
TXN0000516,CUST00074,2026-06-21,In-Store,Groceries,2,9.36,18.71
TXN0000517,CUST00074,2026-04-01,Mobile App,Beauty,2,15.57,31.14
TXN0000518,CUST00075,2025-10-08,Website,Beauty,2,14.12,28.25
TXN0000519,CUST00075,2026-02-16,In-Store,Sports & Outdoors,1,51.66,51.66
TXN0000520,CUST00075,2025-10-12,Website,Apparel,4,26.56,106.23
TXN0000521,CUST00075,2026-04-01,Mobile App,Electronics,3,228.67,686.01
TXN0000522,CUST00075,2026-06-20,Mobile App,Toys,3,27.28,81.85
TXN0000523,CUST00075,2026-07-15,Mobile App,Groceries,2,17.42,34.84
TXN0000524,CUST00075,2026-06-01,Website,Books,1,23.31,23.31
TXN0000525,CUST00075,2026-04-17,Mobile App,Books,2,17.77,35.53
TXN0000526,CUST00075,2026-03-02,Mobile App,Apparel,4,27.32,109.26
TXN0000527,CUST00075,2026-01-07,Website,Electronics,2,29.43,58.86
TXN0000528,CUST00076,2025-09-11,Mobile App,Sports & Outdoors,3,33.33,99.98
TXN0000529,CUST00076,2026-03-05,Website,Groceries,4,5.7,22.79
TXN0000530,CUST00076,2025-11-17,In-Store,Sports & Outdoors,4,25.25,100.99
TXN0000531,CUST00076,2026-06-11,Mobile App,Books,3,10.14,30.42
TXN0000532,CUST00077,2026-06-12,In-Store,Groceries,2,19.4,38.8
TXN0000533,CUST00077,2026-01-26,In-Store,Beauty,3,27.76,83.28
TXN0000534,CUST00077,2026-04-06,In-Store,Books,2,17.7,35.4
TXN0000535,CUST00077,2026-05-27,Website,Home & Kitchen,1,152.44,152.44
TXN0000536,CUST00077,2026-06-03,Website,Toys,3,6.92,20.76
TXN0000537,CUST00077,2026-05-12,In-Store,Groceries,1,23.82,23.82
TXN0000538,CUST00077,2025-10-23,Website,Home & Kitchen,3,12.27,36.81
TXN0000539,CUST00077,2025-11-04,Mobile App,Apparel,3,25.24,75.73
TXN0000540,CUST00077,2026-02-27,Website,Sports & Outdoors,3,48.89,146.68
TXN0000541,CUST00077,2025-12-07,Website,Books,2,5.94,11.88
TXN0000542,CUST00077,2026-07-05,Mobile App,Home & Kitchen,3,98.07,294.22
TXN0000543,CUST00077,2025-12-24,Website,Toys,4,18.0,71.98
TXN0000544,CUST00077,2026-07-11,In-Store,Books,4,6.91,27.64
TXN0000545,CUST00078,2026-01-21,In-Store,Sports & Outdoors,4,28.53,114.13
TXN0000546,CUST00078,2025-11-03,In-Store,Apparel,3,8.56,25.68
TXN0000547,CUST00079,2026-06-24,Website,Groceries,4,14.57,58.28
TXN0000548,CUST00079,2026-07-10,Website,Toys,3,24.16,72.48
TXN0000549,CUST00079,2026-05-29,Mobile App,Toys,2,21.56,43.12
TXN0000550,CUST00079,2026-02-26,In-Store,Home & Kitchen,3,74.59,223.78
TXN0000551,CUST00079,2026-02-04,In-Store,Apparel,4,10.86,43.43
TXN0000552,CUST00079,2026-06-13,Website,Apparel,4,35.37,141.47
TXN0000553,CUST00079,2026-06-20,Mobile App,Electronics,1,628.2,628.2
TXN0000554,CUST00079,2026-04-07,Website,Home & Kitchen,4,10.9,43.61
TXN0000555,CUST00079,2026-04-16,Website,Beauty,4,19.09,76.38
TXN0000556,CUST00079,2026-03-05,Mobile App,Home & Kitchen,2,83.75,167.49
TXN0000557,CUST00079,2026-06-13,Website,Sports & Outdoors,3,72.4,217.19
TXN0000558,CUST00080,2025-11-26,Mobile App,Groceries,2,23.07,46.14
TXN0000559,CUST00080,2026-06-30,In-Store,Home & Kitchen,4,46.36,185.43
TXN0000560,CUST00080,2026-01-26,Mobile App,Books,3,8.25,24.75
TXN0000561,CUST00080,2026-01-05,In-Store,Toys,1,53.17,53.17
TXN0000562,CUST00081,2025-12-04,Website,Books,3,5.44,16.31
TXN0000563,CUST00081,2026-04-29,Website,Home & Kitchen,4,29.07,116.29
TXN0000564,CUST00081,2026-05-25,Mobile App,Toys,4,21.44,85.76
TXN0000565,CUST00081,2026-01-22,Website,Books,2,16.77,33.53
TXN0000566,CUST00081,2026-06-05,In-Store,Sports & Outdoors,4,14.83,59.31
TXN0000567,CUST00081,2026-02-16,Website,Home & Kitchen,4,55.05,220.18
TXN0000568,CUST00081,2026-01-07,In-Store,Beauty,4,8.42,33.67
TXN0000569,CUST00082,2026-03-14,Mobile App,Groceries,3,8.78,26.35
TXN0000570,CUST00082,2025-11-26,Mobile App,Apparel,3,13.21,39.62
TXN0000571,CUST00082,2025-12-15,Website,Toys,3,19.81,59.42
TXN0000572,CUST00082,2025-12-28,Mobile App,Toys,1,25.02,25.02
TXN0000573,CUST00082,2026-05-07,Website,Electronics,1,189.45,189.45
TXN0000574,CUST00082,2026-05-18,Website,Home & Kitchen,1,220.25,220.25
TXN0000575,CUST00082,2026-06-30,Website,Home & Kitchen,2,12.06,24.12
TXN0000576,CUST00082,2026-04-21,Website,Groceries,4,15.98,63.93
TXN0000577,CUST00082,2026-05-23,In-Store,Toys,1,65.75,65.75
TXN0000578,CUST00082,2026-02-03,Website,Home & Kitchen,4,8.92,35.69
TXN0000579,CUST00082,2026-05-05,Website,Toys,3,8.18,24.53
TXN0000580,CUST00083,2025-10-24,In-Store,Apparel,2,73.28,146.57
TXN0000581,CUST00083,2025-11-12,Website,Toys,1,29.77,29.77
TXN0000582,CUST00083,2026-01-18,Website,Apparel,2,42.67,85.35
TXN0000583,CUST00083,2025-12-26,Mobile App,Groceries,2,37.61,75.22
TXN0000584,CUST00083,2026-03-13,Mobile App,Electronics,1,608.54,608.54
TXN0000585,CUST00083,2026-05-04,Website,Groceries,1,19.9,19.9
TXN0000586,CUST00083,2026-05-08,In-Store,Beauty,2,48.8,97.59
TXN0000587,CUST00083,2025-10-23,Mobile App,Sports & Outdoors,3,6.18,18.54
TXN0000588,CUST00083,2026-08-09,Mobile App,Books,1,33.25,33.25
TXN0000589,CUST00083,2025-08-28,In-Store,Toys,2,32.53,65.07
TXN0000590,CUST00083,2025-09-28,Website,Apparel,4,12.14,48.58
TXN0000591,CUST00083,2025-10-18,Website,Sports & Outdoors,1,233.75,233.75
TXN0000592,CUST00083,2026-07-26,Website,Home & Kitchen,1,216.37,216.37
TXN0000593,CUST00083,2026-01-30,Website,Beauty,3,12.84,38.51
TXN0000594,CUST00084,2025-09-19,Mobile App,Electronics,3,188.98,566.94
TXN0000595,CUST00084,2025-11-14,Mobile App,Groceries,4,18.1,72.4
TXN0000596,CUST00084,2025-09-24,Mobile App,Groceries,4,11.43,45.71
TXN0000597,CUST00084,2025-09-09,Website,Home & Kitchen,3,57.4,172.21
TXN0000598,CUST00085,2026-01-12,Website,Home & Kitchen,2,19.64,39.29
TXN0000599,CUST00085,2026-08-16,Mobile App,Groceries,4,11.4,45.62
TXN0000600,CUST00085,2026-04-05,Website,Books,1,31.48,31.48
TXN0000601,CUST00085,2026-03-02,Mobile App,Sports & Outdoors,2,98.68,197.36
TXN0000602,CUST00085,2026-05-10,Website,Apparel,4,25.97,103.87
TXN0000603,CUST00085,2026-03-30,Website,Toys,2,35.63,71.26
TXN0000604,CUST00085,2026-08-02,Mobile App,Sports & Outdoors,3,37.1,111.3
TXN0000605,CUST00085,2026-06-18,Website,Apparel,2,10.46,20.91
TXN0000606,CUST00085,2026-04-14,Website,Electronics,4,50.39,201.56
TXN0000607,CUST00085,2026-02-01,Website,Electronics,4,119.56,478.26
TXN0000608,CUST00085,2025-11-07,Mobile App,Groceries,2,4.34,8.68
TXN0000609,CUST00085,2026-04-20,Mobile App,Apparel,2,8.38,16.77
TXN0000610,CUST00085,2026-06-12,Mobile App,Apparel,1,78.19,78.19
TXN0000611,CUST00085,2025-12-07,Website,Books,1,34.3,34.3
TXN0000612,CUST00085,2025-09-08,In-Store,Groceries,1,44.68,44.68
TXN0000613,CUST00086,2026-03-30,Website,Beauty,1,96.45,96.45
TXN0000614,CUST00086,2026-02-28,Website,Beauty,2,28.93,57.85
TXN0000615,CUST00086,2025-11-18,Website,Beauty,2,30.65,61.3
TXN0000616,CUST00087,2026-03-10,Mobile App,Books,3,10.63,31.88
TXN0000617,CUST00087,2026-02-12,Mobile App,Books,2,18.12,36.25
TXN0000618,CUST00087,2026-03-24,In-Store,Books,2,12.07,24.15
TXN0000619,CUST00087,2026-02-05,Mobile App,Toys,3,28.23,84.68
TXN0000620,CUST00087,2026-03-08,Mobile App,Sports & Outdoors,4,53.38,213.54
TXN0000621,CUST00088,2026-08-21,In-Store,Sports & Outdoors,2,78.99,157.98
TXN0000622,CUST00088,2026-08-06,Website,Groceries,4,8.0,32.0
TXN0000623,CUST00088,2026-07-07,Mobile App,Books,1,8.01,8.01
TXN0000624,CUST00088,2026-07-10,In-Store,Electronics,3,146.07,438.21
TXN0000625,CUST00089,2026-03-25,Website,Beauty,3,9.78,29.33
TXN0000626,CUST00090,2026-03-01,In-Store,Groceries,2,36.97,73.93
TXN0000627,CUST00091,2026-05-19,Website,Sports & Outdoors,3,17.23,51.69
TXN0000628,CUST00092,2025-09-20,In-Store,Beauty,3,10.32,30.97
TXN0000629,CUST00092,2025-09-28,Website,Books,2,13.11,26.21
TXN0000630,CUST00092,2025-12-07,Mobile App,Sports & Outdoors,2,100.67,201.33
TXN0000631,CUST00093,2026-06-21,In-Store,Apparel,3,31.79,95.36
TXN0000632,CUST00093,2026-07-22,Website,Books,1,10.51,10.51
TXN0000633,CUST00093,2025-12-30,In-Store,Sports & Outdoors,4,24.19,96.76
TXN0000634,CUST00093,2026-08-08,Mobile App,Apparel,2,66.21,132.42
TXN0000635,CUST00094,2026-04-01,In-Store,Books,1,9.73,9.73
TXN0000636,CUST00094,2026-06-05,Website,Home & Kitchen,2,55.76,111.51
TXN0000637,CUST00094,2026-03-16,Website,Books,1,39.07,39.07
TXN0000638,CUST00094,2026-08-08,Website,Groceries,2,31.99,63.98
TXN0000639,CUST00094,2026-05-30,Website,Apparel,1,79.24,79.24
TXN0000640,CUST00095,2025-11-28,Website,Apparel,4,17.2,68.8
TXN0000641,CUST00095,2026-01-20,In-Store,Home & Kitchen,4,58.34,233.37
TXN0000642,CUST00095,2025-10-04,Mobile App,Toys,2,20.82,41.63
TXN0000643,CUST00095,2025-09-22,Mobile App,Beauty,3,10.6,31.81
TXN0000644,CUST00095,2025-12-10,In-Store,Sports & Outdoors,1,175.91,175.91
TXN0000645,CUST00096,2026-08-02,Mobile App,Books,2,9.85,19.69
TXN0000646,CUST00097,2026-06-12,Website,Electronics,2,313.63,627.26
TXN0000647,CUST00097,2026-08-06,In-Store,Toys,4,14.96,59.85
TXN0000648,CUST00097,2026-07-08,Website,Beauty,3,9.32,27.97
TXN0000649,CUST00097,2026-06-15,Website,Apparel,1,30.17,30.17
TXN0000650,CUST00097,2026-03-21,Website,Home & Kitchen,3,87.75,263.25
TXN0000651,CUST00097,2026-05-03,Website,Apparel,4,14.05,56.19
TXN0000652,CUST00098,2026-08-09,Website,Beauty,3,9.45,28.34
TXN0000653,CUST00098,2026-03-17,Mobile App,Home & Kitchen,1,214.62,214.62
TXN0000654,CUST00098,2026-05-31,Website,Electronics,1,241.59,241.59
TXN0000655,CUST00098,2026-05-26,Website,Groceries,1,8.98,8.98
TXN0000656,CUST00099,2026-08-08,Website,Groceries,3,18.24,54.72
TXN0000657,CUST00099,2026-02-08,In-Store,Electronics,4,67.34,269.37
TXN0000658,CUST00099,2026-02-08,Website,Books,1,24.27,24.27
TXN0000659,CUST00099,2026-03-26,In-Store,Toys,1,79.34,79.34
TXN0000660,CUST00100,2025-09-05,Website,Toys,1,54.86,54.86
TXN0000661,CUST00100,2025-10-07,Website,Groceries,4,7.5,30.02
TXN0000662,CUST00100,2025-09-20,Mobile App,Electronics,3,103.36,310.08
TXN0000663,CUST00100,2026-04-12,Website,Groceries,3,7.57,22.72
TXN0000664,CUST00100,2026-08-19,In-Store,Groceries,1,70.9,70.9
TXN0000665,CUST00100,2026-04-27,In-Store,Groceries,3,7.31,21.92
TXN0000666,CUST00100,2025-11-17,In-Store,Home & Kitchen,4,11.14,44.58
TXN0000667,CUST00100,2025-12-18,Mobile App,Beauty,2,23.78,47.56
TXN0000668,CUST00100,2026-08-05,Mobile App,Groceries,3,24.41,73.23
TXN0000669,CUST00100,2026-02-28,Mobile App,Home & Kitchen,2,38.95,77.89
TXN0000670,CUST00101,2025-08-30,Mobile App,Beauty,3,29.21,87.63
TXN0000671,CUST00101,2026-06-22,Mobile App,Home & Kitchen,2,70.21,140.42
TXN0000672,CUST00101,2025-11-24,Mobile App,Home & Kitchen,1,108.9,108.9
TXN0000673,CUST00101,2025-09-29,Website,Home & Kitchen,3,74.53,223.58
TXN0000674,CUST00101,2026-04-26,In-Store,Books,3,12.92,38.76
TXN0000675,CUST00102,2026-06-18,Mobile App,Groceries,2,8.2,16.4
TXN0000676,CUST00102,2025-09-23,Website,Home & Kitchen,3,9.11,27.34
TXN0000677,CUST00102,2026-07-28,Mobile App,Beauty,2,31.84,63.67
TXN0000678,CUST00102,2026-02-14,Mobile App,Sports & Outdoors,4,8.42,33.68
TXN0000679,CUST00102,2026-01-01,Website,Toys,3,22.32,66.96
TXN0000680,CUST00102,2026-07-14,Website,Books,2,11.87,23.73
TXN0000681,CUST00102,2025-12-01,Website,Beauty,1,12.9,12.9
TXN0000682,CUST00103,2026-08-02,In-Store,Beauty,2,38.41,76.81
TXN0000683,CUST00103,2026-04-29,In-Store,Apparel,4,9.73,38.91
TXN0000684,CUST00103,2026-07-20,In-Store,Toys,4,16.26,65.03
TXN0000685,CUST00104,2026-02-22,Mobile App,Electronics,4,126.49,505.95
TXN0000686,CUST00104,2025-11-06,Mobile App,Books,1,27.57,27.57
TXN0000687,CUST00105,2026-08-10,Website,Toys,1,76.16,76.16
TXN0000688,CUST00105,2026-08-16,In-Store,Beauty,4,14.17,56.68
TXN0000689,CUST00105,2026-07-17,In-Store,Electronics,1,468.28,468.28
TXN0000690,CUST00105,2026-07-17,Website,Toys,3,13.95,41.84
TXN0000691,CUST00105,2026-07-19,In-Store,Groceries,4,9.9,39.6
TXN0000692,CUST00105,2026-08-04,Website,Electronics,2,283.73,567.46
TXN0000693,CUST00105,2026-07-15,Mobile App,Toys,1,17.24,17.24
TXN0000694,CUST00105,2026-07-12,Website,Home & Kitchen,3,43.35,130.06
TXN0000695,CUST00105,2026-08-18,Mobile App,Home & Kitchen,2,73.52,147.03
TXN0000696,CUST00105,2026-08-07,In-Store,Apparel,2,24.38,48.76
TXN0000697,CUST00105,2026-08-06,Mobile App,Apparel,4,6.83,27.31
TXN0000698,CUST00105,2026-08-04,Mobile App,Apparel,4,21.43,85.72
TXN0000699,CUST00105,2026-08-11,Mobile App,Home & Kitchen,4,31.51,126.03
TXN0000700,CUST00105,2026-08-01,Website,Home & Kitchen,2,137.72,275.43
TXN0000701,CUST00105,2026-07-09,Website,Home & Kitchen,1,70.08,70.08
TXN0000702,CUST00105,2026-07-29,Mobile App,Groceries,4,14.94,59.76
TXN0000703,CUST00106,2026-04-27,Mobile App,Apparel,2,68.15,136.3
TXN0000704,CUST00106,2026-03-18,Website,Groceries,4,1.48,5.92
TXN0000705,CUST00106,2026-08-17,In-Store,Electronics,4,126.5,505.99
TXN0000706,CUST00107,2026-07-15,Website,Toys,4,11.57,46.3
TXN0000707,CUST00107,2026-07-05,Website,Electronics,3,77.84,233.53
TXN0000708,CUST00108,2026-02-19,In-Store,Beauty,2,7.2,14.4
TXN0000709,CUST00108,2026-08-16,Website,Sports & Outdoors,1,23.63,23.63
TXN0000710,CUST00108,2026-07-22,Mobile App,Groceries,1,29.83,29.83
TXN0000711,CUST00108,2025-12-05,Website,Books,2,19.9,39.8
TXN0000712,CUST00108,2025-11-14,Mobile App,Home & Kitchen,3,96.85,290.56
TXN0000713,CUST00108,2026-03-22,In-Store,Apparel,3,39.58,118.75
TXN0000714,CUST00108,2025-09-15,Website,Books,4,8.56,34.25
TXN0000715,CUST00108,2026-06-10,In-Store,Apparel,2,27.27,54.53
TXN0000716,CUST00108,2026-02-15,Website,Groceries,4,7.42,29.69
TXN0000717,CUST00108,2026-03-09,Mobile App,Beauty,1,65.08,65.08
TXN0000718,CUST00108,2026-02-23,Mobile App,Apparel,3,26.76,80.29
TXN0000719,CUST00108,2026-01-15,Mobile App,Sports & Outdoors,3,25.34,76.02
TXN0000720,CUST00108,2026-05-01,In-Store,Toys,4,12.89,51.58
TXN0000721,CUST00108,2025-10-28,Mobile App,Home & Kitchen,2,133.72,267.43
TXN0000722,CUST00108,2026-08-13,Mobile App,Beauty,1,10.14,10.14
TXN0000723,CUST00108,2026-05-05,Mobile App,Apparel,2,57.28,114.56
TXN0000724,CUST00109,2026-07-02,Mobile App,Books,3,7.08,21.25
TXN0000725,CUST00109,2026-07-24,Website,Beauty,2,5.51,11.02
TXN0000726,CUST00109,2026-05-22,Mobile App,Groceries,3,21.42,64.26
TXN0000727,CUST00109,2026-06-09,Website,Sports & Outdoors,1,195.25,195.25
TXN0000728,CUST00109,2026-07-14,Mobile App,Sports & Outdoors,1,108.07,108.07
TXN0000729,CUST00109,2026-06-20,In-Store,Beauty,3,13.25,39.75
TXN0000730,CUST00109,2026-07-16,In-Store,Toys,1,83.29,83.29
TXN0000731,CUST00109,2026-06-14,Mobile App,Toys,4,5.61,22.43
TXN0000732,CUST00109,2026-07-11,In-Store,Sports & Outdoors,4,30.92,123.68
TXN0000733,CUST00109,2026-06-12,In-Store,Electronics,3,225.44,676.33
TXN0000734,CUST00110,2026-03-01,Mobile App,Sports & Outdoors,1,145.47,145.47
TXN0000735,CUST00110,2026-04-17,Website,Sports & Outdoors,3,67.63,202.89
TXN0000736,CUST00110,2026-01-26,Website,Home & Kitchen,1,98.53,98.53
TXN0000737,CUST00110,2026-03-10,Website,Books,2,14.03,28.05
TXN0000738,CUST00110,2025-12-06,Mobile App,Books,1,14.0,14.0
TXN0000739,CUST00110,2026-05-15,In-Store,Groceries,3,19.3,57.89
TXN0000740,CUST00110,2026-01-28,Mobile App,Groceries,4,9.01,36.04
TXN0000741,CUST00110,2026-07-05,In-Store,Sports & Outdoors,3,40.4,121.2
TXN0000742,CUST00111,2025-12-05,Mobile App,Home & Kitchen,1,51.42,51.42
TXN0000743,CUST00111,2025-10-30,In-Store,Apparel,1,74.91,74.91
TXN0000744,CUST00111,2025-10-13,In-Store,Home & Kitchen,4,18.32,73.26
TXN0000745,CUST00111,2026-03-22,Mobile App,Groceries,2,31.58,63.16
TXN0000746,CUST00111,2025-11-17,In-Store,Apparel,2,62.99,125.99
TXN0000747,CUST00112,2025-10-01,Mobile App,Toys,1,41.01,41.01
TXN0000748,CUST00112,2025-12-02,Website,Electronics,1,565.29,565.29
TXN0000749,CUST00113,2025-11-19,Mobile App,Electronics,3,42.44,127.33
TXN0000750,CUST00113,2026-01-29,Website,Groceries,2,26.45,52.91
TXN0000751,CUST00113,2026-01-11,Website,Beauty,3,11.93,35.79
TXN0000752,CUST00113,2025-10-18,In-Store,Apparel,2,25.91,51.81
TXN0000753,CUST00113,2026-08-07,Website,Electronics,1,768.72,768.72
TXN0000754,CUST00113,2025-10-19,Website,Sports & Outdoors,3,48.03,144.1
TXN0000755,CUST00114,2026-06-13,In-Store,Groceries,2,24.03,48.06
TXN0000756,CUST00114,2025-11-01,Website,Sports & Outdoors,1,142.04,142.04
TXN0000757,CUST00114,2026-02-24,Website,Toys,1,82.26,82.26
TXN0000758,CUST00114,2026-08-20,Website,Electronics,4,28.65,114.59
TXN0000759,CUST00114,2026-06-29,Website,Toys,3,19.77,59.31
TXN0000760,CUST00115,2026-03-01,In-Store,Apparel,4,36.61,146.45
TXN0000761,CUST00115,2026-05-13,Mobile App,Apparel,4,31.18,124.73
TXN0000762,CUST00115,2026-06-05,Website,Groceries,4,14.09,56.34
TXN0000763,CUST00116,2025-12-13,Website,Beauty,3,7.64,22.93
TXN0000764,CUST00116,2026-03-17,In-Store,Books,3,4.62,13.87
TXN0000765,CUST00116,2026-03-19,In-Store,Sports & Outdoors,1,121.52,121.52
TXN0000766,CUST00116,2026-01-17,Website,Apparel,4,15.61,62.44
TXN0000767,CUST00117,2026-05-02,Website,Sports & Outdoors,2,78.52,157.04
TXN0000768,CUST00117,2025-09-17,Mobile App,Books,1,34.16,34.16
TXN0000769,CUST00118,2026-07-06,Mobile App,Apparel,4,30.5,121.98
TXN0000770,CUST00118,2026-04-13,Mobile App,Books,2,7.82,15.63
TXN0000771,CUST00118,2026-05-21,Mobile App,Toys,3,13.57,40.71
TXN0000772,CUST00119,2026-03-25,In-Store,Books,4,8.28,33.1
TXN0000773,CUST00119,2026-02-22,Mobile App,Sports & Outdoors,2,71.48,142.96
TXN0000774,CUST00119,2026-03-01,Website,Apparel,4,28.7,114.81
TXN0000775,CUST00119,2026-04-24,Website,Toys,1,36.03,36.03
TXN0000776,CUST00119,2026-08-03,In-Store,Home & Kitchen,4,26.56,106.25
TXN0000777,CUST00119,2026-02-01,Website,Apparel,4,26.89,107.54
TXN0000778,CUST00119,2025-11-28,Website,Electronics,2,58.95,117.9
TXN0000779,CUST00119,2025-12-25,In-Store,Electronics,2,308.9,617.81
TXN0000780,CUST00119,2026-07-16,Mobile App,Groceries,4,8.56,34.25
TXN0000781,CUST00119,2026-08-11,Website,Sports & Outdoors,3,28.48,85.44
TXN0000782,CUST00119,2026-01-16,In-Store,Books,3,10.32,30.97
TXN0000783,CUST00119,2026-04-28,In-Store,Electronics,4,127.16,508.62
TXN0000784,CUST00119,2026-05-18,In-Store,Groceries,1,9.68,9.68
TXN0000785,CUST00119,2026-01-09,Website,Sports & Outdoors,3,13.59,40.78
TXN0000786,CUST00119,2026-06-23,In-Store,Beauty,4,12.21,48.85
TXN0000787,CUST00119,2026-02-27,Mobile App,Books,4,5.25,20.99
TXN0000788,CUST00119,2026-05-25,Mobile App,Home & Kitchen,2,76.48,152.96
TXN0000789,CUST00120,2026-02-18,Website,Sports & Outdoors,2,106.19,212.39
TXN0000790,CUST00120,2026-05-19,Website,Home & Kitchen,1,57.6,57.6
TXN0000791,CUST00120,2026-07-13,Mobile App,Home & Kitchen,4,55.49,221.97
TXN0000792,CUST00120,2026-01-11,Mobile App,Home & Kitchen,4,10.93,43.71
TXN0000793,CUST00120,2025-12-08,In-Store,Books,4,6.99,27.94
TXN0000794,CUST00121,2026-05-10,Mobile App,Toys,2,20.39,40.78
TXN0000795,CUST00121,2025-12-24,Website,Electronics,2,241.72,483.45
TXN0000796,CUST00121,2025-12-31,Mobile App,Groceries,3,11.94,35.81
TXN0000797,CUST00121,2026-06-28,Website,Electronics,3,158.7,476.11
TXN0000798,CUST00121,2026-02-16,Website,Toys,1,86.94,86.94
TXN0000799,CUST00121,2026-05-10,Website,Groceries,1,39.87,39.87
TXN0000800,CUST00121,2026-04-23,Mobile App,Apparel,1,48.11,48.11
TXN0000801,CUST00121,2026-07-10,Mobile App,Groceries,3,16.99,50.98
TXN0000802,CUST00121,2025-12-04,Mobile App,Electronics,4,100.41,401.65
TXN0000803,CUST00121,2025-12-29,Mobile App,Sports & Outdoors,3,37.98,113.94
TXN0000804,CUST00121,2026-01-17,Website,Electronics,3,190.43,571.29
TXN0000805,CUST00121,2026-02-11,Mobile App,Groceries,4,2.4,9.61
TXN0000806,CUST00121,2026-02-03,Mobile App,Electronics,3,180.75,542.24
TXN0000807,CUST00121,2026-01-28,In-Store,Electronics,1,265.11,265.11
TXN0000808,CUST00121,2026-05-14,Website,Apparel,3,43.32,129.95
TXN0000809,CUST00121,2026-01-29,Website,Groceries,3,8.55,25.64
TXN0000810,CUST00122,2026-06-26,Mobile App,Home & Kitchen,2,137.42,274.84
TXN0000811,CUST00122,2026-08-08,Mobile App,Sports & Outdoors,3,68.28,204.84
TXN0000812,CUST00122,2026-06-18,In-Store,Beauty,1,53.64,53.64
TXN0000813,CUST00122,2026-07-11,Website,Apparel,2,72.8,145.59
TXN0000814,CUST00122,2026-08-18,In-Store,Books,2,16.32,32.65
TXN0000815,CUST00122,2026-06-23,Mobile App,Home & Kitchen,3,26.35,79.04
TXN0000816,CUST00122,2026-05-31,Website,Groceries,1,61.66,61.66
TXN0000817,CUST00122,2026-05-15,Website,Toys,3,13.97,41.9
TXN0000818,CUST00123,2026-08-08,Mobile App,Beauty,4,11.04,44.18
TXN0000819,CUST00123,2026-08-05,Mobile App,Home & Kitchen,4,42.13,168.52
TXN0000820,CUST00123,2026-08-19,Website,Toys,3,13.52,40.56
TXN0000821,CUST00123,2026-08-07,In-Store,Electronics,3,41.01,123.02
TXN0000822,CUST00123,2026-07-08,In-Store,Books,3,9.18,27.54
TXN0000823,CUST00123,2026-07-13,Website,Groceries,3,21.72,65.17
TXN0000824,CUST00123,2026-07-09,Mobile App,Books,2,11.38,22.76
TXN0000825,CUST00124,2025-09-18,Mobile App,Beauty,2,28.4,56.8
TXN0000826,CUST00124,2026-07-09,Website,Electronics,1,554.6,554.6
TXN0000827,CUST00124,2026-03-12,Website,Apparel,4,21.48,85.91
TXN0000828,CUST00124,2025-09-05,Website,Groceries,1,23.89,23.89
TXN0000829,CUST00124,2026-01-16,Website,Apparel,2,11.34,22.68
TXN0000830,CUST00124,2026-05-29,In-Store,Apparel,1,110.59,110.59
TXN0000831,CUST00124,2025-09-25,Website,Home & Kitchen,2,62.63,125.27
TXN0000832,CUST00124,2025-11-29,In-Store,Home & Kitchen,4,22.73,90.93
TXN0000833,CUST00124,2025-10-21,Mobile App,Apparel,3,33.75,101.24
TXN0000834,CUST00125,2026-04-19,Mobile App,Sports & Outdoors,1,75.47,75.47
TXN0000835,CUST00125,2026-07-11,Website,Electronics,3,112.37,337.1
TXN0000836,CUST00125,2025-12-16,In-Store,Groceries,3,25.56,76.67
TXN0000837,CUST00125,2025-11-24,Website,Apparel,2,40.69,81.38
TXN0000838,CUST00126,2025-12-07,Website,Toys,4,4.67,18.67
TXN0000839,CUST00126,2026-04-09,Website,Apparel,3,46.07,138.2
TXN0000840,CUST00126,2025-10-13,Website,Apparel,3,8.17,24.51
TXN0000841,CUST00126,2026-06-24,In-Store,Electronics,2,361.19,722.38
TXN0000842,CUST00126,2025-09-06,Mobile App,Electronics,4,187.42,749.67
TXN0000843,CUST00127,2026-07-17,Website,Sports & Outdoors,1,227.59,227.59
TXN0000844,CUST00127,2026-08-07,Mobile App,Toys,4,12.06,48.25
TXN0000845,CUST00127,2026-06-11,In-Store,Apparel,1,87.92,87.92
TXN0000846,CUST00128,2026-02-14,In-Store,Toys,3,6.57,19.7
TXN0000847,CUST00128,2026-08-12,Website,Groceries,1,35.05,35.05
TXN0000848,CUST00128,2026-03-09,Website,Sports & Outdoors,4,8.48,33.91
TXN0000849,CUST00128,2025-12-03,In-Store,Groceries,2,26.79,53.58
TXN0000850,CUST00129,2026-02-16,Website,Books,3,9.71,29.14
TXN0000851,CUST00129,2026-08-11,Mobile App,Apparel,3,33.38,100.13
TXN0000852,CUST00129,2026-05-12,Mobile App,Toys,2,34.41,68.83
TXN0000853,CUST00129,2025-11-18,Website,Electronics,2,294.9,589.8
TXN0000854,CUST00129,2026-04-08,Mobile App,Apparel,3,40.67,122.02
TXN0000855,CUST00130,2026-04-11,Mobile App,Toys,1,87.33,87.33
TXN0000856,CUST00130,2026-04-12,Website,Electronics,1,303.29,303.29
TXN0000857,CUST00130,2026-03-18,Mobile App,Beauty,4,20.66,82.64
TXN0000858,CUST00130,2026-03-03,In-Store,Home & Kitchen,2,113.75,227.49
TXN0000859,CUST00131,2026-04-14,Website,Home & Kitchen,1,156.89,156.89
TXN0000860,CUST00131,2025-12-16,Mobile App,Electronics,2,116.0,232.01
TXN0000861,CUST00131,2025-12-29,Website,Electronics,1,728.5,728.5
TXN0000862,CUST00131,2026-03-09,Mobile App,Home & Kitchen,1,253.9,253.9
TXN0000863,CUST00131,2026-06-12,In-Store,Apparel,2,15.21,30.41
TXN0000864,CUST00131,2026-02-02,Website,Beauty,4,12.09,48.36
TXN0000865,CUST00131,2026-01-05,Website,Home & Kitchen,2,55.02,110.05
TXN0000866,CUST00131,2025-11-28,In-Store,Home & Kitchen,1,113.94,113.94
TXN0000867,CUST00131,2025-12-14,Website,Books,3,4.46,13.38
TXN0000868,CUST00132,2026-06-20,Website,Beauty,1,93.31,93.31
TXN0000869,CUST00132,2026-08-10,Website,Books,1,32.89,32.89
TXN0000870,CUST00132,2026-08-12,In-Store,Apparel,2,7.93,15.86
TXN0000871,CUST00132,2026-07-11,In-Store,Groceries,4,9.05,36.22
TXN0000872,CUST00132,2026-07-19,Mobile App,Beauty,3,7.63,22.88
TXN0000873,CUST00133,2025-08-29,Mobile App,Beauty,1,94.43,94.43
TXN0000874,CUST00133,2026-07-24,Mobile App,Toys,1,58.96,58.96
TXN0000875,CUST00133,2026-08-02,Mobile App,Groceries,1,31.09,31.09
TXN0000876,CUST00133,2026-02-14,Mobile App,Beauty,1,20.58,20.58
TXN0000877,CUST00133,2025-08-30,Mobile App,Beauty,2,25.89,51.78
TXN0000878,CUST00133,2026-01-28,Website,Beauty,2,10.07,20.14
TXN0000879,CUST00133,2025-12-10,Mobile App,Toys,2,24.9,49.8
TXN0000880,CUST00133,2025-11-18,Mobile App,Electronics,3,30.17,90.52
TXN0000881,CUST00133,2025-08-29,Website,Books,4,4.01,16.04
TXN0000882,CUST00133,2026-01-08,Website,Electronics,2,371.82,743.65
TXN0000883,CUST00133,2026-01-22,Website,Electronics,1,413.8,413.8
TXN0000884,CUST00133,2026-03-16,Website,Beauty,3,24.98,74.93
TXN0000885,CUST00133,2026-01-16,Mobile App,Sports & Outdoors,1,69.06,69.06
TXN0000886,CUST00133,2025-10-24,Website,Apparel,4,11.75,47.01
TXN0000887,CUST00133,2026-05-19,In-Store,Books,1,36.52,36.52
TXN0000888,CUST00133,2026-01-14,Mobile App,Toys,4,3.59,14.35
TXN0000889,CUST00133,2026-01-10,Website,Toys,3,8.08,24.24
TXN0000890,CUST00133,2025-11-29,Website,Beauty,3,22.29,66.88
TXN0000891,CUST00133,2026-01-26,Website,Home & Kitchen,1,28.99,28.99
TXN0000892,CUST00133,2025-11-21,Website,Apparel,4,32.49,129.97
TXN0000893,CUST00133,2026-05-29,Mobile App,Sports & Outdoors,3,22.22,66.67
TXN0000894,CUST00133,2026-07-20,Mobile App,Home & Kitchen,2,90.94,181.87
TXN0000895,CUST00134,2026-06-13,Mobile App,Toys,2,39.49,78.98
TXN0000896,CUST00135,2026-07-02,Mobile App,Toys,4,8.08,32.33
TXN0000897,CUST00135,2026-04-28,Mobile App,Beauty,4,8.07,32.3
TXN0000898,CUST00135,2026-07-11,Mobile App,Home & Kitchen,1,275.85,275.85
TXN0000899,CUST00135,2026-07-22,Mobile App,Electronics,4,20.01,80.04
TXN0000900,CUST00135,2026-05-19,Mobile App,Electronics,4,92.32,369.27
TXN0000901,CUST00135,2026-07-29,Mobile App,Apparel,2,38.04,76.08
TXN0000902,CUST00135,2026-04-12,Website,Electronics,4,142.47,569.87
TXN0000903,CUST00135,2026-04-29,In-Store,Home & Kitchen,2,60.17,120.35
TXN0000904,CUST00135,2026-06-24,Mobile App,Apparel,3,5.72,17.15
TXN0000905,CUST00135,2026-06-21,Website,Toys,1,78.63,78.63
TXN0000906,CUST00135,2026-04-26,In-Store,Toys,4,17.94,71.75
TXN0000907,CUST00135,2026-06-22,Website,Sports & Outdoors,1,162.3,162.3
TXN0000908,CUST00135,2026-04-13,In-Store,Apparel,3,22.32,66.96
TXN0000909,CUST00135,2026-03-17,Mobile App,Groceries,3,12.31,36.94
TXN0000910,CUST00135,2026-03-21,Mobile App,Beauty,1,80.89,80.89
TXN0000911,CUST00135,2026-06-08,Mobile App,Sports & Outdoors,1,187.9,187.9
TXN0000912,CUST00135,2026-04-12,Mobile App,Sports & Outdoors,1,223.67,223.67
TXN0000913,CUST00135,2026-03-30,Website,Toys,3,19.84,59.53
TXN0000914,CUST00135,2026-04-26,Website,Apparel,2,45.35,90.7
TXN0000915,CUST00135,2026-07-07,Website,Sports & Outdoors,1,71.08,71.08
TXN0000916,CUST00135,2026-07-09,Mobile App,Beauty,2,38.9,77.79
TXN0000917,CUST00135,2026-04-20,Website,Groceries,4,10.69,42.77
TXN0000918,CUST00135,2026-04-07,Website,Apparel,4,16.33,65.33
TXN0000919,CUST00136,2026-02-20,Mobile App,Apparel,3,26.16,78.47
TXN0000920,CUST00136,2025-12-28,Mobile App,Sports & Outdoors,1,202.98,202.98
TXN0000921,CUST00136,2025-12-17,Website,Toys,4,4.25,16.98
TXN0000922,CUST00136,2026-06-10,In-Store,Groceries,1,76.87,76.87
TXN0000923,CUST00136,2026-08-21,Website,Groceries,2,6.7,13.4
TXN0000924,CUST00136,2026-02-09,Mobile App,Beauty,1,56.86,56.86
TXN0000925,CUST00136,2026-06-07,Website,Home & Kitchen,4,38.17,152.69
TXN0000926,CUST00137,2026-02-10,Mobile App,Electronics,1,268.64,268.64
TXN0000927,CUST00137,2026-07-08,Website,Beauty,3,28.38,85.15
TXN0000928,CUST00137,2026-08-08,Mobile App,Sports & Outdoors,3,56.37,169.1
TXN0000929,CUST00137,2025-11-24,Mobile App,Toys,2,23.32,46.64
TXN0000930,CUST00138,2026-06-02,Website,Groceries,3,7.34,22.01
TXN0000931,CUST00138,2025-09-21,In-Store,Electronics,3,53.75,161.25
TXN0000932,CUST00138,2026-02-12,Mobile App,Home & Kitchen,2,96.61,193.22
TXN0000933,CUST00138,2025-11-04,Mobile App,Groceries,2,9.34,18.67
TXN0000934,CUST00138,2026-06-25,In-Store,Home & Kitchen,1,65.15,65.15
TXN0000935,CUST00138,2026-06-17,Website,Sports & Outdoors,4,37.5,150.01
TXN0000936,CUST00138,2026-06-21,Website,Home & Kitchen,1,77.44,77.44
TXN0000937,CUST00138,2025-10-09,Mobile App,Sports & Outdoors,4,12.44,49.77
TXN0000938,CUST00138,2026-05-30,Mobile App,Home & Kitchen,1,169.42,169.42
TXN0000939,CUST00138,2025-11-24,In-Store,Books,2,18.89,37.79
TXN0000940,CUST00139,2026-05-31,In-Store,Home & Kitchen,3,7.07,21.2
TXN0000941,CUST00139,2026-02-02,Mobile App,Groceries,3,13.51,40.54
TXN0000942,CUST00139,2026-05-19,In-Store,Home & Kitchen,4,60.97,243.88
TXN0000943,CUST00139,2025-09-08,Website,Apparel,1,113.77,113.77
TXN0000944,CUST00139,2026-02-08,Website,Apparel,4,14.15,56.59
TXN0000945,CUST00139,2026-05-31,Mobile App,Beauty,1,50.14,50.14
TXN0000946,CUST00139,2026-03-02,Website,Beauty,2,31.25,62.51
TXN0000947,CUST00139,2026-08-15,In-Store,Groceries,1,19.68,19.68
TXN0000948,CUST00139,2026-02-13,Mobile App,Toys,1,64.17,64.17
TXN0000949,CUST00139,2026-04-29,In-Store,Books,3,4.74,14.22
TXN0000950,CUST00139,2025-12-17,Mobile App,Electronics,3,243.78,731.34
TXN0000951,CUST00139,2025-12-21,Website,Books,3,6.61,19.83
TXN0000952,CUST00139,2026-04-10,Website,Sports & Outdoors,4,24.39,97.57
TXN0000953,CUST00139,2025-09-11,In-Store,Apparel,4,11.03,44.12
TXN0000954,CUST00139,2026-07-30,Mobile App,Books,3,11.24,33.72
TXN0000955,CUST00140,2026-03-08,In-Store,Books,4,7.83,31.32
TXN0000956,CUST00140,2025-12-05,Website,Apparel,3,11.46,34.39
TXN0000957,CUST00141,2026-04-13,In-Store,Sports & Outdoors,4,7.63,30.54
TXN0000958,CUST00141,2025-11-06,Website,Books,3,9.48,28.44
TXN0000959,CUST00141,2026-07-12,Mobile App,Toys,2,33.41,66.82
TXN0000960,CUST00141,2026-07-03,Website,Books,4,4.32,17.26
TXN0000961,CUST00142,2025-11-13,In-Store,Groceries,3,22.53,67.59
TXN0000962,CUST00142,2025-10-06,Mobile App,Toys,1,27.96,27.96
TXN0000963,CUST00142,2026-04-11,Website,Groceries,4,19.18,76.7
TXN0000964,CUST00142,2025-12-21,Website,Groceries,4,9.07,36.29
TXN0000965,CUST00142,2025-10-26,In-Store,Beauty,3,4.19,12.56
TXN0000966,CUST00142,2025-12-04,Mobile App,Apparel,3,31.95,95.85
TXN0000967,CUST00142,2025-10-09,Mobile App,Books,4,8.95,35.79
TXN0000968,CUST00142,2026-06-07,In-Store,Apparel,1,65.38,65.38
TXN0000969,CUST00142,2025-08-30,In-Store,Home & Kitchen,2,91.43,182.86
TXN0000970,CUST00142,2025-09-11,Website,Home & Kitchen,1,120.07,120.07
TXN0000971,CUST00142,2026-06-05,Website,Books,3,9.45,28.36
TXN0000972,CUST00142,2026-02-14,Website,Groceries,1,44.72,44.72
TXN0000973,CUST00142,2026-03-29,Mobile App,Home & Kitchen,2,117.06,234.11
TXN0000974,CUST00142,2026-01-07,Mobile App,Sports & Outdoors,3,69.77,209.3
TXN0000975,CUST00143,2025-11-12,Mobile App,Sports & Outdoors,3,12.51,37.52
TXN0000976,CUST00143,2025-12-03,In-Store,Electronics,3,50.9,152.71
TXN0000977,CUST00143,2025-11-13,Website,Toys,2,21.48,42.96
TXN0000978,CUST00144,2026-04-06,Website,Beauty,1,84.84,84.84
TXN0000979,CUST00144,2026-07-28,Mobile App,Apparel,2,15.37,30.74
TXN0000980,CUST00144,2026-08-20,In-Store,Toys,3,12.62,37.86
TXN0000981,CUST00144,2026-04-09,Website,Toys,3,27.06,81.18
TXN0000982,CUST00145,2025-09-17,Mobile App,Electronics,1,608.35,608.35
TXN0000983,CUST00145,2026-04-16,Website,Home & Kitchen,3,70.88,212.65
TXN0000984,CUST00145,2026-05-06,Website,Home & Kitchen,4,73.68,294.71
TXN0000985,CUST00145,2026-06-07,Mobile App,Apparel,4,6.37,25.49
TXN0000986,CUST00145,2025-10-11,In-Store,Electronics,1,197.26,197.26
TXN0000987,CUST00145,2025-11-18,In-Store,Electronics,3,133.94,401.81
TXN0000988,CUST00145,2026-08-15,Website,Groceries,1,55.07,55.07
TXN0000989,CUST00145,2026-06-06,In-Store,Beauty,2,31.44,62.88
TXN0000990,CUST00145,2026-05-26,Website,Sports & Outdoors,2,10.94,21.88
TXN0000991,CUST00145,2026-06-12,In-Store,Groceries,3,25.39,76.16
TXN0000992,CUST00146,2026-07-22,Website,Beauty,1,55.44,55.44
TXN0000993,CUST00146,2026-07-09,Website,Electronics,2,223.31,446.63
TXN0000994,CUST00146,2026-08-05,In-Store,Home & Kitchen,1,272.46,272.46
TXN0000995,CUST00146,2026-07-18,In-Store,Apparel,4,34.94,139.77
TXN0000996,CUST00146,2026-07-06,Website,Home & Kitchen,1,143.11,143.11
TXN0000997,CUST00146,2026-08-16,Website,Sports & Outdoors,4,61.4,245.61
TXN0000998,CUST00146,2026-07-25,Website,Beauty,3,15.56,46.68
TXN0000999,CUST00146,2026-07-22,Website,Apparel,4,21.29,85.16
TXN0001000,CUST00146,2026-07-14,In-Store,Groceries,1,46.78,46.78
TXN0001001,CUST00146,2026-08-05,Website,Toys,3,6.42,19.26
TXN0001002,CUST00146,2026-07-09,Mobile App,Groceries,4,14.13,56.53
TXN0001003,CUST00146,2026-07-09,Website,Books,4,4.33,17.3
TXN0001004,CUST00146,2026-07-17,Website,Apparel,4,33.95,135.79
TXN0001005,CUST00147,2026-07-12,Website,Toys,4,15.94,63.77
TXN0001006,CUST00147,2026-05-05,Mobile App,Apparel,4,7.77,31.09
TXN0001007,CUST00147,2026-07-27,Mobile App,Apparel,2,57.55,115.09
TXN0001008,CUST00147,2026-08-09,Website,Beauty,4,10.12,40.48
TXN0001009,CUST00147,2026-06-16,Website,Books,3,10.4,31.21
TXN0001010,CUST00147,2026-04-04,In-Store,Groceries,4,15.43,61.72
TXN0001011,CUST00147,2026-04-17,Website,Books,3,13.2,39.6
TXN0001012,CUST00147,2026-05-08,Website,Toys,3,6.21,18.64
TXN0001013,CUST00147,2026-05-03,Mobile App,Beauty,2,33.27,66.55
TXN0001014,CUST00147,2026-05-19,Website,Electronics,4,168.18,672.73
TXN0001015,CUST00147,2026-03-25,Mobile App,Home & Kitchen,3,42.38,127.14
TXN0001016,CUST00147,2026-06-28,Website,Apparel,4,29.41,117.62
TXN0001017,CUST00147,2026-05-20,In-Store,Beauty,4,9.11,36.42
TXN0001018,CUST00148,2025-11-01,Mobile App,Sports & Outdoors,1,205.23,205.23
TXN0001019,CUST00148,2025-09-02,In-Store,Electronics,1,793.03,793.03
TXN0001020,CUST00148,2026-07-01,Website,Sports & Outdoors,4,53.86,215.43
TXN0001021,CUST00148,2026-06-02,Mobile App,Electronics,3,60.88,182.65
TXN0001022,CUST00149,2025-11-20,Mobile App,Home & Kitchen,4,26.87,107.49
TXN0001023,CUST00149,2026-05-13,Mobile App,Apparel,4,22.95,91.8
TXN0001024,CUST00149,2026-04-20,Mobile App,Toys,2,24.04,48.07
TXN0001025,CUST00149,2026-03-09,Mobile App,Books,4,4.11,16.43
TXN0001026,CUST00149,2026-01-13,Mobile App,Sports & Outdoors,3,65.04,195.12
TXN0001027,CUST00149,2026-03-03,Website,Electronics,2,246.43,492.85
TXN0001028,CUST00149,2026-02-22,In-Store,Sports & Outdoors,1,205.25,205.25
TXN0001029,CUST00149,2026-03-13,In-Store,Sports & Outdoors,4,26.11,104.43
TXN0001030,CUST00149,2026-04-04,Website,Sports & Outdoors,1,111.8,111.8
TXN0001031,CUST00149,2025-12-21,Mobile App,Beauty,3,10.37,31.12
TXN0001032,CUST00150,2026-04-14,Website,Apparel,1,132.31,132.31
TXN0001033,CUST00150,2025-10-05,Website,Electronics,1,453.81,453.81
TXN0001034,CUST00150,2026-03-03,Mobile App,Books,4,6.54,26.18
TXN0001035,CUST00150,2025-09-20,Website,Toys,3,19.01,57.04
TXN0001036,CUST00150,2026-06-23,Website,Books,1,18.32,18.32
TXN0001037,CUST00150,2025-10-12,In-Store,Apparel,2,54.13,108.27
TXN0001038,CUST00150,2026-07-07,Website,Sports & Outdoors,3,18.05,54.16
TXN0001039,CUST00150,2025-11-07,Website,Books,1,14.46,14.46
TXN0001040,CUST00151,2026-06-06,In-Store,Beauty,1,35.86,35.86
TXN0001041,CUST00151,2026-04-10,Website,Books,1,33.75,33.75
TXN0001042,CUST00151,2026-06-19,Mobile App,Apparel,3,31.63,94.9
TXN0001043,CUST00151,2026-07-28,Website,Toys,3,14.72,44.17
TXN0001044,CUST00151,2026-07-02,In-Store,Groceries,3,14.28,42.85
TXN0001045,CUST00151,2026-06-12,Mobile App,Sports & Outdoors,4,15.51,62.02
TXN0001046,CUST00151,2026-07-08,Website,Toys,2,31.86,63.72
TXN0001047,CUST00151,2026-05-03,In-Store,Home & Kitchen,2,90.76,181.52
TXN0001048,CUST00151,2026-05-20,Mobile App,Toys,4,7.86,31.43
TXN0001049,CUST00151,2026-06-24,In-Store,Electronics,3,147.23,441.7
TXN0001050,CUST00152,2025-12-02,Website,Home & Kitchen,3,76.33,229.0
TXN0001051,CUST00152,2026-08-02,In-Store,Books,1,18.2,18.2
TXN0001052,CUST00152,2026-01-10,Mobile App,Books,3,5.51,16.54
TXN0001053,CUST00152,2026-03-31,Mobile App,Groceries,2,28.25,56.51
TXN0001054,CUST00153,2026-07-13,Website,Home & Kitchen,2,36.87,73.74
TXN0001055,CUST00153,2025-09-24,In-Store,Groceries,4,9.95,39.81
TXN0001056,CUST00153,2026-06-11,Mobile App,Electronics,3,67.16,201.49
TXN0001057,CUST00153,2025-09-17,Website,Groceries,3,21.41,64.23
TXN0001058,CUST00153,2026-03-15,Mobile App,Home & Kitchen,1,200.4,200.4
TXN0001059,CUST00153,2026-07-30,In-Store,Toys,1,72.58,72.58
TXN0001060,CUST00153,2026-01-23,In-Store,Apparel,3,19.13,57.38
TXN0001061,CUST00154,2026-01-06,Website,Books,1,36.7,36.7
TXN0001062,CUST00154,2026-05-09,Website,Home & Kitchen,1,86.09,86.09
TXN0001063,CUST00154,2026-06-19,Mobile App,Groceries,1,42.23,42.23
TXN0001064,CUST00154,2025-11-30,Website,Apparel,3,39.79,119.38
TXN0001065,CUST00154,2025-09-10,Website,Books,2,16.89,33.79
TXN0001066,CUST00154,2025-09-21,In-Store,Beauty,2,11.49,22.99
TXN0001067,CUST00154,2025-12-14,Website,Groceries,3,12.65,37.96
TXN0001068,CUST00154,2026-08-02,In-Store,Electronics,3,139.26,417.77
TXN0001069,CUST00154,2026-08-07,Mobile App,Apparel,4,14.43,57.73
TXN0001070,CUST00154,2025-09-30,Mobile App,Beauty,2,48.35,96.7
TXN0001071,CUST00155,2026-05-15,Mobile App,Sports & Outdoors,1,208.02,208.02
TXN0001072,CUST00155,2026-03-06,Mobile App,Electronics,1,681.1,681.1
TXN0001073,CUST00155,2025-11-03,Mobile App,Beauty,4,8.19,32.77
TXN0001074,CUST00156,2026-03-04,Mobile App,Sports & Outdoors,1,227.24,227.24
TXN0001075,CUST00156,2025-11-24,Mobile App,Beauty,4,21.8,87.19
TXN0001076,CUST00156,2026-04-09,Website,Books,3,12.56,37.68
TXN0001077,CUST00157,2025-10-30,Website,Beauty,2,18.39,36.77
TXN0001078,CUST00157,2026-05-23,In-Store,Sports & Outdoors,4,55.42,221.67
TXN0001079,CUST00157,2026-01-23,In-Store,Groceries,4,17.5,69.98
TXN0001080,CUST00157,2025-10-03,Mobile App,Books,3,12.55,37.65
TXN0001081,CUST00157,2026-04-13,Mobile App,Apparel,3,42.1,126.29
TXN0001082,CUST00157,2026-01-02,Mobile App,Sports & Outdoors,3,37.97,113.9
TXN0001083,CUST00157,2026-02-08,Mobile App,Electronics,2,310.74,621.48
TXN0001084,CUST00157,2026-04-23,Mobile App,Home & Kitchen,2,10.43,20.86
TXN0001085,CUST00157,2026-07-10,Mobile App,Sports & Outdoors,1,150.32,150.32
TXN0001086,CUST00157,2025-10-26,Website,Home & Kitchen,4,64.29,257.15
TXN0001087,CUST00157,2025-10-30,In-Store,Sports & Outdoors,2,60.55,121.1
TXN0001088,CUST00157,2026-01-18,Website,Sports & Outdoors,2,101.44,202.89
TXN0001089,CUST00157,2025-12-26,Website,Sports & Outdoors,4,14.44,57.74
TXN0001090,CUST00157,2025-10-22,In-Store,Beauty,1,11.87,11.87
TXN0001091,CUST00157,2026-08-21,In-Store,Beauty,4,22.91,91.62
TXN0001092,CUST00157,2026-02-02,Website,Home & Kitchen,4,8.48,33.94
TXN0001093,CUST00157,2025-12-31,Mobile App,Home & Kitchen,3,14.98,44.94
TXN0001094,CUST00157,2025-12-18,Website,Apparel,4,4.23,16.91
TXN0001095,CUST00158,2026-08-18,In-Store,Toys,2,9.74,19.48
TXN0001096,CUST00158,2025-12-21,Website,Groceries,4,6.65,26.6
TXN0001097,CUST00158,2026-01-07,Website,Books,2,17.7,35.4
TXN0001098,CUST00158,2026-05-29,In-Store,Groceries,2,29.75,59.5
TXN0001099,CUST00159,2026-01-29,Website,Home & Kitchen,3,9.35,28.06
TXN0001100,CUST00159,2026-05-15,Website,Toys,3,27.53,82.59
TXN0001101,CUST00159,2026-04-03,Mobile App,Toys,4,4.21,16.86
TXN0001102,CUST00159,2026-03-17,Website,Sports & Outdoors,4,60.99,243.98
TXN0001103,CUST00159,2025-11-12,Mobile App,Books,3,10.22,30.67
TXN0001104,CUST00159,2026-05-29,Website,Electronics,2,44.54,89.08
TXN0001105,CUST00159,2026-07-26,Mobile App,Sports & Outdoors,1,249.23,249.23
TXN0001106,CUST00159,2025-11-26,Website,Books,4,4.42,17.68
TXN0001107,CUST00159,2026-08-08,Mobile App,Home & Kitchen,1,291.06,291.06
TXN0001108,CUST00159,2026-02-04,Mobile App,Groceries,4,4.43,17.74
TXN0001109,CUST00159,2026-01-16,In-Store,Toys,3,6.85,20.55
TXN0001110,CUST00159,2026-05-15,Mobile App,Books,1,12.54,12.54
TXN0001111,CUST00159,2026-08-15,Website,Home & Kitchen,3,53.26,159.78
TXN0001112,CUST00159,2026-03-29,Mobile App,Books,3,5.68,17.05
TXN0001113,CUST00159,2026-03-01,Mobile App,Groceries,4,10.94,43.77
TXN0001114,CUST00159,2026-08-19,In-Store,Sports & Outdoors,4,47.04,188.16
TXN0001115,CUST00159,2025-12-13,In-Store,Home & Kitchen,4,43.9,175.59
TXN0001116,CUST00159,2025-12-13,Website,Home & Kitchen,2,17.64,35.28
TXN0001117,CUST00159,2025-11-14,Website,Groceries,4,4.32,17.27
TXN0001118,CUST00159,2026-07-01,Mobile App,Toys,3,4.42,13.26
TXN0001119,CUST00160,2025-09-03,Mobile App,Toys,2,9.5,19.0
TXN0001120,CUST00160,2026-06-18,Website,Apparel,3,14.17,42.5
TXN0001121,CUST00160,2026-05-02,Website,Home & Kitchen,3,76.66,229.98
TXN0001122,CUST00160,2025-12-04,Mobile App,Beauty,1,62.52,62.52
TXN0001123,CUST00160,2026-03-14,Mobile App,Home & Kitchen,1,136.6,136.6
TXN0001124,CUST00161,2026-07-11,In-Store,Apparel,1,134.79,134.79
TXN0001125,CUST00161,2026-08-15,Website,Apparel,1,68.21,68.21
TXN0001126,CUST00161,2026-06-03,In-Store,Home & Kitchen,4,7.02,28.08
TXN0001127,CUST00161,2026-05-23,In-Store,Toys,3,15.44,46.32
TXN0001128,CUST00161,2026-06-22,Mobile App,Electronics,1,297.07,297.07
TXN0001129,CUST00161,2026-06-02,Mobile App,Toys,2,18.0,35.99
TXN0001130,CUST00161,2026-06-23,Website,Electronics,3,217.06,651.17
TXN0001131,CUST00161,2026-07-13,Website,Electronics,4,151.96,607.85
TXN0001132,CUST00161,2026-06-10,Website,Groceries,4,4.59,18.35
TXN0001133,CUST00161,2026-08-04,Website,Beauty,4,6.17,24.66
TXN0001134,CUST00161,2026-05-28,Website,Home & Kitchen,4,13.44,53.77
TXN0001135,CUST00161,2026-06-26,In-Store,Groceries,2,36.39,72.78
TXN0001136,CUST00161,2026-08-14,Website,Apparel,2,63.66,127.33
TXN0001137,CUST00161,2026-07-28,Mobile App,Books,4,5.81,23.25
TXN0001138,CUST00161,2026-07-27,Website,Books,2,16.98,33.95
TXN0001139,CUST00161,2026-08-02,Mobile App,Books,3,3.66,10.97
TXN0001140,CUST00161,2026-06-05,In-Store,Beauty,2,34.14,68.28
TXN0001141,CUST00162,2026-06-20,Mobile App,Apparel,4,13.56,54.24
TXN0001142,CUST00162,2026-05-02,Website,Toys,2,17.02,34.03
TXN0001143,CUST00162,2026-03-22,Mobile App,Groceries,4,17.03,68.12
TXN0001144,CUST00162,2026-07-19,Website,Electronics,1,463.25,463.25
TXN0001145,CUST00162,2026-03-29,Mobile App,Books,4,5.3,21.22
TXN0001146,CUST00162,2025-12-13,Mobile App,Groceries,1,31.66,31.66
TXN0001147,CUST00162,2026-05-17,In-Store,Electronics,4,33.86,135.45
TXN0001148,CUST00163,2026-03-22,In-Store,Books,4,2.36,9.45
TXN0001149,CUST00163,2025-09-24,In-Store,Groceries,4,7.14,28.55
TXN0001150,CUST00164,2025-09-16,Mobile App,Groceries,2,15.3,30.6
TXN0001151,CUST00164,2026-05-31,Website,Apparel,3,38.62,115.85
TXN0001152,CUST00164,2025-12-30,In-Store,Apparel,1,73.56,73.56
TXN0001153,CUST00164,2026-06-17,Website,Apparel,4,4.2,16.8
TXN0001154,CUST00165,2026-01-23,Mobile App,Toys,3,11.41,34.22
TXN0001155,CUST00165,2026-07-05,Mobile App,Books,1,33.75,33.75
TXN0001156,CUST00165,2026-07-06,Website,Electronics,1,193.1,193.1
TXN0001157,CUST00165,2025-11-16,Mobile App,Beauty,2,43.66,87.31
TXN0001158,CUST00165,2026-04-19,Mobile App,Home & Kitchen,4,50.48,201.93
TXN0001159,CUST00165,2026-03-31,In-Store,Beauty,4,4.44,17.75
TXN0001160,CUST00165,2025-08-31,Website,Books,2,4.35,8.7
TXN0001161,CUST00166,2026-06-02,Mobile App,Toys,4,21.78,87.11
TXN0001162,CUST00166,2026-01-11,Website,Toys,2,28.41,56.82
TXN0001163,CUST00167,2025-12-14,Mobile App,Books,1,9.63,9.63
TXN0001164,CUST00167,2025-09-10,Website,Books,4,9.84,39.34
TXN0001165,CUST00167,2026-03-09,Mobile App,Groceries,4,1.95,7.78
TXN0001166,CUST00168,2025-10-19,Mobile App,Toys,1,28.55,28.55
TXN0001167,CUST00168,2026-02-23,Mobile App,Books,1,26.44,26.44
TXN0001168,CUST00168,2025-11-14,Website,Books,1,36.45,36.45
TXN0001169,CUST00168,2025-09-14,Mobile App,Sports & Outdoors,4,30.09,120.36
TXN0001170,CUST00169,2026-05-17,Website,Beauty,4,13.06,52.23
TXN0001171,CUST00170,2026-08-05,Mobile App,Sports & Outdoors,4,57.9,231.61
TXN0001172,CUST00170,2026-08-07,Website,Groceries,4,14.8,59.22
TXN0001173,CUST00171,2026-03-29,In-Store,Sports & Outdoors,2,101.03,202.05
TXN0001174,CUST00171,2026-02-24,Mobile App,Groceries,1,56.8,56.8
TXN0001175,CUST00171,2025-11-14,Mobile App,Home & Kitchen,2,34.26,68.52
TXN0001176,CUST00171,2025-12-09,Mobile App,Apparel,4,30.53,122.12
TXN0001177,CUST00171,2026-01-15,Website,Beauty,1,60.11,60.11
TXN0001178,CUST00171,2025-10-13,Website,Groceries,2,15.89,31.78
TXN0001179,CUST00171,2025-09-25,Website,Electronics,3,218.37,655.11
TXN0001180,CUST00172,2026-05-12,Website,Beauty,2,10.43,20.86
TXN0001181,CUST00172,2026-01-09,Mobile App,Sports & Outdoors,1,199.45,199.45
TXN0001182,CUST00172,2026-04-02,In-Store,Groceries,1,72.22,72.22
TXN0001183,CUST00172,2026-01-18,Mobile App,Toys,1,73.92,73.92
TXN0001184,CUST00173,2026-03-22,In-Store,Apparel,1,126.19,126.19
TXN0001185,CUST00173,2026-06-13,Mobile App,Home & Kitchen,2,98.19,196.38
TXN0001186,CUST00173,2025-11-28,In-Store,Home & Kitchen,4,55.98,223.94
TXN0001187,CUST00173,2025-11-29,In-Store,Toys,1,68.6,68.6
TXN0001188,CUST00174,2026-07-09,Mobile App,Sports & Outdoors,1,207.5,207.5
TXN0001189,CUST00174,2026-07-02,In-Store,Toys,1,87.57,87.57
TXN0001190,CUST00174,2026-07-18,Website,Toys,2,18.66,37.31
TXN0001191,CUST00174,2026-06-04,Website,Sports & Outdoors,4,45.77,183.07
TXN0001192,CUST00174,2026-07-15,Website,Beauty,4,5.91,23.65
TXN0001193,CUST00175,2026-05-18,Website,Books,4,5.31,21.23
TXN0001194,CUST00175,2025-11-23,In-Store,Sports & Outdoors,4,59.2,236.78
TXN0001195,CUST00175,2025-09-21,Website,Electronics,1,588.22,588.22
TXN0001196,CUST00175,2026-06-02,Website,Sports & Outdoors,2,54.7,109.39
TXN0001197,CUST00175,2025-12-21,Mobile App,Books,2,16.14,32.29
TXN0001198,CUST00175,2026-07-25,In-Store,Electronics,3,261.1,783.3
TXN0001199,CUST00175,2025-09-28,Mobile App,Groceries,3,19.71,59.12
TXN0001200,CUST00175,2026-04-25,In-Store,Electronics,2,335.12,670.25
TXN0001201,CUST00175,2026-01-26,Mobile App,Toys,4,15.38,61.51
TXN0001202,CUST00175,2025-12-30,Mobile App,Books,3,10.94,32.81
TXN0001203,CUST00175,2025-12-20,Website,Sports & Outdoors,2,53.33,106.65
TXN0001204,CUST00176,2026-08-17,In-Store,Groceries,3,7.01,21.03
TXN0001205,CUST00176,2026-08-11,Mobile App,Home & Kitchen,3,8.85,26.56
TXN0001206,CUST00176,2026-08-14,Website,Groceries,1,59.49,59.49
TXN0001207,CUST00176,2026-08-21,Mobile App,Sports & Outdoors,3,25.35,76.04
TXN0001208,CUST00176,2026-08-17,Website,Apparel,1,75.58,75.58
TXN0001209,CUST00177,2026-08-18,Website,Beauty,2,41.24,82.48
TXN0001210,CUST00177,2026-02-02,Website,Groceries,2,27.51,55.02
TXN0001211,CUST00177,2025-10-18,Mobile App,Beauty,2,9.73,19.47
TXN0001212,CUST00177,2025-09-12,In-Store,Sports & Outdoors,2,60.88,121.76
TXN0001213,CUST00177,2026-06-17,Mobile App,Books,1,10.62,10.62
TXN0001214,CUST00177,2025-11-06,Mobile App,Home & Kitchen,4,38.34,153.35
TXN0001215,CUST00177,2026-01-08,Website,Books,4,6.71,26.82
TXN0001216,CUST00177,2026-05-26,In-Store,Toys,4,15.23,60.92
TXN0001217,CUST00177,2026-06-29,Mobile App,Toys,4,17.14,68.54
TXN0001218,CUST00177,2025-10-06,In-Store,Home & Kitchen,4,40.41,161.62
TXN0001219,CUST00177,2025-09-15,Mobile App,Home & Kitchen,1,291.05,291.05
TXN0001220,CUST00177,2026-08-03,Mobile App,Toys,2,23.93,47.87
TXN0001221,CUST00177,2026-07-26,In-Store,Sports & Outdoors,1,231.6,231.6
TXN0001222,CUST00177,2026-07-05,Mobile App,Books,3,3.84,11.53
TXN0001223,CUST00177,2026-06-18,Mobile App,Electronics,1,442.08,442.08
TXN0001224,CUST00178,2025-08-31,Website,Sports & Outdoors,4,21.57,86.27
TXN0001225,CUST00178,2026-05-03,Website,Home & Kitchen,4,14.95,59.8
TXN0001226,CUST00178,2025-10-06,Website,Groceries,2,35.84,71.68
TXN0001227,CUST00178,2026-02-05,Website,Toys,3,3.39,10.17
TXN0001228,CUST00178,2025-09-04,Website,Electronics,3,121.06,363.18
TXN0001229,CUST00178,2025-11-10,Mobile App,Sports & Outdoors,4,49.66,198.62
TXN0001230,CUST00179,2026-03-08,Mobile App,Home & Kitchen,4,58.34,233.35
TXN0001231,CUST00179,2025-11-08,In-Store,Toys,3,7.31,21.92
TXN0001232,CUST00179,2026-03-03,Website,Books,4,5.1,20.39
TXN0001233,CUST00179,2025-11-28,Website,Electronics,4,192.14,768.56
TXN0001234,CUST00179,2026-02-16,Mobile App,Apparel,1,131.9,131.9
TXN0001235,CUST00179,2026-05-16,Mobile App,Groceries,1,47.08,47.08
TXN0001236,CUST00179,2025-10-16,Mobile App,Apparel,1,40.98,40.98
TXN0001237,CUST00179,2026-05-05,In-Store,Beauty,1,77.55,77.55
TXN0001238,CUST00179,2025-09-02,Website,Home & Kitchen,3,96.49,289.47
TXN0001239,CUST00179,2026-03-24,In-Store,Beauty,4,21.17,84.67
TXN0001240,CUST00180,2026-04-23,In-Store,Sports & Outdoors,1,109.42,109.42
TXN0001241,CUST00180,2025-09-13,Mobile App,Electronics,2,152.49,304.97
TXN0001242,CUST00180,2025-10-28,Mobile App,Sports & Outdoors,1,104.77,104.77
TXN0001243,CUST00180,2025-12-08,Website,Apparel,3,29.38,88.14
TXN0001244,CUST00181,2026-06-07,Website,Apparel,4,8.96,35.82
TXN0001245,CUST00181,2026-04-06,Mobile App,Electronics,3,170.29,510.86
TXN0001246,CUST00181,2025-09-15,Website,Electronics,1,273.52,273.52
TXN0001247,CUST00181,2026-04-19,Website,Books,3,12.19,36.58
TXN0001248,CUST00181,2025-08-30,Website,Apparel,2,11.0,22.0
TXN0001249,CUST00182,2026-01-13,Mobile App,Beauty,4,13.59,54.37
TXN0001250,CUST00182,2025-12-02,In-Store,Groceries,4,2.39,9.55
TXN0001251,CUST00182,2026-06-29,Mobile App,Apparel,4,20.09,80.36
TXN0001252,CUST00182,2026-04-21,Mobile App,Electronics,1,251.87,251.87
TXN0001253,CUST00182,2026-07-04,Website,Home & Kitchen,4,26.32,105.29
TXN0001254,CUST00182,2025-09-02,Mobile App,Beauty,2,40.23,80.46
TXN0001255,CUST00182,2026-07-05,Website,Home & Kitchen,4,59.74,238.97
TXN0001256,CUST00182,2026-04-17,In-Store,Toys,4,3.33,13.34
TXN0001257,CUST00182,2025-11-18,In-Store,Groceries,2,26.99,53.98
TXN0001258,CUST00182,2026-01-11,Website,Toys,3,10.62,31.86
TXN0001259,CUST00182,2026-08-13,In-Store,Books,2,19.99,39.98
TXN0001260,CUST00182,2025-10-01,Mobile App,Groceries,1,8.41,8.41
TXN0001261,CUST00182,2025-12-18,Website,Books,2,15.18,30.35
TXN0001262,CUST00182,2026-07-05,Mobile App,Groceries,2,35.44,70.87
TXN0001263,CUST00182,2026-03-06,Mobile App,Sports & Outdoors,3,74.24,222.72
TXN0001264,CUST00182,2025-11-02,Mobile App,Toys,3,10.61,31.84
TXN0001265,CUST00182,2026-02-23,Website,Toys,3,28.91,86.72
TXN0001266,CUST00182,2026-02-07,Website,Home & Kitchen,1,201.0,201.0
TXN0001267,CUST00182,2026-07-26,Mobile App,Electronics,2,363.04,726.08
TXN0001268,CUST00182,2025-09-03,Mobile App,Toys,1,71.0,71.0
TXN0001269,CUST00182,2025-11-24,In-Store,Apparel,4,21.93,87.72
TXN0001270,CUST00182,2026-03-05,Mobile App,Sports & Outdoors,4,60.86,243.43
TXN0001271,CUST00182,2025-12-25,In-Store,Sports & Outdoors,1,105.89,105.89
TXN0001272,CUST00182,2026-01-15,Website,Sports & Outdoors,4,58.76,235.02
TXN0001273,CUST00182,2025-10-22,Website,Electronics,3,206.27,618.82
TXN0001274,CUST00182,2025-12-29,Website,Groceries,2,32.81,65.63
TXN0001275,CUST00183,2025-12-31,In-Store,Sports & Outdoors,4,5.91,23.65
TXN0001276,CUST00183,2026-04-09,In-Store,Beauty,4,2.66,10.64
TXN0001277,CUST00183,2025-11-20,Website,Groceries,4,11.92,47.68
TXN0001278,CUST00183,2026-08-14,Website,Beauty,2,34.7,69.39
TXN0001279,CUST00183,2026-02-23,Website,Home & Kitchen,2,114.44,228.87
TXN0001280,CUST00184,2026-06-15,In-Store,Beauty,3,29.76,89.29
TXN0001281,CUST00184,2026-04-09,Website,Electronics,3,264.65,793.96
TXN0001282,CUST00184,2026-07-09,Mobile App,Toys,4,2.54,10.16
TXN0001283,CUST00184,2026-07-13,Mobile App,Electronics,3,230.13,690.39
TXN0001284,CUST00184,2026-06-16,Mobile App,Books,4,4.19,16.77
TXN0001285,CUST00184,2025-09-06,Mobile App,Electronics,2,356.43,712.85
TXN0001286,CUST00184,2026-03-14,Website,Books,3,8.35,25.04
TXN0001287,CUST00184,2025-12-05,Website,Beauty,1,40.12,40.12
TXN0001288,CUST00184,2025-10-20,In-Store,Beauty,4,24.51,98.03
TXN0001289,CUST00184,2026-07-15,In-Store,Beauty,3,9.24,27.72
TXN0001290,CUST00184,2026-04-20,Website,Apparel,4,4.69,18.76
TXN0001291,CUST00184,2025-09-27,In-Store,Sports & Outdoors,2,106.26,212.52
TXN0001292,CUST00185,2026-04-16,Mobile App,Sports & Outdoors,3,70.21,210.64
TXN0001293,CUST00185,2026-08-13,Mobile App,Beauty,4,23.73,94.92
TXN0001294,CUST00185,2026-06-03,In-Store,Toys,1,56.31,56.31
TXN0001295,CUST00185,2026-06-05,In-Store,Electronics,1,333.05,333.05
TXN0001296,CUST00185,2026-03-15,In-Store,Electronics,4,184.84,739.34
TXN0001297,CUST00185,2026-03-18,Website,Books,1,10.11,10.11
TXN0001298,CUST00185,2026-02-28,Mobile App,Groceries,4,17.18,68.74
TXN0001299,CUST00185,2026-08-15,Website,Books,1,15.46,15.46
TXN0001300,CUST00185,2026-08-03,Mobile App,Toys,1,73.61,73.61
TXN0001301,CUST00185,2026-04-05,Website,Electronics,3,130.19,390.56
TXN0001302,CUST00185,2026-05-19,Mobile App,Apparel,1,28.86,28.86
TXN0001303,CUST00185,2026-03-11,Mobile App,Beauty,2,45.7,91.39
TXN0001304,CUST00185,2026-02-25,Mobile App,Groceries,4,7.91,31.65
TXN0001305,CUST00185,2026-05-19,Mobile App,Toys,2,12.44,24.87
TXN0001306,CUST00185,2026-07-11,In-Store,Electronics,4,36.44,145.76
TXN0001307,CUST00186,2026-07-03,In-Store,Sports & Outdoors,2,44.06,88.13
TXN0001308,CUST00186,2025-12-16,Website,Groceries,3,16.75,50.25
TXN0001309,CUST00186,2026-05-07,Website,Electronics,2,219.13,438.26
TXN0001310,CUST00186,2026-03-03,Website,Electronics,2,183.28,366.55
TXN0001311,CUST00186,2025-10-14,In-Store,Beauty,3,26.89,80.67
TXN0001312,CUST00186,2026-08-20,Website,Toys,4,16.39,65.58
TXN0001313,CUST00186,2026-08-13,Mobile App,Sports & Outdoors,3,71.74,215.22
TXN0001314,CUST00186,2025-10-18,Mobile App,Books,1,18.52,18.52
TXN0001315,CUST00187,2026-07-28,In-Store,Electronics,1,421.95,421.95
TXN0001316,CUST00187,2026-07-23,Mobile App,Beauty,2,26.0,51.99
TXN0001317,CUST00187,2025-12-19,Website,Sports & Outdoors,4,51.18,204.71
TXN0001318,CUST00187,2026-03-15,Website,Home & Kitchen,1,251.3,251.3
TXN0001319,CUST00188,2026-08-03,Website,Sports & Outdoors,1,22.05,22.05
TXN0001320,CUST00188,2025-10-08,Website,Toys,3,8.52,25.55
TXN0001321,CUST00188,2025-12-19,Website,Electronics,3,66.45,199.34
TXN0001322,CUST00188,2026-07-09,Website,Groceries,3,19.64,58.91
TXN0001323,CUST00188,2026-05-15,In-Store,Beauty,1,26.07,26.07
TXN0001324,CUST00188,2026-05-29,Website,Groceries,1,73.3,73.3
TXN0001325,CUST00189,2026-08-13,Website,Apparel,2,30.34,60.68
TXN0001326,CUST00189,2026-07-10,Website,Beauty,3,14.42,43.27
TXN0001327,CUST00189,2026-07-10,Mobile App,Books,1,36.11,36.11
TXN0001328,CUST00189,2026-07-12,Website,Home & Kitchen,2,121.28,242.57
TXN0001329,CUST00189,2026-08-17,Mobile App,Sports & Outdoors,4,22.43,89.72
TXN0001330,CUST00189,2026-08-14,In-Store,Beauty,2,46.45,92.89
TXN0001331,CUST00189,2026-08-17,In-Store,Groceries,3,21.41,64.22
TXN0001332,CUST00189,2026-06-30,Website,Groceries,4,17.61,70.46
TXN0001333,CUST00189,2026-08-06,Website,Apparel,1,120.93,120.93
TXN0001334,CUST00189,2026-06-18,Website,Books,3,10.68,32.04
TXN0001335,CUST00190,2025-11-01,Mobile App,Home & Kitchen,3,36.7,110.11
TXN0001336,CUST00190,2026-05-28,Mobile App,Toys,4,16.81,67.25
TXN0001337,CUST00190,2026-04-04,Mobile App,Books,1,28.42,28.42
TXN0001338,CUST00190,2025-12-01,Website,Beauty,2,25.34,50.69
TXN0001339,CUST00191,2026-03-19,Website,Books,2,18.22,36.44
TXN0001340,CUST00191,2025-11-18,In-Store,Sports & Outdoors,1,74.81,74.81
TXN0001341,CUST00191,2025-11-18,Website,Apparel,3,18.28,54.83
TXN0001342,CUST00191,2026-05-01,Website,Electronics,3,132.98,398.94
TXN0001343,CUST00191,2026-01-03,Mobile App,Toys,3,14.87,44.6
TXN0001344,CUST00191,2026-05-01,In-Store,Sports & Outdoors,1,79.16,79.16
TXN0001345,CUST00191,2026-02-14,Website,Beauty,1,33.91,33.91
TXN0001346,CUST00192,2026-02-23,In-Store,Groceries,1,68.2,68.2
TXN0001347,CUST00192,2026-04-01,In-Store,Beauty,1,18.86,18.86
TXN0001348,CUST00192,2026-05-10,Website,Beauty,3,13.35,40.04
TXN0001349,CUST00192,2026-01-08,Website,Groceries,2,9.65,19.3
TXN0001350,CUST00192,2026-06-29,In-Store,Groceries,3,1.88,5.64
TXN0001351,CUST00192,2026-02-19,Website,Sports & Outdoors,4,49.76,199.04
TXN0001352,CUST00192,2025-10-15,In-Store,Electronics,2,202.0,404.0
TXN0001353,CUST00192,2025-11-04,In-Store,Beauty,2,15.21,30.42
TXN0001354,CUST00192,2025-09-07,Mobile App,Toys,4,16.95,67.8
TXN0001355,CUST00192,2026-05-29,Website,Apparel,2,28.64,57.27
TXN0001356,CUST00192,2025-09-01,Mobile App,Books,4,3.68,14.71
TXN0001357,CUST00192,2025-12-02,In-Store,Electronics,2,165.51,331.03
TXN0001358,CUST00192,2026-01-22,Website,Electronics,3,141.62,424.85
TXN0001359,CUST00193,2026-05-21,Website,Books,4,7.49,29.94
TXN0001360,CUST00193,2026-08-17,In-Store,Groceries,1,29.46,29.46
TXN0001361,CUST00193,2026-05-26,Mobile App,Electronics,2,370.81,741.61
TXN0001362,CUST00194,2025-09-19,Mobile App,Books,2,19.68,39.37
TXN0001363,CUST00194,2026-07-26,In-Store,Apparel,2,43.58,87.16
TXN0001364,CUST00194,2026-08-16,Mobile App,Sports & Outdoors,4,37.21,148.84
TXN0001365,CUST00195,2026-07-05,In-Store,Apparel,2,19.07,38.14
TXN0001366,CUST00195,2026-02-19,Website,Toys,2,6.08,12.15
TXN0001367,CUST00195,2025-12-21,Website,Books,2,8.54,17.08
TXN0001368,CUST00195,2026-02-07,Website,Apparel,3,25.46,76.38
TXN0001369,CUST00195,2025-11-23,Mobile App,Home & Kitchen,4,27.88,111.5
TXN0001370,CUST00195,2026-01-19,Website,Apparel,4,8.11,32.43
TXN0001371,CUST00195,2025-09-11,Mobile App,Apparel,2,33.76,67.51
TXN0001372,CUST00195,2026-05-18,Website,Beauty,4,9.47,37.88
TXN0001373,CUST00195,2026-01-10,Website,Groceries,4,12.27,49.06
TXN0001374,CUST00195,2025-12-17,Website,Electronics,4,198.33,793.31
TXN0001375,CUST00195,2026-04-04,Website,Books,2,13.68,27.36
TXN0001376,CUST00195,2026-05-21,Mobile App,Toys,1,46.82,46.82
TXN0001377,CUST00195,2026-03-28,Mobile App,Groceries,4,13.37,53.47
TXN0001378,CUST00195,2026-03-04,Website,Groceries,2,17.16,34.33
TXN0001379,CUST00195,2026-07-08,Mobile App,Home & Kitchen,4,68.0,271.99
TXN0001380,CUST00195,2026-06-06,Mobile App,Home & Kitchen,1,215.59,215.59
TXN0001381,CUST00195,2026-03-02,Website,Electronics,2,114.89,229.77
TXN0001382,CUST00195,2026-02-05,Website,Groceries,1,55.0,55.0
TXN0001383,CUST00195,2026-06-20,Mobile App,Beauty,4,22.95,91.79
TXN0001384,CUST00195,2025-09-11,In-Store,Apparel,1,149.37,149.37
TXN0001385,CUST00195,2026-08-20,In-Store,Sports & Outdoors,2,55.69,111.37
TXN0001386,CUST00195,2026-03-01,Website,Electronics,1,396.63,396.63
TXN0001387,CUST00195,2026-01-16,Mobile App,Toys,4,10.12,40.49
TXN0001388,CUST00195,2026-05-18,In-Store,Books,3,3.07,9.21
TXN0001389,CUST00196,2026-05-21,Mobile App,Home & Kitchen,4,27.9,111.59
TXN0001390,CUST00196,2026-05-12,Mobile App,Apparel,2,13.07,26.14
TXN0001391,CUST00196,2026-06-05,Mobile App,Toys,3,7.07,21.22
TXN0001392,CUST00196,2026-02-04,In-Store,Home & Kitchen,1,254.78,254.78
TXN0001393,CUST00197,2025-12-09,Website,Books,1,13.39,13.39
TXN0001394,CUST00197,2026-01-17,Mobile App,Home & Kitchen,2,71.69,143.38
TXN0001395,CUST00198,2026-03-12,Mobile App,Beauty,1,49.79,49.79
TXN0001396,CUST00198,2026-07-12,In-Store,Apparel,3,22.58,67.73
TXN0001397,CUST00199,2026-02-09,Website,Electronics,4,21.62,86.5
TXN0001398,CUST00199,2026-01-26,In-Store,Beauty,2,21.86,43.72
TXN0001399,CUST00199,2026-04-04,Website,Electronics,1,366.26,366.26
TXN0001400,CUST00199,2025-09-15,Website,Beauty,1,71.2,71.2
TXN0001401,CUST00199,2026-03-01,Website,Apparel,2,61.29,122.58
TXN0001402,CUST00199,2025-10-17,Mobile App,Electronics,1,361.76,361.76
TXN0001403,CUST00199,2026-06-21,In-Store,Sports & Outdoors,2,73.54,147.08
TXN0001404,CUST00199,2026-02-05,Mobile App,Books,1,38.05,38.05
TXN0001405,CUST00199,2026-05-14,Website,Apparel,2,31.57,63.14
TXN0001406,CUST00199,2025-10-06,Website,Sports & Outdoors,2,8.91,17.82
TXN0001407,CUST00199,2026-06-03,Mobile App,Apparel,3,34.61,103.82
TXN0001408,CUST00199,2026-07-30,Mobile App,Sports & Outdoors,2,12.66,25.33
TXN0001409,CUST00199,2026-05-04,Mobile App,Toys,1,88.65,88.65
TXN0001410,CUST00199,2025-10-14,Mobile App,Home & Kitchen,1,90.54,90.54
TXN0001411,CUST00199,2026-01-22,Mobile App,Books,2,14.85,29.69
TXN0001412,CUST00200,2026-04-20,Website,Sports & Outdoors,4,61.21,244.84
TXN0001413,CUST00200,2026-02-18,Website,Electronics,4,126.6,506.4
TXN0001414,CUST00200,2026-05-21,Website,Beauty,1,55.31,55.31
TXN0001415,CUST00201,2026-08-11,Website,Apparel,4,14.17,56.69
TXN0001416,CUST00201,2026-07-24,In-Store,Apparel,3,7.7,23.09
TXN0001417,CUST00201,2026-08-02,Mobile App,Beauty,2,11.82,23.65
TXN0001418,CUST00201,2026-07-26,Mobile App,Beauty,4,23.28,93.11
TXN0001419,CUST00201,2026-08-10,Mobile App,Sports & Outdoors,3,15.52,46.55
TXN0001420,CUST00202,2026-07-19,Mobile App,Books,3,9.58,28.74
TXN0001421,CUST00202,2026-06-09,In-Store,Beauty,3,28.74,86.22
TXN0001422,CUST00202,2026-05-12,Website,Beauty,2,29.27,58.54
TXN0001423,CUST00202,2025-10-10,In-Store,Beauty,4,16.18,64.73
TXN0001424,CUST00202,2025-10-07,Mobile App,Home & Kitchen,1,143.86,143.86
TXN0001425,CUST00202,2026-02-04,Website,Toys,2,7.8,15.6
TXN0001426,CUST00202,2026-01-04,Website,Home & Kitchen,2,141.36,282.72
TXN0001427,CUST00202,2026-03-03,Website,Beauty,1,31.27,31.27
TXN0001428,CUST00203,2026-01-12,Mobile App,Groceries,2,8.65,17.31
TXN0001429,CUST00203,2026-06-07,Website,Home & Kitchen,3,63.21,189.64
TXN0001430,CUST00203,2026-02-27,Website,Toys,2,43.71,87.42
TXN0001431,CUST00203,2026-08-03,Website,Toys,3,5.47,16.4
TXN0001432,CUST00203,2026-01-10,Website,Home & Kitchen,4,37.95,151.8
TXN0001433,CUST00203,2026-01-11,Mobile App,Books,4,8.08,32.33
TXN0001434,CUST00203,2026-05-30,Website,Books,1,21.68,21.68
TXN0001435,CUST00204,2026-08-09,Mobile App,Home & Kitchen,2,87.4,174.8
TXN0001436,CUST00204,2026-06-18,Website,Toys,3,11.49,34.47
TXN0001437,CUST00204,2026-07-02,Website,Toys,2,7.88,15.76
TXN0001438,CUST00204,2026-04-18,Mobile App,Beauty,2,11.96,23.93
TXN0001439,CUST00204,2026-08-02,Website,Sports & Outdoors,4,32.62,130.49
TXN0001440,CUST00204,2026-04-22,In-Store,Sports & Outdoors,3,35.08,105.25
TXN0001441,CUST00204,2026-07-10,Mobile App,Apparel,1,70.19,70.19
TXN0001442,CUST00204,2026-05-28,In-Store,Apparel,2,33.48,66.95
TXN0001443,CUST00204,2026-05-11,Website,Books,3,12.88,38.63
TXN0001444,CUST00204,2026-07-18,Mobile App,Toys,3,20.27,60.8
TXN0001445,CUST00204,2026-06-01,Mobile App,Books,2,18.82,37.65
TXN0001446,CUST00204,2026-06-27,Website,Electronics,3,247.03,741.1
TXN0001447,CUST00205,2025-10-08,Mobile App,Home & Kitchen,4,23.29,93.17
TXN0001448,CUST00205,2025-10-13,In-Store,Home & Kitchen,2,45.6,91.2
TXN0001449,CUST00205,2025-11-08,Website,Apparel,4,25.5,101.99
TXN0001450,CUST00205,2026-04-08,Website,Apparel,2,42.5,85.0
TXN0001451,CUST00205,2025-11-26,In-Store,Home & Kitchen,3,84.11,252.33
TXN0001452,CUST00205,2026-02-08,Mobile App,Books,4,6.69,26.75
TXN0001453,CUST00205,2026-06-30,In-Store,Apparel,3,9.92,29.75
TXN0001454,CUST00205,2026-03-10,In-Store,Groceries,4,15.29,61.15
TXN0001455,CUST00206,2025-09-02,Website,Home & Kitchen,1,248.59,248.59
TXN0001456,CUST00206,2026-07-11,Website,Books,3,8.27,24.8
TXN0001457,CUST00206,2025-11-23,Mobile App,Home & Kitchen,2,34.7,69.39
TXN0001458,CUST00206,2026-03-28,Mobile App,Beauty,1,53.78,53.78
TXN0001459,CUST00206,2026-02-16,Mobile App,Beauty,1,26.71,26.71
TXN0001460,CUST00206,2026-01-24,Mobile App,Beauty,4,8.34,33.34
TXN0001461,CUST00206,2025-09-28,Mobile App,Apparel,2,66.11,132.23
TXN0001462,CUST00206,2026-04-01,Website,Apparel,3,22.0,65.99
TXN0001463,CUST00206,2025-11-26,Website,Electronics,4,122.31,489.23
TXN0001464,CUST00207,2026-07-24,Mobile App,Apparel,3,5.43,16.28
TXN0001465,CUST00207,2026-07-29,In-Store,Electronics,1,548.99,548.99
TXN0001466,CUST00207,2026-07-25,Website,Electronics,3,110.58,331.75
TXN0001467,CUST00207,2026-08-11,In-Store,Toys,4,17.64,70.55
TXN0001468,CUST00207,2026-06-24,Website,Sports & Outdoors,2,124.94,249.87
TXN0001469,CUST00207,2026-06-30,In-Store,Books,1,20.11,20.11
TXN0001470,CUST00207,2026-07-31,In-Store,Sports & Outdoors,1,204.47,204.47
TXN0001471,CUST00208,2025-12-10,In-Store,Books,2,15.61,31.21
TXN0001472,CUST00208,2026-07-14,Website,Apparel,3,44.11,132.32
TXN0001473,CUST00208,2026-05-26,In-Store,Beauty,4,10.79,43.16
TXN0001474,CUST00208,2026-07-10,Mobile App,Beauty,3,3.43,10.28
TXN0001475,CUST00209,2026-07-17,Mobile App,Electronics,3,259.07,777.2
TXN0001476,CUST00209,2026-08-18,Mobile App,Beauty,4,16.15,64.61
TXN0001477,CUST00209,2026-07-05,Mobile App,Apparel,4,15.51,62.03
TXN0001478,CUST00209,2026-07-23,In-Store,Apparel,3,38.04,114.13
TXN0001479,CUST00210,2026-01-27,Mobile App,Electronics,1,145.9,145.9
TXN0001480,CUST00210,2026-05-31,Website,Toys,4,5.86,23.44
TXN0001481,CUST00210,2026-05-16,In-Store,Toys,2,31.5,63.01
TXN0001482,CUST00210,2026-06-05,Website,Home & Kitchen,1,230.91,230.91
TXN0001483,CUST00210,2026-05-12,Website,Electronics,3,56.73,170.18
TXN0001484,CUST00210,2026-06-29,In-Store,Groceries,3,7.18,21.53
TXN0001485,CUST00210,2026-01-27,Mobile App,Apparel,4,26.21,104.84
TXN0001486,CUST00210,2026-04-07,Website,Sports & Outdoors,1,219.91,219.91
TXN0001487,CUST00210,2026-05-08,Mobile App,Books,4,9.28,37.13
TXN0001488,CUST00210,2026-08-04,Mobile App,Books,2,16.93,33.87
TXN0001489,CUST00210,2026-01-06,Website,Groceries,1,11.58,11.58
TXN0001490,CUST00211,2025-12-12,Mobile App,Beauty,1,77.02,77.02
TXN0001491,CUST00211,2026-01-06,Mobile App,Home & Kitchen,4,64.73,258.93
TXN0001492,CUST00211,2026-01-10,Mobile App,Electronics,2,141.55,283.1
TXN0001493,CUST00212,2026-07-12,In-Store,Sports & Outdoors,2,98.12,196.25
TXN0001494,CUST00212,2026-07-28,Mobile App,Beauty,1,19.59,19.59
TXN0001495,CUST00212,2026-08-02,Mobile App,Toys,3,11.76,35.27
TXN0001496,CUST00212,2026-07-22,In-Store,Toys,2,32.2,64.4
TXN0001497,CUST00212,2026-07-15,Mobile App,Home & Kitchen,1,229.18,229.18
TXN0001498,CUST00212,2026-08-08,Mobile App,Groceries,1,42.68,42.68
TXN0001499,CUST00212,2026-07-21,Website,Toys,2,30.25,60.49
TXN0001500,CUST00212,2026-08-01,Mobile App,Books,3,3.29,9.88
TXN0001501,CUST00212,2026-08-01,Website,Beauty,2,43.16,86.33
TXN0001502,CUST00212,2026-08-08,Mobile App,Electronics,2,371.19,742.37
TXN0001503,CUST00212,2026-08-05,In-Store,Books,2,8.79,17.57
TXN0001504,CUST00212,2026-07-14,In-Store,Books,4,4.7,18.8
TXN0001505,CUST00212,2026-08-10,In-Store,Books,3,6.84,20.51
TXN0001506,CUST00212,2026-08-06,Website,Beauty,4,18.27,73.1
TXN0001507,CUST00213,2026-08-19,Website,Electronics,3,229.12,687.36
TXN0001508,CUST00213,2026-05-27,Mobile App,Home & Kitchen,4,45.4,181.6
TXN0001509,CUST00213,2026-06-30,Mobile App,Groceries,2,36.15,72.29
TXN0001510,CUST00213,2026-08-10,Website,Beauty,1,76.18,76.18
TXN0001511,CUST00213,2026-08-19,Website,Apparel,2,53.28,106.57
TXN0001512,CUST00213,2026-04-24,Website,Books,2,14.87,29.74
TXN0001513,CUST00213,2026-06-17,In-Store,Apparel,4,15.75,63.0
TXN0001514,CUST00213,2026-04-29,Website,Electronics,3,46.0,138.01
TXN0001515,CUST00213,2026-06-03,Mobile App,Home & Kitchen,4,48.89,195.55
TXN0001516,CUST00214,2026-08-21,Website,Beauty,3,15.23,45.7
TXN0001517,CUST00214,2026-08-06,Mobile App,Home & Kitchen,4,50.7,202.78
TXN0001518,CUST00214,2026-08-01,In-Store,Apparel,4,30.0,119.99
TXN0001519,CUST00214,2026-08-11,Website,Toys,1,39.39,39.39
TXN0001520,CUST00214,2026-08-10,Website,Apparel,2,40.52,81.04
TXN0001521,CUST00214,2026-08-13,Website,Toys,1,31.9,31.9
TXN0001522,CUST00214,2026-08-09,In-Store,Home & Kitchen,4,31.88,127.51
TXN0001523,CUST00214,2026-08-02,Website,Home & Kitchen,1,47.84,47.84
TXN0001524,CUST00214,2026-08-12,Mobile App,Home & Kitchen,1,133.49,133.49
TXN0001525,CUST00214,2026-08-15,Website,Toys,1,15.11,15.11
TXN0001526,CUST00214,2026-08-21,In-Store,Beauty,1,96.91,96.91
TXN0001527,CUST00214,2026-07-29,Website,Home & Kitchen,4,5.37,21.49
TXN0001528,CUST00214,2026-07-29,In-Store,Apparel,2,10.14,20.28
TXN0001529,CUST00214,2026-08-13,Mobile App,Apparel,1,90.94,90.94
TXN0001530,CUST00214,2026-07-31,Website,Apparel,3,27.78,83.33
TXN0001531,CUST00214,2026-08-18,In-Store,Home & Kitchen,1,138.45,138.45
TXN0001532,CUST00214,2026-08-17,Website,Electronics,3,253.22,759.66
TXN0001533,CUST00215,2026-08-21,Mobile App,Toys,3,21.87,65.61
TXN0001534,CUST00215,2026-01-23,Mobile App,Beauty,1,71.91,71.91
TXN0001535,CUST00215,2025-12-25,Website,Beauty,2,11.38,22.75
TXN0001536,CUST00215,2026-03-16,In-Store,Beauty,3,21.09,63.26
TXN0001537,CUST00215,2026-04-13,Website,Books,3,3.46,10.38
TXN0001538,CUST00215,2025-08-31,Website,Home & Kitchen,1,132.02,132.02
TXN0001539,CUST00215,2025-11-07,In-Store,Books,2,19.05,38.09
TXN0001540,CUST00215,2025-12-06,Mobile App,Apparel,3,33.33,99.99
TXN0001541,CUST00215,2026-06-07,In-Store,Beauty,2,37.15,74.3
TXN0001542,CUST00215,2025-12-15,Mobile App,Home & Kitchen,4,27.14,108.58
TXN0001543,CUST00215,2026-02-25,Website,Beauty,1,16.98,16.98
TXN0001544,CUST00215,2025-12-21,Mobile App,Books,1,10.11,10.11
TXN0001545,CUST00215,2025-08-29,Website,Sports & Outdoors,2,98.92,197.85
TXN0001546,CUST00215,2026-04-30,In-Store,Beauty,1,34.63,34.63
TXN0001547,CUST00215,2025-12-27,Website,Beauty,1,44.08,44.08
TXN0001548,CUST00215,2026-05-14,In-Store,Apparel,3,12.91,38.72
TXN0001549,CUST00216,2026-04-24,In-Store,Toys,3,5.88,17.64
TXN0001550,CUST00216,2025-10-23,Mobile App,Groceries,1,46.37,46.37
TXN0001551,CUST00216,2025-12-07,In-Store,Home & Kitchen,4,27.26,109.04
TXN0001552,CUST00216,2026-01-25,Website,Books,2,11.63,23.26
TXN0001553,CUST00216,2026-01-27,Website,Home & Kitchen,2,102.06,204.12
TXN0001554,CUST00216,2026-05-11,Website,Groceries,3,2.99,8.96
TXN0001555,CUST00216,2026-07-26,Mobile App,Beauty,4,17.76,71.04
TXN0001556,CUST00216,2026-06-19,Mobile App,Home & Kitchen,3,47.64,142.91
TXN0001557,CUST00217,2026-04-16,Mobile App,Groceries,2,38.23,76.45
TXN0001558,CUST00217,2026-02-16,Website,Apparel,4,35.73,142.91
TXN0001559,CUST00217,2026-04-09,In-Store,Apparel,1,100.68,100.68
TXN0001560,CUST00217,2026-07-14,Mobile App,Apparel,1,37.29,37.29
TXN0001561,CUST00218,2026-07-04,Mobile App,Toys,1,74.67,74.67
TXN0001562,CUST00219,2025-12-25,Mobile App,Home & Kitchen,1,154.3,154.3
TXN0001563,CUST00219,2026-06-05,Mobile App,Beauty,1,91.98,91.98
TXN0001564,CUST00219,2026-01-23,Mobile App,Sports & Outdoors,1,72.39,72.39
TXN0001565,CUST00219,2026-05-21,Mobile App,Home & Kitchen,2,104.44,208.87
TXN0001566,CUST00220,2026-08-12,Website,Home & Kitchen,1,163.83,163.83
TXN0001567,CUST00220,2026-07-14,Mobile App,Books,1,13.46,13.46
TXN0001568,CUST00220,2026-08-06,Website,Beauty,1,84.86,84.86
TXN0001569,CUST00220,2026-07-15,Website,Toys,2,16.74,33.48
TXN0001570,CUST00220,2026-07-27,Website,Books,3,4.99,14.96
TXN0001571,CUST00220,2026-07-09,In-Store,Electronics,4,187.89,751.56
TXN0001572,CUST00220,2026-08-04,Website,Electronics,3,170.55,511.65
TXN0001573,CUST00220,2026-08-10,Website,Apparel,2,7.85,15.7
TXN0001574,CUST00220,2026-08-15,Mobile App,Electronics,4,31.5,126.0
TXN0001575,CUST00220,2026-07-17,Website,Home & Kitchen,4,33.75,135.0
TXN0001576,CUST00221,2026-08-11,Website,Groceries,4,5.49,21.96
TXN0001577,CUST00221,2025-12-05,Website,Sports & Outdoors,2,57.83,115.66
TXN0001578,CUST00221,2025-09-07,Mobile App,Groceries,4,3.29,13.15
TXN0001579,CUST00221,2026-08-16,Mobile App,Toys,3,7.65,22.95
TXN0001580,CUST00222,2026-04-09,Website,Beauty,3,6.65,19.96
TXN0001581,CUST00222,2026-06-26,Website,Books,3,7.16,21.47
TXN0001582,CUST00222,2026-03-20,In-Store,Home & Kitchen,4,51.63,206.54
TXN0001583,CUST00222,2026-01-14,In-Store,Groceries,4,3.48,13.91
TXN0001584,CUST00222,2026-03-29,Mobile App,Home & Kitchen,4,27.74,110.97
TXN0001585,CUST00222,2026-07-04,Mobile App,Books,1,12.21,12.21
TXN0001586,CUST00222,2026-05-24,In-Store,Home & Kitchen,1,63.55,63.55
TXN0001587,CUST00222,2026-05-07,In-Store,Beauty,3,4.89,14.68
TXN0001588,CUST00222,2025-12-18,Mobile App,Electronics,3,125.25,375.75
TXN0001589,CUST00222,2025-09-07,Website,Apparel,2,58.86,117.72
TXN0001590,CUST00222,2026-01-22,Mobile App,Home & Kitchen,1,89.85,89.85
TXN0001591,CUST00222,2026-02-21,In-Store,Beauty,4,17.49,69.97
TXN0001592,CUST00222,2025-11-20,Website,Apparel,2,54.83,109.65
TXN0001593,CUST00222,2026-02-05,Website,Home & Kitchen,2,42.12,84.23
TXN0001594,CUST00223,2026-08-04,Website,Beauty,4,23.41,93.62
TXN0001595,CUST00223,2025-11-12,Website,Beauty,1,18.18,18.18
TXN0001596,CUST00223,2025-12-13,Website,Groceries,2,28.75,57.51
TXN0001597,CUST00223,2025-10-06,Website,Books,4,5.83,23.33
TXN0001598,CUST00223,2026-06-05,Mobile App,Groceries,3,4.42,13.25
TXN0001599,CUST00223,2026-06-03,Website,Sports & Outdoors,2,91.11,182.22
TXN0001600,CUST00223,2026-07-21,Website,Electronics,1,186.31,186.31
TXN0001601,CUST00223,2026-02-02,Website,Sports & Outdoors,4,16.2,64.81
TXN0001602,CUST00223,2025-09-04,Website,Apparel,3,24.39,73.17
TXN0001603,CUST00223,2026-02-16,In-Store,Sports & Outdoors,1,93.56,93.56
TXN0001604,CUST00223,2026-02-23,Website,Electronics,2,281.11,562.22
TXN0001605,CUST00223,2025-11-03,Website,Sports & Outdoors,3,63.2,189.59
TXN0001606,CUST00223,2026-07-25,Website,Groceries,4,5.19,20.75
TXN0001607,CUST00223,2026-05-17,Website,Apparel,1,32.62,32.62
TXN0001608,CUST00223,2026-03-03,Website,Beauty,4,6.84,27.36
TXN0001609,CUST00223,2026-06-02,In-Store,Apparel,3,47.38,142.15
TXN0001610,CUST00223,2025-10-17,Website,Toys,2,44.59,89.17
TXN0001611,CUST00223,2026-07-06,Mobile App,Home & Kitchen,2,16.14,32.27
TXN0001612,CUST00223,2026-06-18,Mobile App,Groceries,3,23.96,71.87
TXN0001613,CUST00223,2026-07-30,In-Store,Toys,1,60.39,60.39
TXN0001614,CUST00224,2026-06-12,Website,Books,1,24.76,24.76
TXN0001615,CUST00224,2026-02-13,Website,Groceries,2,28.62,57.25
TXN0001616,CUST00224,2026-06-22,Website,Electronics,2,322.89,645.79
TXN0001617,CUST00224,2026-04-25,Mobile App,Books,1,23.84,23.84
TXN0001618,CUST00224,2026-06-20,Website,Books,4,6.5,26.0
TXN0001619,CUST00224,2026-05-09,Mobile App,Groceries,1,20.52,20.52
TXN0001620,CUST00224,2026-01-15,Website,Beauty,1,63.29,63.29
TXN0001621,CUST00225,2026-07-28,Mobile App,Groceries,2,13.88,27.76
TXN0001622,CUST00225,2026-05-01,Website,Groceries,2,23.2,46.41
TXN0001623,CUST00225,2026-03-28,Website,Beauty,2,18.14,36.27
TXN0001624,CUST00225,2025-09-27,In-Store,Groceries,3,24.85,74.54
TXN0001625,CUST00225,2026-02-11,In-Store,Electronics,2,265.9,531.81
TXN0001626,CUST00225,2025-09-12,In-Store,Beauty,1,58.11,58.11
TXN0001627,CUST00225,2026-03-02,Mobile App,Sports & Outdoors,3,30.42,91.27
TXN0001628,CUST00225,2026-04-21,Mobile App,Books,3,12.25,36.75
TXN0001629,CUST00225,2025-12-17,Website,Electronics,1,519.47,519.47
TXN0001630,CUST00225,2026-03-22,In-Store,Beauty,3,25.25,75.74
TXN0001631,CUST00225,2025-12-17,Website,Electronics,1,453.04,453.04
TXN0001632,CUST00225,2026-07-14,Mobile App,Books,3,12.75,38.26
TXN0001633,CUST00225,2025-12-20,In-Store,Beauty,2,41.76,83.52
TXN0001634,CUST00225,2025-11-04,Website,Beauty,4,15.59,62.35
TXN0001635,CUST00225,2025-12-04,Website,Beauty,4,18.92,75.68
TXN0001636,CUST00225,2025-12-19,Website,Toys,2,8.75,17.5
TXN0001637,CUST00226,2026-02-01,Website,Home & Kitchen,4,18.22,72.88
TXN0001638,CUST00226,2025-10-08,In-Store,Home & Kitchen,1,201.32,201.32
TXN0001639,CUST00226,2025-10-19,Website,Home & Kitchen,2,124.45,248.9
TXN0001640,CUST00226,2025-12-03,Website,Apparel,4,18.14,72.56
TXN0001641,CUST00226,2025-09-01,In-Store,Books,2,5.61,11.21
TXN0001642,CUST00226,2026-04-08,Mobile App,Electronics,4,125.62,502.47
TXN0001643,CUST00226,2026-02-28,Website,Apparel,1,126.59,126.59
TXN0001644,CUST00227,2025-11-09,Website,Apparel,1,51.13,51.13
TXN0001645,CUST00227,2025-12-31,In-Store,Electronics,1,768.21,768.21
TXN0001646,CUST00228,2026-07-20,Mobile App,Sports & Outdoors,1,215.39,215.39
TXN0001647,CUST00228,2026-07-11,Website,Toys,4,17.69,70.77
TXN0001648,CUST00228,2026-08-07,In-Store,Groceries,2,14.94,29.88
TXN0001649,CUST00228,2026-07-18,Website,Groceries,1,52.06,52.06
TXN0001650,CUST00228,2026-07-16,Website,Electronics,3,42.37,127.11
TXN0001651,CUST00228,2026-07-08,Website,Books,2,6.27,12.54
TXN0001652,CUST00228,2026-08-03,Website,Books,3,6.78,20.33
TXN0001653,CUST00228,2026-07-21,Mobile App,Beauty,4,23.24,92.95
TXN0001654,CUST00228,2026-07-26,Mobile App,Apparel,1,81.4,81.4
TXN0001655,CUST00228,2026-07-11,Website,Groceries,3,10.6,31.8
TXN0001656,CUST00228,2026-07-27,Website,Apparel,2,67.95,135.9
TXN0001657,CUST00228,2026-08-06,Website,Sports & Outdoors,4,38.98,155.91
TXN0001658,CUST00228,2026-07-10,Website,Groceries,3,17.29,51.86
TXN0001659,CUST00228,2026-07-07,Website,Apparel,4,12.9,51.6
TXN0001660,CUST00228,2026-07-25,Mobile App,Groceries,1,65.8,65.8
TXN0001661,CUST00228,2026-07-13,In-Store,Home & Kitchen,2,118.89,237.78
TXN0001662,CUST00229,2026-03-29,Website,Toys,4,16.93,67.71
TXN0001663,CUST00229,2026-03-28,In-Store,Apparel,3,31.0,93.01
TXN0001664,CUST00229,2026-06-24,Website,Sports & Outdoors,2,124.39,248.77
TXN0001665,CUST00229,2026-05-05,In-Store,Sports & Outdoors,4,22.51,90.04
TXN0001666,CUST00229,2026-04-05,Mobile App,Books,3,9.09,27.26
TXN0001667,CUST00229,2025-12-17,Website,Beauty,4,11.12,44.49
TXN0001668,CUST00229,2026-06-17,Mobile App,Toys,2,26.3,52.6
TXN0001669,CUST00229,2026-05-10,Website,Books,2,12.43,24.86
TXN0001670,CUST00229,2026-04-25,Mobile App,Beauty,2,21.27,42.55
TXN0001671,CUST00229,2026-03-07,In-Store,Electronics,4,80.45,321.8
TXN0001672,CUST00229,2026-08-12,In-Store,Apparel,3,7.68,23.04
TXN0001673,CUST00229,2026-05-26,Website,Home & Kitchen,2,51.26,102.52
TXN0001674,CUST00229,2026-02-10,In-Store,Books,2,7.88,15.76
TXN0001675,CUST00230,2025-10-13,Mobile App,Apparel,2,72.44,144.88
TXN0001676,CUST00230,2026-06-15,Website,Electronics,4,143.02,572.09
TXN0001677,CUST00230,2026-07-24,Website,Apparel,1,104.47,104.47
TXN0001678,CUST00230,2026-02-11,Mobile App,Home & Kitchen,3,9.48,28.45
TXN0001679,CUST00231,2026-02-07,Website,Apparel,4,4.17,16.68
TXN0001680,CUST00231,2026-04-30,Website,Home & Kitchen,2,75.77,151.53
TXN0001681,CUST00231,2026-05-09,Mobile App,Groceries,3,13.42,40.26
TXN0001682,CUST00231,2026-02-10,Mobile App,Electronics,2,132.54,265.08
TXN0001683,CUST00231,2025-11-18,Website,Electronics,2,251.56,503.13
TXN0001684,CUST00232,2025-11-15,Website,Books,4,8.66,34.65
TXN0001685,CUST00232,2026-07-02,Mobile App,Groceries,3,24.65,73.94
TXN0001686,CUST00232,2026-04-06,Mobile App,Books,3,12.6,37.81
TXN0001687,CUST00232,2026-07-21,In-Store,Books,2,19.64,39.29
TXN0001688,CUST00232,2026-01-15,Mobile App,Books,2,13.9,27.81
TXN0001689,CUST00233,2026-05-05,Website,Apparel,4,31.31,125.24
TXN0001690,CUST00233,2026-04-23,Mobile App,Books,2,17.23,34.47
TXN0001691,CUST00233,2026-06-06,Website,Sports & Outdoors,2,83.48,166.96
TXN0001692,CUST00233,2026-07-10,Website,Apparel,3,8.5,25.5
TXN0001693,CUST00234,2026-02-06,Website,Home & Kitchen,1,171.64,171.64
TXN0001694,CUST00234,2025-09-06,Website,Electronics,3,205.8,617.39
TXN0001695,CUST00234,2026-02-14,Website,Beauty,1,67.46,67.46
TXN0001696,CUST00234,2025-12-31,Website,Apparel,1,146.85,146.85
TXN0001697,CUST00234,2026-02-09,Mobile App,Toys,3,4.55,13.65
TXN0001698,CUST00234,2025-10-27,Website,Groceries,3,1.88,5.64
TXN0001699,CUST00234,2026-05-30,In-Store,Books,3,8.0,24.01
TXN0001700,CUST00234,2026-04-01,In-Store,Sports & Outdoors,1,243.85,243.85
TXN0001701,CUST00235,2025-10-11,Mobile App,Apparel,2,41.4,82.79
TXN0001702,CUST00235,2025-10-03,Website,Books,1,23.26,23.26
TXN0001703,CUST00235,2026-06-17,Website,Home & Kitchen,1,211.06,211.06
TXN0001704,CUST00235,2026-06-09,In-Store,Apparel,2,71.81,143.63
TXN0001705,CUST00235,2025-12-22,In-Store,Home & Kitchen,2,117.64,235.27
TXN0001706,CUST00235,2026-04-17,In-Store,Sports & Outdoors,2,60.08,120.16
TXN0001707,CUST00235,2026-06-08,Website,Sports & Outdoors,4,40.38,161.52
TXN0001708,CUST00235,2026-03-06,Website,Books,1,15.65,15.65
TXN0001709,CUST00235,2026-01-18,In-Store,Toys,1,17.79,17.79
TXN0001710,CUST00235,2026-01-22,Website,Groceries,1,46.04,46.04
TXN0001711,CUST00235,2026-04-07,Mobile App,Toys,3,11.7,35.1
TXN0001712,CUST00235,2026-03-12,Website,Groceries,3,16.08,48.24
TXN0001713,CUST00235,2026-08-12,Website,Home & Kitchen,4,54.74,218.98
TXN0001714,CUST00236,2026-01-12,In-Store,Groceries,4,15.56,62.24
TXN0001715,CUST00236,2025-12-27,Mobile App,Home & Kitchen,4,70.79,283.15
TXN0001716,CUST00236,2026-06-16,Website,Groceries,2,17.54,35.07
TXN0001717,CUST00236,2026-03-27,Mobile App,Sports & Outdoors,4,25.7,102.82
TXN0001718,CUST00236,2026-06-05,Mobile App,Groceries,1,70.81,70.81
TXN0001719,CUST00236,2026-01-30,Mobile App,Electronics,2,302.89,605.78
TXN0001720,CUST00237,2026-06-06,Website,Apparel,2,27.12,54.24
TXN0001721,CUST00237,2026-03-11,Mobile App,Apparel,4,11.28,45.11
TXN0001722,CUST00237,2025-11-20,Mobile App,Sports & Outdoors,4,31.12,124.48
TXN0001723,CUST00237,2026-04-22,Website,Home & Kitchen,4,56.23,224.9
TXN0001724,CUST00237,2025-09-24,In-Store,Beauty,1,46.14,46.14
TXN0001725,CUST00238,2026-07-30,Website,Toys,4,6.75,27.01
TXN0001726,CUST00238,2026-04-06,Website,Toys,2,6.53,13.06
TXN0001727,CUST00238,2026-03-09,In-Store,Home & Kitchen,3,66.42,199.26
TXN0001728,CUST00238,2026-04-12,Mobile App,Books,3,3.33,10.0
TXN0001729,CUST00238,2026-03-01,In-Store,Toys,2,13.54,27.07
TXN0001730,CUST00238,2026-03-31,In-Store,Books,2,8.32,16.64
TXN0001731,CUST00238,2026-06-25,Website,Apparel,1,51.98,51.98
TXN0001732,CUST00238,2025-11-28,Website,Toys,2,39.85,79.7
TXN0001733,CUST00238,2026-08-07,Mobile App,Groceries,1,18.81,18.81
TXN0001734,CUST00238,2025-10-25,Website,Books,3,6.31,18.94
TXN0001735,CUST00238,2025-11-07,Website,Sports & Outdoors,4,59.09,236.36
TXN0001736,CUST00238,2026-06-22,Mobile App,Home & Kitchen,4,72.59,290.37
TXN0001737,CUST00238,2026-06-09,Website,Books,2,17.17,34.34
TXN0001738,CUST00238,2026-02-02,Website,Home & Kitchen,3,36.88,110.65
TXN0001739,CUST00238,2026-03-11,Website,Toys,4,21.18,84.71
TXN0001740,CUST00238,2026-05-04,In-Store,Apparel,4,30.48,121.92
TXN0001741,CUST00238,2025-11-01,Website,Electronics,2,395.59,791.18
TXN0001742,CUST00238,2026-06-23,Mobile App,Apparel,2,9.96,19.93
TXN0001743,CUST00238,2026-07-16,Mobile App,Home & Kitchen,2,94.13,188.26
TXN0001744,CUST00239,2026-07-18,Website,Beauty,1,97.46,97.46
TXN0001745,CUST00239,2026-04-13,Website,Sports & Outdoors,3,6.27,18.8
TXN0001746,CUST00239,2025-08-27,Mobile App,Apparel,4,27.35,109.41
TXN0001747,CUST00240,2026-01-26,Mobile App,Sports & Outdoors,4,52.41,209.62
TXN0001748,CUST00240,2026-01-27,Mobile App,Sports & Outdoors,2,20.82,41.64
TXN0001749,CUST00240,2026-04-30,Mobile App,Sports & Outdoors,2,28.29,56.57
TXN0001750,CUST00240,2026-03-26,Mobile App,Books,4,4.28,17.12
TXN0001751,CUST00240,2026-05-11,Mobile App,Apparel,1,149.37,149.37
TXN0001752,CUST00240,2026-02-07,Website,Electronics,4,128.05,512.2
TXN0001753,CUST00240,2026-06-05,Website,Apparel,1,100.53,100.53
TXN0001754,CUST00241,2026-01-22,Website,Books,4,3.69,14.78
TXN0001755,CUST00241,2026-04-11,Mobile App,Apparel,4,10.35,41.4
TXN0001756,CUST00241,2026-07-26,In-Store,Sports & Outdoors,4,60.6,242.39
TXN0001757,CUST00241,2026-01-19,Mobile App,Books,3,2.75,8.24
TXN0001758,CUST00241,2026-08-04,In-Store,Groceries,3,8.36,25.07
TXN0001759,CUST00241,2026-02-28,Website,Books,1,29.55,29.55
TXN0001760,CUST00241,2026-08-16,In-Store,Books,1,9.05,9.05
TXN0001761,CUST00241,2026-01-31,Website,Sports & Outdoors,3,70.86,212.58
TXN0001762,CUST00241,2025-11-13,Website,Books,4,3.94,15.74
TXN0001763,CUST00242,2025-08-29,Mobile App,Books,4,8.63,34.51
TXN0001764,CUST00242,2026-08-17,Website,Books,2,19.64,39.28
TXN0001765,CUST00242,2026-01-19,Mobile App,Sports & Outdoors,4,34.14,136.56
TXN0001766,CUST00242,2025-10-11,Website,Home & Kitchen,4,40.3,161.19
TXN0001767,CUST00242,2025-12-10,In-Store,Groceries,2,33.9,67.8
TXN0001768,CUST00242,2026-01-06,In-Store,Beauty,1,18.39,18.39
TXN0001769,CUST00242,2026-03-12,Mobile App,Home & Kitchen,1,27.79,27.79
TXN0001770,CUST00242,2025-09-15,Mobile App,Electronics,2,303.38,606.75
TXN0001771,CUST00242,2026-05-07,In-Store,Sports & Outdoors,2,29.42,58.84
TXN0001772,CUST00242,2026-06-18,Website,Beauty,4,18.84,75.37
TXN0001773,CUST00242,2026-01-03,In-Store,Electronics,2,128.11,256.22
TXN0001774,CUST00243,2026-07-18,Mobile App,Apparel,1,29.98,29.98
TXN0001775,CUST00243,2026-07-19,Website,Groceries,2,12.32,24.65
TXN0001776,CUST00243,2026-02-11,Website,Toys,2,38.78,77.57
TXN0001777,CUST00243,2026-06-08,Website,Toys,4,18.41,73.64
TXN0001778,CUST00243,2026-03-22,Website,Apparel,4,10.85,43.39
TXN0001779,CUST00243,2026-03-03,Website,Sports & Outdoors,4,40.97,163.88
TXN0001780,CUST00243,2026-03-20,In-Store,Home & Kitchen,2,51.83,103.65
TXN0001781,CUST00243,2026-03-19,Mobile App,Electronics,3,45.97,137.91
TXN0001782,CUST00244,2026-03-11,Mobile App,Electronics,3,56.26,168.79
TXN0001783,CUST00244,2026-04-22,In-Store,Beauty,1,64.55,64.55
TXN0001784,CUST00244,2026-02-13,Mobile App,Home & Kitchen,3,26.86,80.57
TXN0001785,CUST00245,2025-11-02,In-Store,Electronics,2,147.82,295.65
TXN0001786,CUST00246,2026-01-12,Mobile App,Home & Kitchen,4,23.73,94.93
TXN0001787,CUST00246,2026-07-25,Website,Apparel,3,20.68,62.05
TXN0001788,CUST00246,2026-06-25,Mobile App,Toys,4,11.22,44.88
TXN0001789,CUST00246,2025-10-21,In-Store,Groceries,3,5.99,17.97
TXN0001790,CUST00247,2026-08-21,Website,Groceries,2,8.71,17.42
TXN0001791,CUST00247,2026-04-25,In-Store,Toys,4,11.17,44.68
TXN0001792,CUST00247,2025-10-14,Mobile App,Groceries,1,66.19,66.19
TXN0001793,CUST00247,2025-09-21,Mobile App,Books,3,4.8,14.39
TXN0001794,CUST00247,2025-09-01,Website,Apparel,1,75.67,75.67
TXN0001795,CUST00247,2026-05-13,In-Store,Groceries,3,16.34,49.02
TXN0001796,CUST00247,2026-02-18,Mobile App,Sports & Outdoors,1,108.6,108.6
TXN0001797,CUST00248,2026-06-15,In-Store,Books,3,11.1,33.31
TXN0001798,CUST00248,2026-08-20,Website,Beauty,3,23.04,69.13
TXN0001799,CUST00248,2026-05-04,Website,Sports & Outdoors,3,14.58,43.74
TXN0001800,CUST00248,2026-07-10,Mobile App,Sports & Outdoors,3,21.75,65.24
TXN0001801,CUST00248,2026-06-12,In-Store,Apparel,2,33.52,67.05
TXN0001802,CUST00248,2026-06-17,Mobile App,Apparel,1,90.73,90.73
TXN0001803,CUST00248,2026-07-27,Mobile App,Books,4,7.46,29.83
TXN0001804,CUST00248,2026-07-05,Website,Sports & Outdoors,1,61.57,61.57
TXN0001805,CUST00248,2026-06-14,In-Store,Toys,3,4.58,13.74
TXN0001806,CUST00248,2026-05-15,Mobile App,Apparel,3,25.38,76.13
TXN0001807,CUST00249,2026-02-26,Website,Electronics,1,263.78,263.78
TXN0001808,CUST00249,2026-03-13,In-Store,Groceries,4,3.71,14.83
TXN0001809,CUST00249,2026-02-05,Website,Electronics,1,303.04,303.04
TXN0001810,CUST00249,2026-01-01,Website,Apparel,4,31.76,127.03
TXN0001811,CUST00249,2025-11-01,Mobile App,Groceries,3,9.6,28.79
TXN0001812,CUST00250,2026-07-21,Website,Sports & Outdoors,1,131.05,131.05
TXN0001813,CUST00250,2026-07-19,Website,Toys,1,49.47,49.47
TXN0001814,CUST00250,2026-08-09,In-Store,Apparel,1,18.95,18.95
TXN0001815,CUST00250,2026-06-21,In-Store,Home & Kitchen,3,16.48,49.44
TXN0001816,CUST00250,2026-07-13,In-Store,Books,1,15.24,15.24
TXN0001817,CUST00250,2026-07-05,Website,Sports & Outdoors,1,206.79,206.79
TXN0001818,CUST00250,2026-07-16,In-Store,Electronics,1,244.77,244.77
TXN0001819,CUST00250,2026-07-02,Website,Groceries,3,3.54,10.63
TXN0001820,CUST00250,2026-08-20,Mobile App,Books,2,8.32,16.64
TXN0001821,CUST00250,2026-07-18,In-Store,Toys,3,6.53,19.59
TXN0001822,CUST00250,2026-07-29,In-Store,Books,1,28.38,28.38
TXN0001823,CUST00250,2026-06-12,Mobile App,Beauty,4,15.5,62.01
TXN0001824,CUST00250,2026-07-11,In-Store,Sports & Outdoors,4,49.14,196.57
TXN0001825,CUST00250,2026-07-28,Website,Groceries,1,62.47,62.47
TXN0001826,CUST00251,2025-10-17,Mobile App,Beauty,2,34.67,69.35
TXN0001827,CUST00251,2026-05-17,Mobile App,Apparel,1,146.19,146.19
TXN0001828,CUST00251,2026-08-16,Website,Beauty,4,13.03,52.13
TXN0001829,CUST00252,2026-08-21,Mobile App,Sports & Outdoors,3,21.35,64.04
TXN0001830,CUST00252,2026-08-11,In-Store,Groceries,2,29.07,58.14
TXN0001831,CUST00253,2026-02-10,Website,Home & Kitchen,3,27.09,81.26
TXN0001832,CUST00253,2025-09-24,Website,Toys,2,39.72,79.43
TXN0001833,CUST00253,2026-07-13,In-Store,Beauty,4,4.04,16.18
TXN0001834,CUST00253,2025-09-27,Website,Groceries,1,76.36,76.36
TXN0001835,CUST00253,2026-02-13,Website,Apparel,2,57.79,115.58
TXN0001836,CUST00254,2026-06-03,In-Store,Home & Kitchen,4,23.67,94.69
TXN0001837,CUST00255,2026-08-21,Mobile App,Groceries,1,13.87,13.87
TXN0001838,CUST00255,2026-08-11,Website,Beauty,4,5.89,23.56
TXN0001839,CUST00255,2026-08-17,Mobile App,Electronics,3,127.0,381.01
TXN0001840,CUST00255,2026-08-19,Website,Books,4,7.86,31.42
TXN0001841,CUST00255,2026-08-14,Website,Beauty,3,15.41,46.24
TXN0001842,CUST00256,2025-09-14,Mobile App,Books,1,11.49,11.49
TXN0001843,CUST00256,2025-12-28,Mobile App,Apparel,1,44.64,44.64
TXN0001844,CUST00256,2026-06-03,In-Store,Groceries,1,22.91,22.91
TXN0001845,CUST00256,2026-02-11,Website,Books,1,20.54,20.54
TXN0001846,CUST00256,2026-02-27,Website,Groceries,2,21.07,42.14
TXN0001847,CUST00257,2026-02-11,Website,Groceries,3,19.31,57.94
TXN0001848,CUST00257,2026-05-18,Mobile App,Apparel,4,10.0,39.99
TXN0001849,CUST00258,2026-01-25,Website,Beauty,1,25.32,25.32
TXN0001850,CUST00258,2026-08-07,Website,Sports & Outdoors,2,113.23,226.47
TXN0001851,CUST00258,2026-06-10,In-Store,Toys,1,44.23,44.23
TXN0001852,CUST00258,2025-12-09,Website,Groceries,2,35.55,71.09
TXN0001853,CUST00258,2025-09-08,Mobile App,Electronics,4,123.88,495.5
TXN0001854,CUST00258,2026-07-25,Mobile App,Toys,4,19.96,79.86
TXN0001855,CUST00258,2026-05-23,Website,Electronics,3,158.48,475.45
TXN0001856,CUST00258,2026-05-15,In-Store,Home & Kitchen,1,231.4,231.4
TXN0001857,CUST00258,2026-03-17,Website,Sports & Outdoors,3,40.45,121.36
TXN0001858,CUST00259,2025-09-18,Website,Toys,4,7.57,30.28
TXN0001859,CUST00259,2026-02-13,Website,Sports & Outdoors,3,28.59,85.77
TXN0001860,CUST00259,2025-10-26,In-Store,Toys,1,19.02,19.02
TXN0001861,CUST00259,2025-09-14,Website,Books,2,17.7,35.4
TXN0001862,CUST00259,2026-08-18,Website,Electronics,4,58.32,233.28
TXN0001863,CUST00259,2026-06-14,Website,Apparel,4,10.29,41.17
TXN0001864,CUST00259,2026-04-08,Mobile App,Groceries,4,17.7,70.79
TXN0001865,CUST00259,2025-12-08,In-Store,Home & Kitchen,3,31.43,94.29
TXN0001866,CUST00260,2025-09-25,Website,Books,3,12.75,38.25
TXN0001867,CUST00260,2026-02-25,Website,Electronics,3,161.55,484.64
TXN0001868,CUST00260,2026-06-29,In-Store,Apparel,4,18.38,73.52
TXN0001869,CUST00261,2025-12-05,In-Store,Sports & Outdoors,1,82.78,82.78
TXN0001870,CUST00261,2025-10-13,Mobile App,Home & Kitchen,2,75.28,150.57
TXN0001871,CUST00261,2025-12-06,Mobile App,Groceries,2,25.89,51.78
TXN0001872,CUST00261,2026-07-01,Website,Groceries,3,3.28,9.85
TXN0001873,CUST00261,2025-09-01,Website,Electronics,1,212.99,212.99
TXN0001874,CUST00261,2025-10-06,Website,Groceries,3,1.79,5.38
TXN0001875,CUST00261,2025-10-28,Mobile App,Electronics,2,43.72,87.43
TXN0001876,CUST00261,2026-03-28,Website,Groceries,2,31.95,63.89
TXN0001877,CUST00262,2025-10-20,Mobile App,Home & Kitchen,2,149.43,298.86
TXN0001878,CUST00263,2026-02-03,Mobile App,Apparel,1,54.26,54.26
TXN0001879,CUST00263,2026-06-13,Mobile App,Sports & Outdoors,4,18.36,73.45
TXN0001880,CUST00263,2025-11-29,Mobile App,Apparel,3,45.19,135.56
TXN0001881,CUST00263,2026-05-06,Mobile App,Home & Kitchen,3,59.3,177.89
TXN0001882,CUST00263,2026-02-17,In-Store,Home & Kitchen,2,105.67,211.33
TXN0001883,CUST00263,2026-06-10,Website,Books,3,8.58,25.74
TXN0001884,CUST00263,2026-07-03,Website,Groceries,4,11.88,47.5
TXN0001885,CUST00263,2025-12-28,Mobile App,Books,4,8.26,33.04
TXN0001886,CUST00263,2025-09-26,Website,Toys,3,21.84,65.53
TXN0001887,CUST00263,2025-10-18,Mobile App,Books,4,5.73,22.93
TXN0001888,CUST00263,2026-07-29,Mobile App,Electronics,4,192.03,768.12
TXN0001889,CUST00263,2025-10-21,Website,Home & Kitchen,3,64.09,192.26
TXN0001890,CUST00263,2026-02-21,In-Store,Sports & Outdoors,3,14.97,44.91
TXN0001891,CUST00263,2026-08-19,Website,Books,1,12.03,12.03
TXN0001892,CUST00264,2026-05-31,In-Store,Toys,1,77.14,77.14
TXN0001893,CUST00264,2025-11-20,Website,Apparel,1,60.02,60.02
TXN0001894,CUST00264,2026-02-01,In-Store,Toys,1,65.25,65.25
TXN0001895,CUST00264,2026-04-13,Website,Electronics,2,288.09,576.18
TXN0001896,CUST00265,2025-11-10,Mobile App,Toys,2,10.46,20.91
TXN0001897,CUST00265,2026-05-18,Website,Groceries,1,58.94,58.94
TXN0001898,CUST00265,2025-12-29,In-Store,Beauty,1,20.32,20.32
TXN0001899,CUST00265,2026-04-15,Website,Apparel,2,42.59,85.18
TXN0001900,CUST00265,2026-05-25,Website,Toys,4,2.99,11.97
TXN0001901,CUST00266,2026-04-15,Website,Apparel,4,13.87,55.49
TXN0001902,CUST00266,2026-04-23,In-Store,Beauty,3,28.58,85.75
TXN0001903,CUST00266,2026-05-26,In-Store,Toys,1,78.75,78.75
TXN0001904,CUST00266,2026-05-12,Mobile App,Electronics,2,94.31,188.61
TXN0001905,CUST00267,2026-07-04,Mobile App,Beauty,3,17.62,52.85
TXN0001906,CUST00267,2026-07-05,Website,Apparel,4,36.12,144.48
TXN0001907,CUST00267,2026-05-23,Website,Groceries,1,34.34,34.34
TXN0001908,CUST00267,2026-04-24,Mobile App,Books,3,4.25,12.74
TXN0001909,CUST00267,2026-06-26,Mobile App,Books,3,2.78,8.35
TXN0001910,CUST00268,2026-02-13,Mobile App,Toys,3,4.47,13.41
TXN0001911,CUST00268,2025-10-18,In-Store,Toys,4,20.15,80.59
TXN0001912,CUST00268,2026-07-06,Website,Home & Kitchen,2,60.09,120.17
TXN0001913,CUST00268,2025-08-31,Website,Books,2,12.21,24.42
TXN0001914,CUST00269,2026-07-26,Website,Sports & Outdoors,2,61.49,122.98
TXN0001915,CUST00269,2026-02-04,Website,Groceries,1,74.26,74.26
TXN0001916,CUST00270,2026-05-15,Website,Toys,2,29.23,58.47
TXN0001917,CUST00270,2026-08-10,Mobile App,Groceries,3,4.9,14.71
TXN0001918,CUST00270,2026-05-16,Mobile App,Sports & Outdoors,4,38.09,152.36
TXN0001919,CUST00270,2025-10-31,Website,Electronics,2,344.51,689.02
TXN0001920,CUST00271,2026-07-25,Website,Apparel,4,20.61,82.42
TXN0001921,CUST00271,2026-04-23,Website,Beauty,2,49.16,98.32
TXN0001922,CUST00271,2026-08-07,Website,Home & Kitchen,4,55.97,223.89
TXN0001923,CUST00271,2026-02-14,In-Store,Books,1,37.52,37.52
TXN0001924,CUST00271,2026-07-25,Mobile App,Apparel,1,20.05,20.05
TXN0001925,CUST00272,2026-07-02,In-Store,Electronics,3,247.55,742.66
TXN0001926,CUST00272,2025-12-25,Website,Toys,2,20.11,40.21
TXN0001927,CUST00272,2025-12-01,Website,Toys,3,15.0,45.0
TXN0001928,CUST00272,2025-10-01,Website,Home & Kitchen,2,70.77,141.54
TXN0001929,CUST00273,2026-07-01,Mobile App,Apparel,2,21.24,42.48
TXN0001930,CUST00273,2026-05-23,In-Store,Sports & Outdoors,1,196.98,196.98
TXN0001931,CUST00273,2026-07-19,Website,Toys,2,12.61,25.21
TXN0001932,CUST00273,2026-07-15,Mobile App,Toys,3,16.69,50.07
TXN0001933,CUST00274,2026-08-18,In-Store,Home & Kitchen,4,61.11,244.45
TXN0001934,CUST00274,2026-08-15,Mobile App,Books,1,35.97,35.97
TXN0001935,CUST00274,2026-08-09,Website,Groceries,4,3.14,12.57
TXN0001936,CUST00274,2026-08-12,Website,Sports & Outdoors,3,6.77,20.3
TXN0001937,CUST00274,2026-08-17,In-Store,Groceries,3,11.43,34.28
TXN0001938,CUST00275,2025-10-30,In-Store,Home & Kitchen,1,291.07,291.07
TXN0001939,CUST00275,2026-03-12,Mobile App,Beauty,3,28.93,86.79
TXN0001940,CUST00275,2026-04-26,Website,Electronics,1,459.46,459.46
TXN0001941,CUST00275,2026-06-22,Mobile App,Groceries,1,53.99,53.99
TXN0001942,CUST00275,2025-08-31,Website,Groceries,1,20.04,20.04
TXN0001943,CUST00275,2025-10-01,Website,Sports & Outdoors,1,232.18,232.18
TXN0001944,CUST00275,2025-10-03,Website,Apparel,1,123.76,123.76
TXN0001945,CUST00275,2026-02-03,Website,Apparel,1,143.24,143.24
TXN0001946,CUST00275,2025-11-13,In-Store,Toys,3,28.58,85.73
TXN0001947,CUST00275,2025-12-06,Mobile App,Apparel,2,9.9,19.81
TXN0001948,CUST00275,2025-11-04,Mobile App,Books,2,11.64,23.28
TXN0001949,CUST00275,2025-09-04,Website,Electronics,2,34.88,69.77
TXN0001950,CUST00275,2025-09-29,Mobile App,Books,1,29.82,29.82
TXN0001951,CUST00275,2026-07-30,Mobile App,Electronics,4,85.08,340.34
TXN0001952,CUST00275,2026-04-20,Mobile App,Books,2,15.22,30.44
TXN0001953,CUST00276,2026-06-23,Mobile App,Sports & Outdoors,3,32.56,97.67
TXN0001954,CUST00276,2026-08-04,Mobile App,Electronics,1,228.63,228.63
TXN0001955,CUST00276,2026-04-13,Mobile App,Beauty,1,47.18,47.18
TXN0001956,CUST00276,2026-05-08,In-Store,Electronics,2,352.47,704.94
TXN0001957,CUST00277,2026-01-04,Website,Home & Kitchen,3,47.6,142.8
TXN0001958,CUST00278,2026-07-01,Website,Beauty,2,49.91,99.83
TXN0001959,CUST00278,2025-10-12,Mobile App,Toys,1,62.61,62.61
TXN0001960,CUST00278,2026-04-20,Website,Beauty,3,18.18,54.54
TXN0001961,CUST00278,2026-07-16,In-Store,Beauty,3,16.64,49.92
TXN0001962,CUST00279,2026-04-25,In-Store,Groceries,2,35.09,70.17
TXN0001963,CUST00279,2026-08-13,Mobile App,Groceries,1,28.91,28.91
TXN0001964,CUST00279,2026-07-24,Website,Books,4,7.64,30.58
TXN0001965,CUST00279,2026-05-30,Website,Beauty,2,46.04,92.08
TXN0001966,CUST00279,2026-01-29,Website,Beauty,2,10.53,21.05
TXN0001967,CUST00279,2026-03-28,Website,Beauty,4,18.21,72.85
TXN0001968,CUST00280,2026-07-30,Website,Electronics,4,63.18,252.72
TXN0001969,CUST00281,2026-04-13,In-Store,Apparel,4,5.76,23.06
TXN0001970,CUST00281,2026-07-25,Mobile App,Books,1,20.31,20.31
TXN0001971,CUST00281,2025-12-04,Website,Books,4,3.48,13.9
TXN0001972,CUST00282,2026-01-27,Website,Groceries,3,2.45,7.35
TXN0001973,CUST00282,2026-07-18,In-Store,Sports & Outdoors,3,77.28,231.83
TXN0001974,CUST00282,2026-05-31,In-Store,Beauty,3,26.05,78.15
TXN0001975,CUST00282,2025-12-21,Mobile App,Books,1,35.7,35.7
TXN0001976,CUST00282,2025-10-24,In-Store,Books,3,12.83,38.48
TXN0001977,CUST00283,2025-09-22,In-Store,Toys,3,14.64,43.91
TXN0001978,CUST00283,2026-06-02,Website,Books,2,11.47,22.95
TXN0001979,CUST00283,2026-01-11,Website,Electronics,3,86.84,260.53
TXN0001980,CUST00283,2025-12-24,Website,Beauty,3,26.47,79.42
TXN0001981,CUST00283,2025-09-17,Website,Books,3,3.08,9.24
TXN0001982,CUST00283,2026-08-06,Website,Groceries,1,63.68,63.68
TXN0001983,CUST00283,2025-11-30,Website,Sports & Outdoors,2,105.73,211.46
TXN0001984,CUST00283,2026-02-01,Mobile App,Electronics,4,94.98,379.93
TXN0001985,CUST00283,2026-02-20,Website,Sports & Outdoors,2,63.92,127.85
TXN0001986,CUST00283,2026-07-27,Mobile App,Apparel,3,17.44,52.32
TXN0001987,CUST00284,2026-06-19,Mobile App,Groceries,3,20.82,62.45
TXN0001988,CUST00285,2025-10-30,In-Store,Home & Kitchen,2,41.84,83.68
TXN0001989,CUST00285,2026-02-20,Website,Electronics,1,224.5,224.5
TXN0001990,CUST00285,2025-10-17,Website,Toys,1,56.39,56.39
TXN0001991,CUST00285,2026-05-30,Mobile App,Beauty,3,5.16,15.47
TXN0001992,CUST00285,2025-11-13,In-Store,Electronics,3,186.26,558.79
TXN0001993,CUST00285,2026-04-15,Mobile App,Electronics,3,166.81,500.43
TXN0001994,CUST00286,2026-07-21,Website,Toys,1,19.05,19.05
TXN0001995,CUST00287,2026-07-12,Website,Sports & Outdoors,4,52.46,209.85
TXN0001996,CUST00287,2026-04-14,Website,Books,2,18.02,36.03
TXN0001997,CUST00287,2026-04-10,Website,Sports & Outdoors,4,23.43,93.72
TXN0001998,CUST00287,2026-06-21,In-Store,Sports & Outdoors,3,41.87,125.61
TXN0001999,CUST00287,2026-05-06,Mobile App,Home & Kitchen,3,41.04,123.12
TXN0002000,CUST00288,2026-02-03,In-Store,Electronics,2,64.83,129.67
TXN0002001,CUST00288,2026-07-15,In-Store,Sports & Outdoors,4,58.97,235.89
TXN0002002,CUST00289,2026-05-28,Mobile App,Home & Kitchen,1,126.71,126.71
TXN0002003,CUST00289,2026-07-17,In-Store,Beauty,4,15.22,60.89
TXN0002004,CUST00289,2026-08-15,Mobile App,Apparel,1,129.43,129.43
TXN0002005,CUST00289,2026-07-19,Mobile App,Toys,2,17.68,35.36
TXN0002006,CUST00289,2026-06-09,In-Store,Groceries,3,24.44,73.33
TXN0002007,CUST00289,2026-07-23,Website,Sports & Outdoors,3,23.09,69.26
TXN0002008,CUST00289,2026-08-12,Mobile App,Apparel,4,27.14,108.56
TXN0002009,CUST00289,2026-07-10,Mobile App,Books,3,6.53,19.58
TXN0002010,CUST00289,2026-07-04,Mobile App,Apparel,4,34.62,138.48
TXN0002011,CUST00289,2026-08-15,Mobile App,Toys,2,36.45,72.9
TXN0002012,CUST00290,2026-04-16,In-Store,Home & Kitchen,2,139.6,279.2
TXN0002013,CUST00290,2026-04-02,In-Store,Books,2,14.79,29.57
TXN0002014,CUST00290,2026-07-13,Mobile App,Groceries,1,30.62,30.62
TXN0002015,CUST00290,2026-06-28,Website,Books,2,12.08,24.16
TXN0002016,CUST00290,2026-06-29,Mobile App,Beauty,4,22.75,90.99
TXN0002017,CUST00290,2026-04-28,Website,Apparel,4,17.88,71.51
TXN0002018,CUST00290,2025-12-14,Mobile App,Home & Kitchen,4,65.86,263.45
TXN0002019,CUST00290,2026-08-10,Website,Home & Kitchen,2,148.59,297.18
TXN0002020,CUST00290,2026-07-07,Mobile App,Books,3,12.31,36.94
TXN0002021,CUST00290,2026-04-13,Website,Beauty,1,74.08,74.08
TXN0002022,CUST00290,2026-05-05,Website,Sports & Outdoors,1,154.0,154.0
TXN0002023,CUST00290,2026-08-05,In-Store,Electronics,3,35.1,105.31
TXN0002024,CUST00290,2026-03-14,In-Store,Books,4,7.05,28.19
TXN0002025,CUST00290,2026-06-03,Website,Toys,2,33.01,66.01
TXN0002026,CUST00290,2026-03-24,Mobile App,Apparel,1,35.55,35.55
TXN0002027,CUST00290,2026-05-21,Mobile App,Sports & Outdoors,4,43.34,173.37
TXN0002028,CUST00290,2026-08-11,Website,Toys,3,8.05,24.14
TXN0002029,CUST00290,2026-01-05,In-Store,Apparel,4,11.59,46.36
TXN0002030,CUST00290,2026-04-27,Website,Books,4,4.28,17.13
TXN0002031,CUST00290,2026-08-12,Website,Home & Kitchen,1,286.98,286.98
TXN0002032,CUST00290,2026-01-03,In-Store,Beauty,3,16.25,48.75
TXN0002033,CUST00290,2026-04-08,Mobile App,Sports & Outdoors,3,12.79,38.37
TXN0002034,CUST00290,2026-06-24,Website,Groceries,4,6.38,25.54
TXN0002035,CUST00291,2026-04-17,In-Store,Groceries,3,25.15,75.44
TXN0002036,CUST00291,2025-10-29,In-Store,Apparel,3,46.6,139.81
TXN0002037,CUST00291,2025-09-10,Website,Beauty,2,29.84,59.69
TXN0002038,CUST00291,2026-01-12,Website,Electronics,2,384.94,769.89
TXN0002039,CUST00291,2025-11-03,Website,Electronics,3,109.05,327.16
TXN0002040,CUST00291,2026-05-04,In-Store,Books,2,15.71,31.43
TXN0002041,CUST00291,2026-07-15,In-Store,Groceries,1,73.85,73.85
TXN0002042,CUST00291,2026-04-11,Mobile App,Books,1,23.78,23.78
TXN0002043,CUST00291,2026-01-03,In-Store,Groceries,1,59.87,59.87
TXN0002044,CUST00291,2025-09-26,In-Store,Apparel,2,57.74,115.48
TXN0002045,CUST00291,2026-04-11,Mobile App,Sports & Outdoors,3,17.28,51.83
TXN0002046,CUST00292,2026-05-18,Mobile App,Apparel,3,36.81,110.42
TXN0002047,CUST00292,2025-10-16,In-Store,Electronics,3,125.01,375.03
TXN0002048,CUST00292,2025-11-04,Website,Electronics,1,761.89,761.89
TXN0002049,CUST00292,2026-05-13,Website,Books,2,17.95,35.91
TXN0002050,CUST00292,2026-03-28,Mobile App,Groceries,4,10.06,40.26
TXN0002051,CUST00292,2026-02-19,In-Store,Toys,2,16.3,32.61
TXN0002052,CUST00293,2025-11-03,In-Store,Beauty,1,10.29,10.29
TXN0002053,CUST00293,2026-04-01,Mobile App,Beauty,1,73.9,73.9
TXN0002054,CUST00293,2026-01-18,Mobile App,Groceries,2,25.5,51.0
TXN0002055,CUST00293,2026-03-30,Mobile App,Toys,2,26.22,52.44
TXN0002056,CUST00293,2026-07-01,In-Store,Beauty,4,22.19,88.75
TXN0002057,CUST00293,2026-03-03,Mobile App,Books,4,6.78,27.13
TXN0002058,CUST00293,2026-08-20,Website,Beauty,3,6.7,20.11
TXN0002059,CUST00293,2025-10-26,Mobile App,Toys,4,9.01,36.03
TXN0002060,CUST00293,2025-11-01,Website,Toys,1,86.51,86.51
TXN0002061,CUST00294,2026-06-06,Mobile App,Home & Kitchen,4,59.16,236.63
TXN0002062,CUST00294,2025-09-11,In-Store,Toys,2,29.04,58.08
TXN0002063,CUST00294,2025-10-08,Website,Groceries,4,10.77,43.06
TXN0002064,CUST00295,2026-06-13,Mobile App,Sports & Outdoors,3,25.49,76.48
TXN0002065,CUST00295,2026-04-24,Mobile App,Toys,3,14.67,44.02
TXN0002066,CUST00295,2026-02-08,In-Store,Groceries,2,20.7,41.41
TXN0002067,CUST00295,2026-04-28,Website,Electronics,4,70.34,281.38
TXN0002068,CUST00295,2026-07-07,Website,Home & Kitchen,1,170.08,170.08
TXN0002069,CUST00295,2025-10-19,In-Store,Sports & Outdoors,1,45.37,45.37
TXN0002070,CUST00295,2026-03-23,In-Store,Electronics,1,651.81,651.81
TXN0002071,CUST00295,2026-07-25,In-Store,Sports & Outdoors,1,229.37,229.37
TXN0002072,CUST00296,2026-05-20,Website,Beauty,2,21.3,42.59
TXN0002073,CUST00296,2026-05-30,In-Store,Books,2,17.75,35.51
TXN0002074,CUST00296,2026-07-19,Website,Home & Kitchen,3,91.66,274.98
TXN0002075,CUST00296,2026-07-01,Mobile App,Beauty,1,94.6,94.6
TXN0002076,CUST00296,2026-08-14,In-Store,Apparel,4,20.68,82.7
TXN0002077,CUST00296,2026-05-21,Website,Groceries,2,13.8,27.61
TXN0002078,CUST00296,2026-07-24,Mobile App,Beauty,1,13.04,13.04
TXN0002079,CUST00296,2026-05-29,In-Store,Books,2,14.48,28.97
TXN0002080,CUST00296,2026-06-02,In-Store,Groceries,1,69.65,69.65
TXN0002081,CUST00297,2026-06-19,Mobile App,Books,2,4.32,8.64
TXN0002082,CUST00297,2026-07-06,Website,Books,3,4.74,14.22
TXN0002083,CUST00297,2026-08-08,In-Store,Books,1,24.4,24.4
TXN0002084,CUST00297,2026-07-16,Website,Toys,3,8.74,26.21
TXN0002085,CUST00297,2026-06-27,In-Store,Toys,4,10.03,40.13
TXN0002086,CUST00297,2026-07-25,Website,Books,4,6.49,25.95
TXN0002087,CUST00297,2026-08-09,Website,Beauty,4,11.11,44.42
TXN0002088,CUST00297,2026-06-23,Mobile App,Sports & Outdoors,1,194.23,194.23
TXN0002089,CUST00297,2026-07-19,Mobile App,Electronics,2,174.0,348.01
TXN0002090,CUST00297,2026-08-08,Mobile App,Toys,3,18.35,55.05
TXN0002091,CUST00297,2026-06-30,Website,Apparel,2,13.94,27.88
TXN0002092,CUST00297,2026-08-08,Website,Toys,1,57.47,57.47
TXN0002093,CUST00297,2026-07-14,Website,Toys,2,25.93,51.87
TXN0002094,CUST00297,2026-08-09,Website,Toys,3,10.05,30.16
TXN0002095,CUST00297,2026-08-20,Mobile App,Home & Kitchen,4,7.55,30.22
TXN0002096,CUST00298,2026-04-28,Website,Beauty,4,19.49,77.95
TXN0002097,CUST00298,2025-12-21,Mobile App,Sports & Outdoors,2,120.24,240.48
TXN0002098,CUST00298,2026-08-13,Website,Toys,1,51.15,51.15
TXN0002099,CUST00298,2026-03-22,In-Store,Books,4,7.59,30.38
TXN0002100,CUST00298,2025-10-15,Website,Electronics,1,171.57,171.57
TXN0002101,CUST00298,2026-06-24,Website,Toys,1,79.58,79.58
TXN0002102,CUST00298,2026-06-08,Website,Books,4,5.96,23.85
TXN0002103,CUST00298,2026-05-29,Website,Books,3,6.93,20.78
TXN0002104,CUST00299,2026-03-28,Mobile App,Groceries,3,19.67,59.0
TXN0002105,CUST00300,2025-12-25,Website,Sports & Outdoors,2,73.75,147.5
TXN0002106,CUST00300,2025-10-09,Website,Beauty,3,27.42,82.25
TXN0002107,CUST00300,2025-10-16,Mobile App,Groceries,2,20.2,40.41
TXN0002108,CUST00300,2026-01-23,In-Store,Home & Kitchen,4,16.5,65.99
TXN0002109,CUST00300,2026-05-04,Website,Books,4,3.44,13.74
TXN0002110,CUST00300,2026-03-14,Website,Electronics,2,141.94,283.88
TXN0002111,CUST00300,2026-01-31,Website,Apparel,3,29.2,87.59
TXN0002112,CUST00300,2026-07-26,Website,Toys,1,57.56,57.56
TXN0002113,CUST00300,2025-09-10,Website,Beauty,1,41.05,41.05
TXN0002114,CUST00300,2025-10-01,In-Store,Groceries,4,6.58,26.31
TXN0002115,CUST00300,2026-06-28,Mobile App,Groceries,4,8.14,32.55
TXN0002116,CUST00300,2026-04-04,In-Store,Beauty,2,8.48,16.97
TXN0002117,CUST00300,2026-06-02,Website,Beauty,3,11.73,35.2
TXN0002118,CUST00300,2025-09-01,Mobile App,Home & Kitchen,4,60.78,243.13
TXN0002119,CUST00300,2026-02-18,Website,Groceries,4,19.38,77.5
TXN0002120,CUST00300,2025-08-29,Website,Electronics,2,318.76,637.52
TXN0002121,CUST00301,2026-06-04,In-Store,Home & Kitchen,4,15.03,60.13
TXN0002122,CUST00302,2025-09-28,Website,Electronics,4,38.18,152.73
TXN0002123,CUST00302,2026-04-18,Mobile App,Toys,1,36.17,36.17
TXN0002124,CUST00302,2026-07-12,Website,Books,4,5.02,20.07
TXN0002125,CUST00302,2026-01-23,Mobile App,Sports & Outdoors,3,29.42,88.26
TXN0002126,CUST00302,2026-06-13,Mobile App,Beauty,3,31.99,95.98
TXN0002127,CUST00302,2026-06-01,Mobile App,Books,4,6.49,25.94
TXN0002128,CUST00302,2026-05-03,Mobile App,Groceries,4,14.1,56.4
TXN0002129,CUST00302,2025-11-09,Mobile App,Home & Kitchen,3,9.03,27.08
TXN0002130,CUST00303,2026-04-14,In-Store,Sports & Outdoors,2,93.1,186.2
TXN0002131,CUST00303,2026-03-03,Mobile App,Beauty,2,22.21,44.42
TXN0002132,CUST00303,2026-01-22,In-Store,Electronics,3,65.63,196.88
TXN0002133,CUST00303,2026-07-30,Mobile App,Electronics,3,163.21,489.64
TXN0002134,CUST00304,2026-04-03,In-Store,Groceries,1,42.71,42.71
TXN0002135,CUST00305,2025-09-09,Website,Groceries,4,13.28,53.13
TXN0002136,CUST00305,2025-10-30,Website,Groceries,1,25.56,25.56
TXN0002137,CUST00305,2026-02-22,In-Store,Electronics,4,174.35,697.39
TXN0002138,CUST00305,2026-08-04,In-Store,Toys,4,12.3,49.22
TXN0002139,CUST00305,2026-04-09,Mobile App,Apparel,1,20.16,20.16
TXN0002140,CUST00305,2026-06-04,Mobile App,Home & Kitchen,2,108.79,217.58
TXN0002141,CUST00305,2025-12-30,In-Store,Home & Kitchen,1,43.19,43.19
TXN0002142,CUST00305,2025-08-28,Website,Electronics,3,95.23,285.68
TXN0002143,CUST00306,2026-05-15,Website,Electronics,3,99.83,299.5
TXN0002144,CUST00306,2026-04-30,In-Store,Home & Kitchen,3,91.2,273.6
TXN0002145,CUST00306,2026-06-22,Mobile App,Books,1,21.32,21.32
TXN0002146,CUST00306,2026-04-27,Website,Home & Kitchen,1,224.11,224.11
TXN0002147,CUST00306,2026-05-31,Website,Electronics,2,128.32,256.64
TXN0002148,CUST00306,2026-07-22,Mobile App,Books,1,13.53,13.53
TXN0002149,CUST00306,2026-06-23,Website,Sports & Outdoors,4,10.66,42.66
TXN0002150,CUST00306,2026-05-13,Mobile App,Apparel,4,22.86,91.44
TXN0002151,CUST00306,2026-07-23,Website,Apparel,1,39.64,39.64
TXN0002152,CUST00306,2026-07-09,Website,Electronics,1,625.04,625.04
TXN0002153,CUST00307,2025-12-04,Mobile App,Toys,2,8.25,16.5
TXN0002154,CUST00307,2025-11-04,Website,Beauty,2,38.63,77.27
TXN0002155,CUST00308,2026-06-26,Website,Groceries,2,9.18,18.35
TXN0002156,CUST00308,2026-05-27,Mobile App,Books,2,7.62,15.23
TXN0002157,CUST00308,2026-08-13,Website,Beauty,3,8.65,25.94
TXN0002158,CUST00308,2026-03-29,Website,Toys,4,7.79,31.16
TXN0002159,CUST00308,2026-01-06,Website,Sports & Outdoors,4,24.25,96.98
TXN0002160,CUST00308,2026-05-22,In-Store,Home & Kitchen,4,7.57,30.28
TXN0002161,CUST00308,2025-11-30,Website,Beauty,4,24.86,99.44
TXN0002162,CUST00308,2026-05-15,Website,Groceries,3,6.85,20.56
TXN0002163,CUST00308,2026-02-05,Website,Beauty,4,8.31,33.24
TXN0002164,CUST00308,2026-03-18,Website,Apparel,2,42.4,84.8
TXN0002165,CUST00308,2026-02-19,Mobile App,Toys,3,18.98,56.95
TXN0002166,CUST00308,2026-06-29,Mobile App,Electronics,1,291.78,291.78
TXN0002167,CUST00309,2026-07-07,In-Store,Electronics,4,42.27,169.06
TXN0002168,CUST00309,2026-02-24,Website,Apparel,3,13.42,40.26
TXN0002169,CUST00309,2026-07-04,Website,Toys,1,53.74,53.74
TXN0002170,CUST00310,2026-07-31,In-Store,Toys,4,14.37,57.49
TXN0002171,CUST00310,2025-12-31,Mobile App,Toys,3,25.58,76.73
TXN0002172,CUST00310,2026-06-22,Mobile App,Sports & Outdoors,4,32.1,128.4
TXN0002173,CUST00310,2026-03-29,Website,Beauty,1,78.69,78.69
TXN0002174,CUST00311,2026-07-03,Mobile App,Groceries,4,19.14,76.55
TXN0002175,CUST00311,2026-08-16,Mobile App,Home & Kitchen,3,54.47,163.42
TXN0002176,CUST00311,2026-08-06,In-Store,Beauty,2,47.81,95.63
TXN0002177,CUST00311,2026-07-30,Website,Sports & Outdoors,1,200.31,200.31
TXN0002178,CUST00311,2026-07-15,In-Store,Groceries,2,32.23,64.46
TXN0002179,CUST00311,2026-07-08,In-Store,Toys,4,10.42,41.68
TXN0002180,CUST00311,2026-08-03,Website,Home & Kitchen,2,38.05,76.11
TXN0002181,CUST00312,2025-12-22,Website,Home & Kitchen,2,43.06,86.13
TXN0002182,CUST00312,2026-06-03,Mobile App,Beauty,3,7.96,23.87
TXN0002183,CUST00312,2025-12-22,Website,Home & Kitchen,4,29.13,116.52
TXN0002184,CUST00313,2025-10-01,Mobile App,Beauty,4,23.04,92.15
TXN0002185,CUST00313,2026-05-19,In-Store,Beauty,1,78.68,78.68
TXN0002186,CUST00313,2026-07-06,Website,Sports & Outdoors,2,97.16,194.32
TXN0002187,CUST00313,2026-01-09,Website,Sports & Outdoors,4,56.51,226.04
TXN0002188,CUST00313,2025-11-14,Mobile App,Apparel,1,61.83,61.83
TXN0002189,CUST00313,2026-02-12,Website,Home & Kitchen,3,78.33,235.0
TXN0002190,CUST00313,2026-02-17,Website,Electronics,4,126.98,507.92
TXN0002191,CUST00313,2026-07-13,In-Store,Beauty,2,11.21,22.43
TXN0002192,CUST00314,2025-10-18,Website,Books,4,2.74,10.97
TXN0002193,CUST00314,2026-07-27,Mobile App,Books,3,4.27,12.82
TXN0002194,CUST00314,2026-02-06,Website,Toys,4,3.2,12.79
TXN0002195,CUST00314,2026-01-13,Website,Books,1,29.83,29.83
TXN0002196,CUST00314,2025-10-15,Mobile App,Apparel,1,61.75,61.75
TXN0002197,CUST00314,2026-05-13,Mobile App,Books,1,33.71,33.71
TXN0002198,CUST00314,2026-04-11,Website,Home & Kitchen,4,45.23,180.91
TXN0002199,CUST00314,2026-08-13,Mobile App,Electronics,4,103.65,414.6
TXN0002200,CUST00314,2025-11-07,Mobile App,Electronics,3,92.41,277.22
TXN0002201,CUST00314,2025-10-11,Mobile App,Apparel,4,24.12,96.49
TXN0002202,CUST00314,2026-05-03,Mobile App,Toys,3,22.32,66.96
TXN0002203,CUST00314,2025-09-17,Website,Home & Kitchen,4,73.65,294.61
TXN0002204,CUST00314,2025-10-15,In-Store,Apparel,3,11.77,35.3
TXN0002205,CUST00314,2026-06-29,In-Store,Groceries,4,4.96,19.82
TXN0002206,CUST00315,2026-02-08,Website,Groceries,4,2.0,7.99
TXN0002207,CUST00315,2025-10-27,Mobile App,Electronics,3,238.96,716.87
TXN0002208,CUST00315,2025-12-28,Website,Sports & Outdoors,1,173.62,173.62
TXN0002209,CUST00315,2026-07-12,Mobile App,Home & Kitchen,4,25.53,102.11
TXN0002210,CUST00316,2026-04-01,Mobile App,Groceries,1,52.7,52.7
TXN0002211,CUST00317,2026-06-07,Mobile App,Books,1,15.96,15.96
TXN0002212,CUST00317,2026-04-13,Mobile App,Home & Kitchen,4,55.88,223.5
TXN0002213,CUST00317,2026-04-04,Mobile App,Groceries,4,7.72,30.9
TXN0002214,CUST00317,2025-10-27,Mobile App,Beauty,4,23.17,92.69
TXN0002215,CUST00317,2026-08-11,Website,Sports & Outdoors,2,51.3,102.61
TXN0002216,CUST00317,2026-06-30,Mobile App,Apparel,1,66.56,66.56
TXN0002217,CUST00318,2025-09-27,In-Store,Groceries,1,36.69,36.69
TXN0002218,CUST00318,2026-07-01,Website,Groceries,1,59.12,59.12
TXN0002219,CUST00318,2026-02-19,In-Store,Books,2,19.45,38.89
TXN0002220,CUST00319,2026-08-20,Website,Groceries,2,25.59,51.17
TXN0002221,CUST00319,2026-03-27,Mobile App,Electronics,4,82.67,330.68
TXN0002222,CUST00319,2026-06-24,Website,Books,2,8.39,16.79
TXN0002223,CUST00319,2025-12-05,Website,Electronics,2,251.74,503.47
TXN0002224,CUST00319,2026-05-16,Mobile App,Groceries,2,2.69,5.38
TXN0002225,CUST00320,2026-08-04,In-Store,Home & Kitchen,4,24.23,96.94
TXN0002226,CUST00321,2026-07-05,In-Store,Sports & Outdoors,2,18.91,37.83
TXN0002227,CUST00321,2026-07-10,Website,Sports & Outdoors,3,22.32,66.95
TXN0002228,CUST00321,2026-07-26,Mobile App,Toys,3,19.01,57.03
TXN0002229,CUST00321,2026-08-15,Mobile App,Toys,1,84.39,84.39
TXN0002230,CUST00321,2026-07-27,Website,Sports & Outdoors,4,24.1,96.4
TXN0002231,CUST00321,2026-06-29,Website,Toys,2,13.43,26.85
TXN0002232,CUST00321,2026-07-26,Mobile App,Groceries,1,35.22,35.22
TXN0002233,CUST00321,2026-06-20,Mobile App,Sports & Outdoors,3,11.51,34.53
TXN0002234,CUST00321,2026-08-20,Website,Sports & Outdoors,4,30.27,121.1
TXN0002235,CUST00321,2026-06-22,Website,Home & Kitchen,4,48.7,194.79
TXN0002236,CUST00321,2026-07-19,Mobile App,Electronics,3,204.51,613.54
TXN0002237,CUST00321,2026-08-07,Mobile App,Toys,4,22.29,89.17
TXN0002238,CUST00321,2026-06-22,In-Store,Home & Kitchen,1,125.96,125.96
TXN0002239,CUST00321,2026-07-23,Website,Beauty,1,29.02,29.02
TXN0002240,CUST00321,2026-07-20,Mobile App,Home & Kitchen,4,65.54,262.17
TXN0002241,CUST00321,2026-08-09,Mobile App,Sports & Outdoors,4,47.89,191.55
TXN0002242,CUST00321,2026-08-10,In-Store,Groceries,3,9.65,28.96
TXN0002243,CUST00321,2026-07-18,Mobile App,Sports & Outdoors,4,33.26,133.04
TXN0002244,CUST00321,2026-07-05,Website,Books,4,5.96,23.83
TXN0002245,CUST00321,2026-07-25,Website,Toys,2,11.28,22.56
TXN0002246,CUST00321,2026-06-20,Mobile App,Electronics,3,149.83,449.5
TXN0002247,CUST00321,2026-08-05,In-Store,Home & Kitchen,1,211.34,211.34
TXN0002248,CUST00321,2026-08-18,Website,Books,4,9.79,39.18
TXN0002249,CUST00322,2025-10-13,Mobile App,Beauty,1,22.47,22.47
TXN0002250,CUST00322,2025-12-11,Mobile App,Books,3,12.75,38.26
TXN0002251,CUST00322,2026-04-17,Mobile App,Home & Kitchen,4,44.85,179.41
TXN0002252,CUST00322,2025-09-28,Mobile App,Sports & Outdoors,4,5.08,20.34
TXN0002253,CUST00322,2026-02-15,Mobile App,Beauty,2,43.27,86.53
TXN0002254,CUST00323,2025-12-14,Website,Beauty,2,12.88,25.77
TXN0002255,CUST00323,2026-05-07,Website,Groceries,1,9.86,9.86
TXN0002256,CUST00323,2026-07-01,Website,Toys,4,11.69,46.74
TXN0002257,CUST00323,2026-05-23,In-Store,Home & Kitchen,1,292.39,292.39
TXN0002258,CUST00323,2025-09-04,In-Store,Sports & Outdoors,2,109.97,219.94
TXN0002259,CUST00323,2026-02-06,Website,Apparel,1,15.93,15.93
TXN0002260,CUST00323,2026-05-31,Mobile App,Books,4,8.94,35.75
TXN0002261,CUST00323,2026-07-07,In-Store,Apparel,3,40.24,120.71
TXN0002262,CUST00323,2026-01-19,In-Store,Apparel,1,111.63,111.63
TXN0002263,CUST00323,2026-06-07,Mobile App,Electronics,4,67.43,269.72
TXN0002264,CUST00323,2026-01-07,In-Store,Electronics,4,80.63,322.53
TXN0002265,CUST00323,2026-02-10,Mobile App,Apparel,3,9.66,28.99
TXN0002266,CUST00323,2026-04-12,In-Store,Apparel,3,37.49,112.47
TXN0002267,CUST00323,2026-07-02,Mobile App,Sports & Outdoors,2,24.18,48.36
TXN0002268,CUST00323,2025-09-21,In-Store,Beauty,3,11.27,33.81
TXN0002269,CUST00324,2026-07-14,Mobile App,Toys,3,23.4,70.2
TXN0002270,CUST00325,2025-12-24,Website,Toys,4,9.11,36.45
TXN0002271,CUST00325,2025-09-07,Mobile App,Groceries,2,24.79,49.58
TXN0002272,CUST00325,2026-01-27,Website,Groceries,3,2.32,6.95
TXN0002273,CUST00326,2025-12-02,Website,Groceries,2,14.0,28.0
TXN0002274,CUST00326,2026-08-02,Mobile App,Groceries,4,10.16,40.65
TXN0002275,CUST00326,2026-03-10,Mobile App,Home & Kitchen,2,114.12,228.25
TXN0002276,CUST00326,2026-06-09,Website,Groceries,3,23.15,69.44
TXN0002277,CUST00326,2026-06-06,Mobile App,Electronics,3,229.4,688.19
TXN0002278,CUST00327,2025-09-25,Mobile App,Groceries,4,8.08,32.31
TXN0002279,CUST00327,2026-07-10,Mobile App,Home & Kitchen,2,146.13,292.27
TXN0002280,CUST00327,2026-05-18,Mobile App,Sports & Outdoors,4,34.49,137.98
TXN0002281,CUST00327,2025-09-15,In-Store,Toys,4,15.47,61.87
TXN0002282,CUST00327,2026-08-02,Website,Books,1,8.46,8.46
TXN0002283,CUST00328,2026-05-06,Website,Beauty,3,10.06,30.19
TXN0002284,CUST00328,2026-07-15,Mobile App,Apparel,3,34.25,102.75
TXN0002285,CUST00328,2025-10-31,Mobile App,Electronics,2,339.99,679.98
TXN0002286,CUST00329,2026-01-05,Website,Electronics,1,348.87,348.87
TXN0002287,CUST00329,2026-04-06,In-Store,Apparel,1,51.65,51.65
TXN0002288,CUST00329,2026-01-05,In-Store,Electronics,2,192.49,384.97
TXN0002289,CUST00329,2025-10-29,Website,Home & Kitchen,2,106.56,213.12
TXN0002290,CUST00329,2026-03-16,Website,Toys,3,8.06,24.19
TXN0002291,CUST00329,2025-09-20,Mobile App,Apparel,1,115.32,115.32
TXN0002292,CUST00329,2026-05-09,In-Store,Home & Kitchen,1,166.32,166.32
TXN0002293,CUST00329,2025-11-08,Website,Beauty,4,15.68,62.71
TXN0002294,CUST00329,2026-08-15,Mobile App,Electronics,1,289.14,289.14
TXN0002295,CUST00330,2025-11-20,Mobile App,Toys,2,8.34,16.67
TXN0002296,CUST00330,2025-10-06,Website,Beauty,3,21.28,63.85
TXN0002297,CUST00330,2026-02-15,Mobile App,Books,1,35.56,35.56
TXN0002298,CUST00330,2026-07-31,Mobile App,Toys,2,36.09,72.19
TXN0002299,CUST00330,2026-03-23,Mobile App,Toys,3,29.79,89.38
TXN0002300,CUST00330,2026-08-07,In-Store,Groceries,2,20.98,41.95
TXN0002301,CUST00330,2025-11-10,Website,Toys,3,17.05,51.14
TXN0002302,CUST00330,2026-05-22,Website,Beauty,3,13.57,40.7
TXN0002303,CUST00330,2025-11-16,Mobile App,Apparel,2,73.47,146.93
TXN0002304,CUST00330,2025-12-31,Mobile App,Sports & Outdoors,4,56.23,224.94
TXN0002305,CUST00330,2025-12-01,Mobile App,Home & Kitchen,4,9.59,38.36
TXN0002306,CUST00331,2026-04-28,Website,Toys,2,18.7,37.39
TXN0002307,CUST00331,2025-12-04,Website,Apparel,2,58.99,117.99
TXN0002308,CUST00331,2025-09-18,Website,Groceries,4,7.25,29.0
TXN0002309,CUST00332,2025-12-29,Mobile App,Beauty,2,30.7,61.39
TXN0002310,CUST00333,2026-02-18,Website,Books,2,16.57,33.15
TXN0002311,CUST00333,2026-03-04,Mobile App,Home & Kitchen,4,27.8,111.19
TXN0002312,CUST00333,2025-10-10,Mobile App,Books,3,10.98,32.95
TXN0002313,CUST00334,2026-06-21,In-Store,Toys,3,28.25,84.75
TXN0002314,CUST00334,2026-06-14,Website,Groceries,3,10.01,30.03
TXN0002315,CUST00334,2026-05-14,In-Store,Sports & Outdoors,4,30.17,120.68
TXN0002316,CUST00334,2026-03-24,Mobile App,Books,4,2.04,8.18
TXN0002317,CUST00334,2026-06-02,Website,Books,2,9.66,19.32
TXN0002318,CUST00335,2026-06-10,In-Store,Electronics,2,331.95,663.9
TXN0002319,CUST00335,2026-08-02,Website,Groceries,3,9.04,27.11
TXN0002320,CUST00335,2026-06-14,Website,Books,3,11.1,33.31
TXN0002321,CUST00335,2026-07-31,Mobile App,Beauty,4,20.44,81.77
TXN0002322,CUST00335,2025-09-19,In-Store,Apparel,2,12.53,25.05
TXN0002323,CUST00335,2026-07-14,Website,Toys,4,21.33,85.32
TXN0002324,CUST00335,2026-02-07,In-Store,Electronics,4,158.98,635.92
TXN0002325,CUST00335,2025-09-24,Mobile App,Toys,4,7.5,29.99
TXN0002326,CUST00335,2026-07-16,Website,Electronics,3,176.57,529.72
TXN0002327,CUST00335,2025-12-08,Mobile App,Toys,1,83.89,83.89
TXN0002328,CUST00335,2026-08-06,Mobile App,Apparel,4,14.7,58.81
TXN0002329,CUST00335,2025-10-05,In-Store,Home & Kitchen,2,92.58,185.15
TXN0002330,CUST00335,2025-12-04,Mobile App,Toys,3,9.87,29.62
TXN0002331,CUST00335,2026-05-04,Mobile App,Groceries,2,28.36,56.72
TXN0002332,CUST00335,2026-02-21,In-Store,Apparel,3,44.18,132.55
TXN0002333,CUST00336,2026-07-07,In-Store,Toys,2,34.89,69.78
TXN0002334,CUST00336,2026-03-02,Website,Toys,3,9.4,28.21
TXN0002335,CUST00336,2026-04-09,Website,Groceries,1,24.15,24.15
TXN0002336,CUST00336,2025-12-10,Website,Books,4,5.42,21.67
TXN0002337,CUST00336,2026-08-11,In-Store,Electronics,3,244.91,734.74
TXN0002338,CUST00336,2026-03-09,Website,Books,3,13.29,39.86
TXN0002339,CUST00336,2025-10-13,In-Store,Toys,3,10.87,32.61
TXN0002340,CUST00336,2025-12-29,Mobile App,Apparel,1,91.32,91.32
TXN0002341,CUST00336,2026-02-02,Mobile App,Apparel,4,23.12,92.48
TXN0002342,CUST00336,2026-04-16,Mobile App,Beauty,4,19.42,77.67
TXN0002343,CUST00336,2025-12-09,In-Store,Toys,2,23.05,46.1
TXN0002344,CUST00336,2025-09-18,Mobile App,Apparel,3,13.18,39.53
TXN0002345,CUST00336,2026-07-06,Mobile App,Books,4,9.12,36.46
TXN0002346,CUST00337,2025-11-18,Website,Books,2,4.3,8.6
TXN0002347,CUST00337,2026-08-03,Website,Home & Kitchen,2,46.24,92.48
TXN0002348,CUST00337,2026-04-16,Mobile App,Sports & Outdoors,2,70.06,140.11
TXN0002349,CUST00337,2026-01-22,In-Store,Sports & Outdoors,2,112.45,224.91
TXN0002350,CUST00337,2025-12-28,Website,Home & Kitchen,2,38.86,77.72
TXN0002351,CUST00337,2026-04-16,Website,Electronics,3,211.53,634.6
TXN0002352,CUST00337,2025-12-22,In-Store,Sports & Outdoors,2,109.79,219.58
TXN0002353,CUST00337,2026-03-28,Mobile App,Beauty,4,9.31,37.26
TXN0002354,CUST00338,2026-05-04,Website,Beauty,1,79.51,79.51
TXN0002355,CUST00338,2026-06-26,Website,Toys,4,4.96,19.85
TXN0002356,CUST00338,2026-02-03,Website,Beauty,4,11.06,44.24
TXN0002357,CUST00338,2025-12-14,Mobile App,Beauty,4,7.13,28.51
TXN0002358,CUST00338,2025-10-13,Mobile App,Apparel,2,13.77,27.53
TXN0002359,CUST00338,2026-06-07,Mobile App,Apparel,2,18.5,36.99
TXN0002360,CUST00338,2025-10-27,Website,Toys,3,23.08,69.25
TXN0002361,CUST00338,2025-11-28,Mobile App,Sports & Outdoors,2,56.28,112.56
TXN0002362,CUST00338,2026-02-17,In-Store,Sports & Outdoors,1,127.33,127.33
TXN0002363,CUST00338,2026-08-11,In-Store,Electronics,4,13.86,55.44
TXN0002364,CUST00338,2026-05-31,Mobile App,Apparel,3,20.96,62.88
TXN0002365,CUST00338,2025-09-13,In-Store,Books,3,12.76,38.27
TXN0002366,CUST00339,2026-01-01,In-Store,Apparel,4,25.7,102.81
TXN0002367,CUST00339,2026-02-07,In-Store,Electronics,3,254.49,763.48
TXN0002368,CUST00340,2025-10-25,Mobile App,Sports & Outdoors,2,12.83,25.66
TXN0002369,CUST00340,2026-07-25,Website,Electronics,2,72.98,145.96
TXN0002370,CUST00340,2026-05-10,Website,Toys,1,70.98,70.98
TXN0002371,CUST00340,2025-12-07,Mobile App,Beauty,3,29.32,87.97
TXN0002372,CUST00340,2026-08-12,Website,Books,4,8.59,34.34
TXN0002373,CUST00340,2026-06-25,Website,Home & Kitchen,2,113.88,227.75
TXN0002374,CUST00340,2026-05-03,Website,Apparel,1,121.19,121.19
TXN0002375,CUST00340,2026-04-23,Mobile App,Groceries,3,11.76,35.27
TXN0002376,CUST00340,2025-10-21,In-Store,Groceries,1,51.64,51.64
TXN0002377,CUST00340,2025-11-20,In-Store,Sports & Outdoors,4,5.42,21.7
TXN0002378,CUST00340,2025-09-10,Website,Home & Kitchen,1,275.8,275.8
TXN0002379,CUST00340,2025-12-18,Mobile App,Home & Kitchen,1,64.29,64.29
TXN0002380,CUST00340,2025-10-11,Website,Beauty,1,18.29,18.29
TXN0002381,CUST00340,2025-11-28,Website,Toys,4,11.79,47.15
TXN0002382,CUST00340,2025-11-01,In-Store,Toys,1,20.75,20.75
TXN0002383,CUST00340,2026-03-17,Website,Toys,3,27.32,81.96
TXN0002384,CUST00340,2025-09-08,Website,Sports & Outdoors,1,239.87,239.87
TXN0002385,CUST00340,2025-12-19,Mobile App,Beauty,2,10.66,21.32
TXN0002386,CUST00340,2025-12-28,In-Store,Home & Kitchen,1,83.15,83.15
TXN0002387,CUST00340,2026-01-08,Mobile App,Books,1,17.03,17.03
TXN0002388,CUST00340,2026-03-09,Website,Groceries,3,6.28,18.85
TXN0002389,CUST00340,2025-10-24,Website,Toys,3,21.16,63.47
TXN0002390,CUST00340,2025-12-13,In-Store,Home & Kitchen,3,37.27,111.82
TXN0002391,CUST00340,2026-07-24,Mobile App,Electronics,4,152.74,610.95
TXN0002392,CUST00340,2026-01-19,Mobile App,Beauty,1,98.16,98.16
TXN0002393,CUST00341,2026-07-04,Mobile App,Beauty,3,8.19,24.57
TXN0002394,CUST00341,2026-05-31,Website,Toys,3,16.24,48.71
TXN0002395,CUST00341,2026-06-30,Website,Books,2,11.23,22.47
TXN0002396,CUST00341,2026-06-17,Mobile App,Groceries,1,45.94,45.94
TXN0002397,CUST00341,2026-05-18,Mobile App,Sports & Outdoors,2,47.12,94.25
TXN0002398,CUST00341,2026-07-27,Website,Toys,4,17.94,71.76
TXN0002399,CUST00341,2026-08-19,Mobile App,Sports & Outdoors,3,64.79,194.37
TXN0002400,CUST00341,2026-06-18,Website,Sports & Outdoors,1,115.23,115.23
TXN0002401,CUST00341,2026-07-24,In-Store,Home & Kitchen,4,11.62,46.48
TXN0002402,CUST00341,2026-07-02,In-Store,Apparel,3,29.77,89.31
TXN0002403,CUST00341,2026-06-14,Website,Sports & Outdoors,4,21.79,87.15
TXN0002404,CUST00341,2026-08-16,Mobile App,Apparel,2,72.72,145.45
TXN0002405,CUST00341,2026-08-20,Website,Beauty,2,11.38,22.75
TXN0002406,CUST00341,2026-07-12,In-Store,Beauty,3,25.34,76.01
TXN0002407,CUST00341,2026-06-01,Mobile App,Home & Kitchen,1,177.61,177.61
TXN0002408,CUST00341,2026-07-11,In-Store,Sports & Outdoors,2,70.89,141.77
TXN0002409,CUST00342,2026-07-19,Website,Home & Kitchen,2,98.89,197.77
TXN0002410,CUST00342,2026-02-02,In-Store,Home & Kitchen,4,42.86,171.43
TXN0002411,CUST00342,2026-05-02,In-Store,Groceries,4,2.17,8.67
TXN0002412,CUST00343,2026-05-17,Website,Books,4,9.15,36.6
TXN0002413,CUST00343,2026-07-17,Website,Groceries,3,1.68,5.03
TXN0002414,CUST00343,2025-10-16,Mobile App,Groceries,1,20.66,20.66
TXN0002415,CUST00343,2026-03-13,Website,Books,4,3.12,12.49
TXN0002416,CUST00343,2025-12-15,In-Store,Beauty,2,22.61,45.21
TXN0002417,CUST00343,2026-01-18,Mobile App,Books,2,13.46,26.93
TXN0002418,CUST00343,2026-06-25,In-Store,Apparel,3,15.18,45.55
TXN0002419,CUST00343,2026-02-03,Website,Books,2,5.97,11.95
TXN0002420,CUST00343,2025-09-29,Website,Home & Kitchen,3,69.41,208.23
TXN0002421,CUST00343,2025-09-15,Website,Apparel,1,85.28,85.28
TXN0002422,CUST00343,2026-04-14,In-Store,Toys,4,7.14,28.57
TXN0002423,CUST00343,2026-03-25,Website,Apparel,4,22.02,88.07
TXN0002424,CUST00343,2025-11-14,Website,Sports & Outdoors,1,220.68,220.68
TXN0002425,CUST00343,2026-07-29,Website,Groceries,4,3.37,13.46
TXN0002426,CUST00343,2025-12-05,Mobile App,Home & Kitchen,4,66.34,265.35
TXN0002427,CUST00343,2025-09-04,In-Store,Beauty,1,57.06,57.06
TXN0002428,CUST00343,2026-03-08,In-Store,Sports & Outdoors,4,17.93,71.7
TXN0002429,CUST00343,2026-02-03,In-Store,Books,1,21.49,21.49
TXN0002430,CUST00344,2026-04-25,In-Store,Groceries,3,24.28,72.85
TXN0002431,CUST00344,2025-09-27,Mobile App,Groceries,1,78.73,78.73
TXN0002432,CUST00344,2026-02-27,Website,Toys,4,7.36,29.42
TXN0002433,CUST00345,2026-03-07,Mobile App,Groceries,4,3.2,12.8
TXN0002434,CUST00345,2026-04-02,Mobile App,Books,4,6.85,27.41
TXN0002435,CUST00345,2026-05-31,Website,Apparel,1,94.7,94.7
TXN0002436,CUST00345,2026-08-10,Mobile App,Apparel,2,72.75,145.51
TXN0002437,CUST00345,2026-08-02,Website,Books,1,34.09,34.09
TXN0002438,CUST00345,2026-04-11,Website,Toys,1,78.18,78.18
TXN0002439,CUST00345,2026-02-25,In-Store,Books,1,29.41,29.41
TXN0002440,CUST00345,2026-07-22,Website,Home & Kitchen,3,8.92,26.76
TXN0002441,CUST00345,2026-04-12,Website,Books,4,8.41,33.66
TXN0002442,CUST00345,2026-04-13,In-Store,Groceries,3,10.63,31.89
TXN0002443,CUST00345,2026-03-26,Website,Beauty,1,34.9,34.9
TXN0002444,CUST00346,2026-01-25,Mobile App,Groceries,2,31.32,62.65
TXN0002445,CUST00346,2026-08-14,Website,Sports & Outdoors,3,63.02,189.07
TXN0002446,CUST00346,2026-07-12,In-Store,Home & Kitchen,1,256.52,256.52
TXN0002447,CUST00347,2025-09-27,Website,Beauty,3,12.83,38.49
TXN0002448,CUST00347,2026-05-16,Website,Apparel,3,33.78,101.33
TXN0002449,CUST00347,2026-02-02,Mobile App,Home & Kitchen,2,115.92,231.84
TXN0002450,CUST00347,2026-08-19,Website,Toys,4,9.51,38.05
TXN0002451,CUST00347,2026-06-12,In-Store,Home & Kitchen,3,96.2,288.61
TXN0002452,CUST00347,2025-12-08,Website,Beauty,3,20.79,62.37
TXN0002453,CUST00348,2026-06-13,Mobile App,Books,1,27.79,27.79
TXN0002454,CUST00348,2026-08-11,Website,Apparel,4,27.77,111.07
TXN0002455,CUST00348,2026-01-26,In-Store,Home & Kitchen,3,73.48,220.45
TXN0002456,CUST00348,2026-07-15,Website,Books,3,3.77,11.32
TXN0002457,CUST00348,2025-10-16,Mobile App,Apparel,2,29.36,58.72
TXN0002458,CUST00349,2026-03-26,In-Store,Beauty,3,19.77,59.32
TXN0002459,CUST00349,2025-09-26,Website,Beauty,2,42.49,84.99
TXN0002460,CUST00349,2025-11-09,Website,Beauty,2,24.82,49.63
TXN0002461,CUST00349,2026-02-13,Website,Groceries,1,23.28,23.28
TXN0002462,CUST00349,2026-07-05,In-Store,Toys,4,19.26,77.03
TXN0002463,CUST00349,2026-08-17,Mobile App,Beauty,4,11.78,47.11
TXN0002464,CUST00349,2025-09-19,Mobile App,Books,3,10.63,31.9
TXN0002465,CUST00350,2026-08-07,In-Store,Books,2,9.93,19.85
TXN0002466,CUST00350,2026-05-26,Website,Sports & Outdoors,2,16.55,33.1
TXN0002467,CUST00350,2025-09-27,Website,Beauty,2,40.8,81.6
TXN0002468,CUST00350,2026-01-21,Website,Toys,1,52.83,52.83
TXN0002469,CUST00350,2026-07-22,In-Store,Beauty,2,37.41,74.81
TXN0002470,CUST00350,2026-01-23,Mobile App,Electronics,4,98.8,395.18
TXN0002471,CUST00350,2026-03-15,Mobile App,Books,2,5.04,10.07
TXN0002472,CUST00350,2026-05-09,Website,Toys,1,54.72,54.72
TXN0002473,CUST00350,2026-05-25,In-Store,Toys,2,39.7,79.41
TXN0002474,CUST00350,2025-10-15,Website,Sports & Outdoors,3,10.12,30.37
TXN0002475,CUST00351,2025-11-01,Website,Electronics,4,146.3,585.21
TXN0002476,CUST00351,2026-01-11,Mobile App,Home & Kitchen,2,148.07,296.14
TXN0002477,CUST00351,2026-03-14,Mobile App,Groceries,3,15.13,45.38
TXN0002478,CUST00351,2025-09-11,Website,Books,3,4.21,12.62
TXN0002479,CUST00351,2026-06-20,In-Store,Electronics,3,194.7,584.09
TXN0002480,CUST00352,2026-07-18,Website,Apparel,4,24.47,97.87
TXN0002481,CUST00352,2026-03-29,Mobile App,Beauty,2,16.2,32.39
TXN0002482,CUST00352,2026-05-21,In-Store,Electronics,4,134.26,537.06
TXN0002483,CUST00352,2026-05-01,Mobile App,Sports & Outdoors,4,8.98,35.94
TXN0002484,CUST00352,2026-01-30,Mobile App,Books,4,8.44,33.76
TXN0002485,CUST00353,2025-08-27,Website,Sports & Outdoors,3,19.33,58.0
TXN0002486,CUST00353,2025-11-29,Website,Books,4,9.03,36.13
TXN0002487,CUST00353,2026-08-06,Website,Groceries,2,17.55,35.11
TXN0002488,CUST00353,2026-06-23,Website,Apparel,1,60.86,60.86
TXN0002489,CUST00354,2026-07-02,Website,Electronics,1,786.51,786.51
TXN0002490,CUST00354,2026-07-20,Mobile App,Apparel,1,37.75,37.75
TXN0002491,CUST00354,2026-08-11,Website,Books,3,5.93,17.8
TXN0002492,CUST00354,2026-06-27,In-Store,Home & Kitchen,4,18.19,72.77
TXN0002493,CUST00354,2026-07-04,Website,Beauty,1,97.82,97.82
TXN0002494,CUST00354,2026-07-23,In-Store,Home & Kitchen,2,93.96,187.92
TXN0002495,CUST00354,2026-06-11,In-Store,Home & Kitchen,4,40.51,162.05
TXN0002496,CUST00354,2026-05-30,Website,Electronics,1,751.47,751.47
TXN0002497,CUST00355,2026-01-02,In-Store,Groceries,2,6.54,13.08
TXN0002498,CUST00355,2026-08-20,Mobile App,Home & Kitchen,4,68.02,272.06
TXN0002499,CUST00355,2025-10-27,Website,Home & Kitchen,3,99.75,299.26
TXN0002500,CUST00355,2026-06-01,In-Store,Books,1,33.09,33.09
TXN0002501,CUST00355,2026-04-09,Mobile App,Apparel,3,20.23,60.68
TXN0002502,CUST00355,2026-04-04,Website,Toys,4,6.27,25.07
TXN0002503,CUST00355,2026-07-10,Website,Electronics,4,184.37,737.46
TXN0002504,CUST00355,2026-04-24,In-Store,Apparel,1,129.45,129.45
TXN0002505,CUST00355,2026-03-07,Mobile App,Sports & Outdoors,4,57.32,229.29
TXN0002506,CUST00355,2026-05-16,In-Store,Beauty,2,17.71,35.43
TXN0002507,CUST00355,2025-11-13,Mobile App,Beauty,4,9.09,36.37
TXN0002508,CUST00355,2026-03-19,Mobile App,Books,1,10.64,10.64
TXN0002509,CUST00355,2026-04-08,Mobile App,Sports & Outdoors,4,36.72,146.89
TXN0002510,CUST00355,2026-07-03,Website,Groceries,1,62.81,62.81
TXN0002511,CUST00355,2025-11-27,Mobile App,Electronics,1,191.06,191.06
TXN0002512,CUST00355,2025-10-24,Website,Home & Kitchen,1,199.46,199.46
TXN0002513,CUST00355,2026-01-16,Mobile App,Electronics,4,193.77,775.08
TXN0002514,CUST00355,2026-07-14,Website,Electronics,4,166.95,667.81
TXN0002515,CUST00355,2025-11-18,Mobile App,Home & Kitchen,1,162.45,162.45
TXN0002516,CUST00355,2025-11-27,In-Store,Apparel,2,38.37,76.73
TXN0002517,CUST00355,2026-01-01,In-Store,Sports & Outdoors,2,16.07,32.15
TXN0002518,CUST00355,2026-02-17,Mobile App,Electronics,4,20.98,83.93
TXN0002519,CUST00355,2026-07-24,Website,Apparel,1,139.78,139.78
TXN0002520,CUST00355,2026-01-27,In-Store,Sports & Outdoors,4,61.58,246.33
TXN0002521,CUST00355,2026-01-06,In-Store,Sports & Outdoors,4,57.66,230.63
TXN0002522,CUST00355,2026-03-24,Website,Home & Kitchen,3,62.55,187.65
TXN0002523,CUST00356,2026-07-30,Mobile App,Groceries,3,6.79,20.37
TXN0002524,CUST00356,2026-02-27,Mobile App,Electronics,4,90.48,361.92
TXN0002525,CUST00356,2026-05-29,Website,Beauty,4,20.88,83.51
TXN0002526,CUST00356,2025-10-31,Website,Electronics,4,129.97,519.9
TXN0002527,CUST00357,2026-06-14,Mobile App,Toys,2,10.15,20.31
TXN0002528,CUST00357,2026-08-03,Website,Apparel,4,7.64,30.56
TXN0002529,CUST00357,2026-07-18,Website,Sports & Outdoors,3,18.11,54.33
TXN0002530,CUST00357,2026-08-12,In-Store,Books,3,5.7,17.11
TXN0002531,CUST00358,2026-06-20,In-Store,Groceries,1,13.14,13.14
TXN0002532,CUST00358,2026-04-30,Website,Beauty,4,23.88,95.52
TXN0002533,CUST00358,2025-12-13,Website,Electronics,1,401.72,401.72
TXN0002534,CUST00359,2026-04-30,Website,Books,1,13.9,13.9
TXN0002535,CUST00359,2026-05-01,Website,Sports & Outdoors,2,58.98,117.96
TXN0002536,CUST00359,2025-09-30,Mobile App,Electronics,2,273.58,547.16
TXN0002537,CUST00359,2026-03-23,In-Store,Sports & Outdoors,1,25.28,25.28
TXN0002538,CUST00359,2026-06-19,In-Store,Sports & Outdoors,3,72.33,216.98
TXN0002539,CUST00359,2025-08-31,In-Store,Sports & Outdoors,1,123.58,123.58
TXN0002540,CUST00359,2026-03-01,Website,Home & Kitchen,1,285.11,285.11
TXN0002541,CUST00359,2026-01-08,Website,Beauty,4,10.06,40.23
TXN0002542,CUST00359,2026-02-17,Website,Toys,2,7.78,15.55
TXN0002543,CUST00359,2025-12-27,Mobile App,Groceries,2,23.38,46.76
TXN0002544,CUST00359,2026-07-20,Mobile App,Sports & Outdoors,1,28.33,28.33
TXN0002545,CUST00359,2025-10-02,Mobile App,Electronics,2,256.97,513.94
TXN0002546,CUST00359,2025-10-21,Mobile App,Sports & Outdoors,2,51.02,102.04
TXN0002547,CUST00359,2025-11-14,In-Store,Beauty,1,10.53,10.53
TXN0002548,CUST00359,2025-11-02,Mobile App,Books,1,32.6,32.6
TXN0002549,CUST00360,2026-08-09,In-Store,Electronics,1,472.73,472.73
TXN0002550,CUST00360,2026-07-05,Website,Toys,4,21.25,84.98
TXN0002551,CUST00361,2026-06-22,Mobile App,Books,2,11.2,22.39
TXN0002552,CUST00361,2026-03-04,Mobile App,Groceries,4,7.72,30.89
TXN0002553,CUST00361,2026-03-06,Mobile App,Home & Kitchen,3,49.06,147.18
TXN0002554,CUST00361,2026-03-13,Website,Groceries,2,26.39,52.78
TXN0002555,CUST00361,2026-05-26,In-Store,Books,2,19.98,39.97
TXN0002556,CUST00361,2025-10-07,Website,Electronics,3,124.6,373.8
TXN0002557,CUST00361,2026-02-08,Website,Toys,2,21.41,42.83
TXN0002558,CUST00361,2025-09-23,In-Store,Home & Kitchen,3,85.08,255.24
TXN0002559,CUST00361,2026-06-17,Website,Books,4,5.37,21.48
TXN0002560,CUST00361,2026-07-25,Mobile App,Toys,4,11.38,45.51
TXN0002561,CUST00361,2026-02-15,Mobile App,Sports & Outdoors,4,22.9,91.61
TXN0002562,CUST00361,2025-12-17,Website,Beauty,2,16.07,32.14
TXN0002563,CUST00362,2026-01-04,Website,Sports & Outdoors,4,56.65,226.58
TXN0002564,CUST00362,2026-06-17,Website,Groceries,2,10.51,21.01
TXN0002565,CUST00362,2026-07-13,Mobile App,Toys,4,8.51,34.03
TXN0002566,CUST00362,2026-03-30,Website,Beauty,2,20.2,40.39
TXN0002567,CUST00362,2026-05-28,Mobile App,Books,4,3.44,13.77
TXN0002568,CUST00363,2026-01-14,Mobile App,Books,2,13.08,26.16
TXN0002569,CUST00364,2026-05-09,In-Store,Home & Kitchen,2,99.78,199.55
TXN0002570,CUST00364,2025-09-06,Website,Sports & Outdoors,2,62.56,125.12
TXN0002571,CUST00364,2026-06-16,In-Store,Toys,1,35.3,35.3
TXN0002572,CUST00365,2025-12-01,In-Store,Apparel,1,17.9,17.9
TXN0002573,CUST00365,2026-07-04,Website,Apparel,3,19.1,57.29
TXN0002574,CUST00365,2025-11-04,Website,Home & Kitchen,3,96.08,288.23
TXN0002575,CUST00365,2025-12-02,In-Store,Sports & Outdoors,3,53.82,161.46
TXN0002576,CUST00365,2025-10-29,Mobile App,Toys,2,24.0,48.01
TXN0002577,CUST00365,2025-10-31,Website,Apparel,2,61.66,123.32
TXN0002578,CUST00365,2025-10-13,In-Store,Home & Kitchen,1,65.71,65.71
TXN0002579,CUST00365,2026-05-09,Mobile App,Books,4,3.27,13.06
TXN0002580,CUST00365,2026-06-09,Mobile App,Groceries,2,28.38,56.75
TXN0002581,CUST00366,2025-09-23,Mobile App,Home & Kitchen,1,274.57,274.57
TXN0002582,CUST00366,2026-06-01,In-Store,Home & Kitchen,4,66.61,266.46
TXN0002583,CUST00366,2026-05-26,Website,Home & Kitchen,3,78.27,234.8
TXN0002584,CUST00366,2025-09-11,In-Store,Home & Kitchen,1,145.25,145.25
TXN0002585,CUST00367,2025-10-04,In-Store,Sports & Outdoors,1,223.12,223.12
TXN0002586,CUST00367,2026-06-08,In-Store,Apparel,3,12.98,38.93
TXN0002587,CUST00367,2026-02-27,Mobile App,Home & Kitchen,2,25.54,51.07
TXN0002588,CUST00367,2025-09-17,In-Store,Sports & Outdoors,1,83.7,83.7
TXN0002589,CUST00367,2025-10-08,Website,Toys,4,2.82,11.28
TXN0002590,CUST00367,2025-11-26,In-Store,Sports & Outdoors,2,107.52,215.04
TXN0002591,CUST00367,2025-09-19,Mobile App,Electronics,2,208.6,417.21
TXN0002592,CUST00368,2026-05-20,Mobile App,Groceries,4,6.18,24.73
TXN0002593,CUST00368,2026-06-14,Website,Groceries,4,15.31,61.25
TXN0002594,CUST00368,2026-06-22,Mobile App,Sports & Outdoors,2,72.28,144.55
TXN0002595,CUST00368,2026-07-30,In-Store,Electronics,1,600.98,600.98
TXN0002596,CUST00369,2025-11-08,Website,Toys,1,40.4,40.4
TXN0002597,CUST00369,2026-07-17,Mobile App,Groceries,3,19.09,57.26
TXN0002598,CUST00369,2025-11-01,Website,Books,3,7.01,21.03
TXN0002599,CUST00370,2025-12-31,In-Store,Groceries,4,11.61,46.43
TXN0002600,CUST00370,2025-09-28,Website,Apparel,1,138.3,138.3
TXN0002601,CUST00371,2026-06-27,Mobile App,Sports & Outdoors,1,217.45,217.45
TXN0002602,CUST00371,2026-08-01,Website,Home & Kitchen,1,245.74,245.74
TXN0002603,CUST00371,2026-08-03,Website,Home & Kitchen,2,62.27,124.55
TXN0002604,CUST00371,2025-12-30,Mobile App,Beauty,1,80.1,80.1
TXN0002605,CUST00371,2025-10-23,Website,Electronics,3,200.79,602.38
TXN0002606,CUST00371,2026-02-23,In-Store,Apparel,4,9.02,36.09
TXN0002607,CUST00371,2026-05-16,Mobile App,Sports & Outdoors,1,199.74,199.74
TXN0002608,CUST00371,2025-11-22,Mobile App,Electronics,2,289.06,578.11
TXN0002609,CUST00371,2026-03-20,In-Store,Apparel,1,40.05,40.05
TXN0002610,CUST00371,2025-10-01,Website,Beauty,1,28.92,28.92
TXN0002611,CUST00372,2026-03-23,Website,Beauty,2,26.42,52.84
TXN0002612,CUST00372,2025-09-01,Mobile App,Toys,2,29.22,58.44
TXN0002613,CUST00372,2025-11-13,Mobile App,Electronics,1,381.89,381.89
TXN0002614,CUST00372,2025-11-03,Website,Beauty,2,16.84,33.69
TXN0002615,CUST00373,2025-12-06,Website,Apparel,3,13.47,40.41
TXN0002616,CUST00373,2026-07-17,In-Store,Beauty,3,8.21,24.62
TXN0002617,CUST00373,2026-03-08,Mobile App,Groceries,3,7.12,21.37
TXN0002618,CUST00373,2026-08-12,In-Store,Beauty,3,19.25,57.75
TXN0002619,CUST00373,2025-10-01,Website,Home & Kitchen,1,38.1,38.1
TXN0002620,CUST00373,2025-11-12,Mobile App,Electronics,4,128.72,514.88
TXN0002621,CUST00373,2026-02-24,Website,Toys,1,10.96,10.96
TXN0002622,CUST00373,2026-05-08,Website,Sports & Outdoors,1,179.05,179.05
TXN0002623,CUST00373,2026-01-05,Mobile App,Sports & Outdoors,4,30.23,120.93
TXN0002624,CUST00373,2026-03-27,Website,Groceries,3,20.75,62.26
TXN0002625,CUST00373,2026-02-01,Mobile App,Beauty,2,15.27,30.53
TXN0002626,CUST00373,2026-08-06,Website,Sports & Outdoors,4,27.82,111.29
TXN0002627,CUST00373,2025-10-31,Website,Books,4,5.71,22.84
TXN0002628,CUST00373,2026-01-01,Mobile App,Home & Kitchen,4,56.65,226.6
TXN0002629,CUST00373,2026-01-10,Mobile App,Electronics,3,235.01,705.02
TXN0002630,CUST00373,2025-11-12,Website,Home & Kitchen,1,131.84,131.84
TXN0002631,CUST00373,2025-11-16,Mobile App,Home & Kitchen,2,31.14,62.29
TXN0002632,CUST00373,2025-10-06,Website,Electronics,2,171.74,343.47
TXN0002633,CUST00373,2026-08-16,Website,Beauty,4,2.99,11.95
TXN0002634,CUST00373,2025-10-10,Website,Groceries,4,5.52,22.08
TXN0002635,CUST00373,2025-10-05,Mobile App,Toys,2,22.32,44.63
TXN0002636,CUST00373,2025-10-14,Mobile App,Electronics,1,315.03,315.03
TXN0002637,CUST00373,2026-05-28,Website,Sports & Outdoors,3,60.31,180.92
TXN0002638,CUST00373,2026-05-07,Website,Toys,4,18.57,74.29
TXN0002639,CUST00373,2026-03-15,Mobile App,Groceries,3,17.45,52.36
TXN0002640,CUST00374,2025-09-10,Mobile App,Books,2,13.79,27.57
TXN0002641,CUST00374,2025-12-23,Mobile App,Sports & Outdoors,2,92.66,185.32
TXN0002642,CUST00374,2025-10-07,Website,Toys,4,3.76,15.05
TXN0002643,CUST00375,2025-12-07,Mobile App,Beauty,2,47.51,95.01
TXN0002644,CUST00375,2026-03-31,In-Store,Sports & Outdoors,4,40.99,163.96
TXN0002645,CUST00375,2025-12-17,In-Store,Sports & Outdoors,3,50.22,150.65
TXN0002646,CUST00376,2026-08-13,Website,Home & Kitchen,2,145.16,290.33
TXN0002647,CUST00376,2026-02-02,Mobile App,Beauty,2,41.6,83.2
TXN0002648,CUST00376,2026-03-14,Mobile App,Toys,3,27.08,81.24
TXN0002649,CUST00376,2025-12-09,Mobile App,Apparel,2,33.43,66.86
TXN0002650,CUST00376,2026-06-30,Mobile App,Apparel,4,21.61,86.45
TXN0002651,CUST00376,2025-11-02,Mobile App,Groceries,4,2.5,10.02
TXN0002652,CUST00376,2025-09-21,In-Store,Groceries,3,19.46,58.39
TXN0002653,CUST00376,2026-06-25,In-Store,Electronics,2,202.66,405.31
TXN0002654,CUST00376,2026-02-14,Mobile App,Sports & Outdoors,4,24.68,98.7
TXN0002655,CUST00376,2026-04-28,Mobile App,Groceries,4,19.19,76.75
TXN0002656,CUST00376,2025-10-30,In-Store,Beauty,2,42.09,84.17
TXN0002657,CUST00376,2026-08-21,In-Store,Apparel,1,54.91,54.91
TXN0002658,CUST00376,2026-02-19,Mobile App,Beauty,3,19.04,57.12
TXN0002659,CUST00376,2025-10-03,Website,Books,1,21.54,21.54
TXN0002660,CUST00376,2026-01-31,Website,Beauty,1,22.97,22.97
TXN0002661,CUST00376,2026-04-21,Website,Books,4,2.63,10.52
TXN0002662,CUST00376,2025-09-26,In-Store,Home & Kitchen,4,36.27,145.07
TXN0002663,CUST00376,2025-10-17,Mobile App,Toys,1,70.68,70.68
TXN0002664,CUST00376,2026-01-18,In-Store,Toys,4,8.02,32.08
TXN0002665,CUST00376,2026-03-27,Website,Home & Kitchen,1,110.39,110.39
TXN0002666,CUST00376,2025-10-02,Website,Sports & Outdoors,3,48.29,144.86
TXN0002667,CUST00376,2026-07-26,Website,Books,4,6.4,25.6
TXN0002668,CUST00376,2026-08-14,Mobile App,Books,1,13.7,13.7
TXN0002669,CUST00376,2025-09-19,Mobile App,Sports & Outdoors,1,147.92,147.92
TXN0002670,CUST00376,2026-08-13,In-Store,Electronics,2,296.04,592.08
TXN0002671,CUST00377,2026-07-29,Website,Apparel,1,33.89,33.89
TXN0002672,CUST00377,2026-08-07,Mobile App,Beauty,3,6.09,18.27
TXN0002673,CUST00377,2026-08-21,In-Store,Sports & Outdoors,3,11.36,34.07
TXN0002674,CUST00377,2026-07-22,In-Store,Toys,1,42.04,42.04
TXN0002675,CUST00378,2026-06-24,Mobile App,Books,1,30.23,30.23
TXN0002676,CUST00378,2026-05-15,In-Store,Toys,3,7.57,22.72
TXN0002677,CUST00378,2025-12-05,Website,Electronics,1,533.57,533.57
TXN0002678,CUST00378,2026-05-10,Website,Beauty,1,53.08,53.08
TXN0002679,CUST00378,2026-03-24,Website,Beauty,2,47.75,95.5
TXN0002680,CUST00379,2025-12-03,Website,Books,4,8.05,32.19
TXN0002681,CUST00379,2026-06-07,Website,Groceries,4,10.48,41.92
TXN0002682,CUST00379,2026-04-15,Mobile App,Electronics,1,200.09,200.09
TXN0002683,CUST00379,2026-01-18,Website,Toys,1,10.57,10.57
TXN0002684,CUST00379,2026-02-14,Mobile App,Sports & Outdoors,2,67.33,134.65
TXN0002685,CUST00379,2026-04-01,Website,Home & Kitchen,3,56.71,170.14
TXN0002686,CUST00379,2026-01-19,Website,Sports & Outdoors,2,67.53,135.06
TXN0002687,CUST00379,2026-02-17,In-Store,Groceries,3,10.03,30.09
TXN0002688,CUST00380,2025-12-05,Website,Groceries,4,9.72,38.87
TXN0002689,CUST00380,2026-05-30,Mobile App,Books,1,14.55,14.55
TXN0002690,CUST00380,2025-10-04,Website,Apparel,2,57.64,115.28
TXN0002691,CUST00380,2025-11-25,Website,Groceries,2,33.73,67.47
TXN0002692,CUST00380,2026-02-22,In-Store,Groceries,1,32.07,32.07
TXN0002693,CUST00380,2026-04-10,Mobile App,Beauty,3,20.34,61.02
TXN0002694,CUST00381,2026-04-30,Mobile App,Groceries,2,2.96,5.93
TXN0002695,CUST00381,2026-04-26,In-Store,Beauty,4,13.74,54.96
TXN0002696,CUST00382,2025-10-23,Mobile App,Books,2,13.63,27.26
TXN0002697,CUST00382,2025-10-28,In-Store,Toys,3,18.29,54.87
TXN0002698,CUST00382,2026-05-11,In-Store,Beauty,1,16.99,16.99
TXN0002699,CUST00382,2026-08-13,In-Store,Electronics,1,514.46,514.46
TXN0002700,CUST00382,2026-02-06,In-Store,Electronics,4,69.39,277.58
TXN0002701,CUST00382,2026-05-11,Mobile App,Home & Kitchen,3,15.74,47.23
TXN0002702,CUST00382,2025-11-24,Website,Beauty,3,32.46,97.38
TXN0002703,CUST00382,2026-04-23,Website,Books,3,9.64,28.92
TXN0002704,CUST00382,2025-11-06,In-Store,Apparel,3,18.59,55.78
TXN0002705,CUST00382,2025-10-31,Mobile App,Beauty,1,20.83,20.83
TXN0002706,CUST00382,2026-06-03,In-Store,Toys,1,23.97,23.97
TXN0002707,CUST00382,2026-06-08,Website,Beauty,3,16.99,50.97
TXN0002708,CUST00382,2026-06-16,Website,Toys,2,7.53,15.06
TXN0002709,CUST00383,2026-04-16,Website,Books,4,2.24,8.96
TXN0002710,CUST00383,2026-06-28,Mobile App,Toys,1,42.99,42.99
TXN0002711,CUST00383,2026-06-01,Mobile App,Electronics,3,180.82,542.46
TXN0002712,CUST00383,2026-04-25,Mobile App,Toys,3,8.74,26.22
TXN0002713,CUST00383,2026-05-08,Website,Groceries,2,38.62,77.24
TXN0002714,CUST00384,2026-07-02,Mobile App,Electronics,1,796.88,796.88
TXN0002715,CUST00384,2026-03-11,In-Store,Books,4,6.47,25.89
TXN0002716,CUST00384,2026-08-04,In-Store,Electronics,1,264.89,264.89
TXN0002717,CUST00384,2025-09-07,Mobile App,Toys,2,37.83,75.66
TXN0002718,CUST00384,2026-01-28,Website,Sports & Outdoors,2,92.83,185.66
TXN0002719,CUST00384,2026-07-22,Website,Sports & Outdoors,4,27.66,110.65
TXN0002720,CUST00384,2026-01-12,Website,Sports & Outdoors,2,97.66,195.32
TXN0002721,CUST00384,2025-12-18,In-Store,Toys,4,16.02,64.06
TXN0002722,CUST00384,2026-01-09,Website,Books,3,3.59,10.77
TXN0002723,CUST00384,2026-02-08,In-Store,Sports & Outdoors,4,58.08,232.31
TXN0002724,CUST00384,2025-09-07,Mobile App,Home & Kitchen,3,89.71,269.13
TXN0002725,CUST00385,2026-07-11,In-Store,Home & Kitchen,2,93.83,187.66
TXN0002726,CUST00385,2026-08-08,In-Store,Home & Kitchen,2,146.81,293.62
TXN0002727,CUST00385,2026-06-17,In-Store,Books,4,2.65,10.62
TXN0002728,CUST00385,2026-07-25,In-Store,Electronics,1,439.68,439.68
TXN0002729,CUST00385,2026-07-05,Website,Home & Kitchen,3,75.71,227.12
TXN0002730,CUST00385,2026-06-01,Mobile App,Sports & Outdoors,3,62.33,186.99
TXN0002731,CUST00385,2026-07-26,Mobile App,Books,4,6.18,24.74
TXN0002732,CUST00385,2026-07-04,Website,Sports & Outdoors,1,191.21,191.21
TXN0002733,CUST00385,2026-05-30,Website,Toys,2,11.23,22.46
TXN0002734,CUST00385,2026-07-22,Mobile App,Apparel,1,81.85,81.85
TXN0002735,CUST00385,2026-07-21,Mobile App,Groceries,4,5.79,23.14
TXN0002736,CUST00385,2026-07-23,Website,Beauty,1,58.78,58.78
TXN0002737,CUST00385,2026-07-12,In-Store,Beauty,1,12.12,12.12
TXN0002738,CUST00385,2026-07-03,Website,Beauty,1,26.71,26.71
TXN0002739,CUST00385,2026-08-08,Website,Toys,4,21.52,86.08
TXN0002740,CUST00385,2026-07-06,In-Store,Books,3,2.78,8.34
TXN0002741,CUST00386,2026-01-14,Website,Beauty,4,9.34,37.34
TXN0002742,CUST00386,2026-02-21,Mobile App,Electronics,1,559.34,559.34
TXN0002743,CUST00386,2026-08-11,Mobile App,Sports & Outdoors,4,5.57,22.29
TXN0002744,CUST00386,2026-04-06,In-Store,Books,1,32.09,32.09
TXN0002745,CUST00386,2025-12-31,Mobile App,Sports & Outdoors,4,59.51,238.04
TXN0002746,CUST00386,2026-08-14,In-Store,Books,4,2.31,9.24
TXN0002747,CUST00386,2025-12-20,In-Store,Apparel,1,79.11,79.11
TXN0002748,CUST00386,2025-09-06,Website,Apparel,3,25.46,76.38
TXN0002749,CUST00386,2025-09-12,Website,Toys,3,4.25,12.75
TXN0002750,CUST00386,2026-06-24,Mobile App,Toys,4,6.83,27.32
TXN0002751,CUST00386,2025-12-30,Website,Home & Kitchen,1,186.16,186.16
TXN0002752,CUST00386,2026-05-21,In-Store,Toys,2,7.76,15.53
TXN0002753,CUST00386,2025-09-05,Mobile App,Books,1,33.64,33.64
TXN0002754,CUST00387,2026-07-13,Mobile App,Toys,4,5.98,23.91
TXN0002755,CUST00387,2025-12-27,Website,Home & Kitchen,3,10.38,31.15
TXN0002756,CUST00387,2025-10-01,Mobile App,Home & Kitchen,1,291.2,291.2
TXN0002757,CUST00387,2025-12-29,Website,Toys,4,7.48,29.92
TXN0002758,CUST00387,2026-01-02,In-Store,Home & Kitchen,1,236.29,236.29
TXN0002759,CUST00387,2025-12-31,Website,Beauty,4,10.15,40.61
TXN0002760,CUST00388,2026-04-22,Mobile App,Apparel,2,14.36,28.71
TXN0002761,CUST00388,2025-11-24,Website,Electronics,3,126.19,378.57
TXN0002762,CUST00389,2026-04-17,Mobile App,Electronics,3,193.77,581.31
TXN0002763,CUST00389,2026-03-28,Mobile App,Apparel,1,71.51,71.51
TXN0002764,CUST00389,2026-07-20,Website,Books,1,10.14,10.14
TXN0002765,CUST00389,2025-09-19,Website,Sports & Outdoors,2,63.27,126.54
TXN0002766,CUST00389,2025-12-14,In-Store,Home & Kitchen,2,26.94,53.88
TXN0002767,CUST00389,2025-12-26,Website,Home & Kitchen,4,51.52,206.1
TXN0002768,CUST00389,2025-09-03,Mobile App,Sports & Outdoors,4,36.49,145.98
TXN0002769,CUST00389,2025-12-22,Website,Home & Kitchen,1,182.99,182.99
TXN0002770,CUST00389,2026-02-08,Mobile App,Beauty,3,9.41,28.22
TXN0002771,CUST00389,2026-07-03,Website,Books,1,8.36,8.36
TXN0002772,CUST00390,2026-08-17,In-Store,Apparel,3,28.61,85.82
TXN0002773,CUST00390,2026-08-21,Mobile App,Electronics,2,138.75,277.51
TXN0002774,CUST00390,2026-08-14,Website,Beauty,2,43.73,87.45
TXN0002775,CUST00390,2026-08-18,Website,Toys,2,24.13,48.26
TXN0002776,CUST00390,2026-08-17,Website,Books,1,25.7,25.7
TXN0002777,CUST00390,2026-08-21,Website,Home & Kitchen,2,130.1,260.2
TXN0002778,CUST00390,2026-08-15,In-Store,Apparel,1,79.49,79.49
TXN0002779,CUST00390,2026-08-15,Mobile App,Beauty,4,16.61,66.42
TXN0002780,CUST00390,2026-08-17,In-Store,Sports & Outdoors,3,78.45,235.34
TXN0002781,CUST00390,2026-08-20,Mobile App,Books,3,3.12,9.37
TXN0002782,CUST00390,2026-08-13,In-Store,Electronics,3,64.82,194.45
TXN0002783,CUST00390,2026-08-18,Website,Beauty,2,38.69,77.37
TXN0002784,CUST00390,2026-08-15,Mobile App,Books,2,14.34,28.67
TXN0002785,CUST00390,2026-08-17,Website,Groceries,1,42.29,42.29
TXN0002786,CUST00390,2026-08-19,Mobile App,Electronics,1,362.99,362.99
TXN0002787,CUST00390,2026-08-15,Mobile App,Home & Kitchen,1,236.42,236.42
TXN0002788,CUST00390,2026-08-18,Website,Books,3,5.66,16.99
TXN0002789,CUST00390,2026-08-15,Website,Sports & Outdoors,4,57.76,231.04
TXN0002790,CUST00390,2026-08-16,Mobile App,Books,2,16.12,32.24
TXN0002791,CUST00390,2026-08-16,Mobile App,Apparel,3,36.11,108.34
TXN0002792,CUST00390,2026-08-20,Mobile App,Apparel,3,16.32,48.97
TXN0002793,CUST00390,2026-08-19,In-Store,Groceries,2,24.79,49.58
TXN0002794,CUST00391,2026-06-25,In-Store,Sports & Outdoors,2,114.1,228.2
TXN0002795,CUST00391,2026-03-07,Website,Groceries,3,6.46,19.39
TXN0002796,CUST00391,2025-12-08,Mobile App,Books,4,4.23,16.91
TXN0002797,CUST00392,2025-09-13,In-Store,Home & Kitchen,3,81.54,244.63
TXN0002798,CUST00392,2026-08-20,Website,Sports & Outdoors,3,60.82,182.47
TXN0002799,CUST00393,2026-07-23,In-Store,Home & Kitchen,3,17.61,52.82
TXN0002800,CUST00393,2026-07-14,Mobile App,Beauty,3,21.28,63.83
TXN0002801,CUST00394,2026-05-28,In-Store,Toys,4,10.0,40.0
TXN0002802,CUST00394,2025-10-25,Mobile App,Groceries,4,18.73,74.94
TXN0002803,CUST00395,2026-07-21,Website,Groceries,3,16.82,50.45
TXN0002804,CUST00395,2026-02-20,Website,Books,4,8.51,34.02
TXN0002805,CUST00395,2026-04-10,Website,Beauty,3,27.69,83.08
TXN0002806,CUST00395,2026-02-14,In-Store,Toys,3,28.26,84.78
TXN0002807,CUST00395,2026-07-12,Mobile App,Books,1,14.37,14.37
TXN0002808,CUST00396,2026-02-14,Mobile App,Toys,4,14.4,57.62
TXN0002809,CUST00396,2025-11-10,Mobile App,Sports & Outdoors,2,21.54,43.07
TXN0002810,CUST00396,2026-06-09,Website,Electronics,1,80.78,80.78
TXN0002811,CUST00396,2026-04-18,Website,Groceries,1,14.56,14.56
TXN0002812,CUST00396,2025-12-13,In-Store,Books,1,14.56,14.56
TXN0002813,CUST00396,2026-06-12,Website,Sports & Outdoors,3,81.52,244.56
TXN0002814,CUST00396,2026-01-29,Website,Beauty,3,10.25,30.74
TXN0002815,CUST00397,2026-03-09,Website,Beauty,3,7.88,23.65
TXN0002816,CUST00397,2025-11-07,In-Store,Home & Kitchen,4,61.4,245.6
TXN0002817,CUST00397,2026-01-18,Website,Electronics,1,765.85,765.85
TXN0002818,CUST00397,2026-04-08,Mobile App,Groceries,1,65.72,65.72
TXN0002819,CUST00397,2026-02-06,Website,Books,4,3.77,15.07
TXN0002820,CUST00397,2026-05-28,Mobile App,Home & Kitchen,3,92.31,276.94
TXN0002821,CUST00397,2025-10-31,Website,Beauty,4,17.6,70.4
TXN0002822,CUST00397,2025-09-02,Mobile App,Books,2,11.14,22.28
TXN0002823,CUST00397,2026-05-07,Website,Apparel,4,17.54,70.15
TXN0002824,CUST00397,2026-07-03,Mobile App,Books,4,8.8,35.22
TXN0002825,CUST00397,2026-03-22,Website,Groceries,4,5.09,20.38
TXN0002826,CUST00397,2025-11-11,Mobile App,Sports & Outdoors,4,22.67,90.69
TXN0002827,CUST00397,2026-08-08,Mobile App,Books,2,17.41,34.82
TXN0002828,CUST00397,2026-05-21,Website,Apparel,4,24.03,96.13
TXN0002829,CUST00397,2026-02-11,Website,Books,3,4.88,14.63
TXN0002830,CUST00397,2026-07-30,Website,Groceries,3,7.89,23.66
TXN0002831,CUST00397,2026-03-06,In-Store,Books,4,6.8,27.21
TXN0002832,CUST00397,2026-04-05,In-Store,Beauty,1,68.09,68.09
TXN0002833,CUST00397,2026-05-30,Mobile App,Electronics,3,113.88,341.65
TXN0002834,CUST00397,2026-01-30,Website,Electronics,4,104.56,418.22
TXN0002835,CUST00397,2026-03-18,In-Store,Apparel,3,24.68,74.04
TXN0002836,CUST00397,2026-04-09,Website,Sports & Outdoors,3,76.41,229.23
TXN0002837,CUST00398,2026-03-03,Website,Beauty,2,43.41,86.83
TXN0002838,CUST00398,2026-01-05,In-Store,Books,2,9.84,19.67
TXN0002839,CUST00398,2025-10-19,Website,Home & Kitchen,1,45.87,45.87
TXN0002840,CUST00398,2025-10-20,Website,Groceries,3,12.99,38.98
TXN0002841,CUST00399,2026-04-30,In-Store,Groceries,2,35.16,70.33
TXN0002842,CUST00399,2025-12-13,Website,Groceries,1,17.5,17.5
TXN0002843,CUST00400,2026-02-13,In-Store,Electronics,2,239.73,479.46
TXN0002844,CUST00400,2026-01-05,Website,Toys,2,42.68,85.36
TXN0002845,CUST00400,2026-06-25,Website,Beauty,1,64.24,64.24
TXN0002846,CUST00400,2025-10-11,Website,Apparel,2,25.66,51.32
TXN0002847,CUST00400,2025-11-27,Mobile App,Toys,3,18.09,54.28
TXN0002848,CUST00400,2026-02-05,Mobile App,Home & Kitchen,2,84.71,169.42
TXN0002849,CUST00400,2026-06-23,Website,Electronics,2,147.06,294.11
TXN0002850,CUST00400,2026-04-25,In-Store,Electronics,1,425.68,425.68
TXN0002851,CUST00400,2025-12-15,Website,Home & Kitchen,2,16.77,33.54
TXN0002852,CUST00400,2026-04-10,In-Store,Beauty,3,29.18,87.55
TXN0002853,CUST00400,2026-02-03,Mobile App,Groceries,4,9.92,39.68
TXN0002854,CUST00401,2025-10-06,Mobile App,Beauty,1,24.59,24.59
TXN0002855,CUST00401,2025-11-04,Website,Books,3,4.12,12.35
TXN0002856,CUST00401,2025-11-23,Mobile App,Toys,4,16.05,64.2
TXN0002857,CUST00401,2026-06-20,Mobile App,Books,4,9.11,36.44
TXN0002858,CUST00401,2026-02-10,In-Store,Sports & Outdoors,4,49.95,199.8
TXN0002859,CUST00401,2026-03-16,In-Store,Books,4,3.33,13.34
TXN0002860,CUST00401,2026-01-31,Website,Electronics,3,68.39,205.17
TXN0002861,CUST00401,2026-04-16,In-Store,Apparel,4,24.15,96.59
TXN0002862,CUST00401,2025-09-09,Website,Groceries,3,11.01,33.02
TXN0002863,CUST00401,2025-10-23,Mobile App,Electronics,2,105.84,211.68
TXN0002864,CUST00402,2025-10-15,In-Store,Home & Kitchen,3,67.25,201.74
TXN0002865,CUST00402,2025-11-28,Website,Home & Kitchen,2,12.29,24.59
TXN0002866,CUST00402,2026-06-12,In-Store,Groceries,4,10.38,41.51
TXN0002867,CUST00402,2026-04-21,Mobile App,Sports & Outdoors,4,55.59,222.36
TXN0002868,CUST00402,2025-10-29,Website,Electronics,2,117.01,234.02
TXN0002869,CUST00402,2026-06-29,In-Store,Apparel,1,54.88,54.88
TXN0002870,CUST00402,2026-08-08,Website,Books,4,9.1,36.39
TXN0002871,CUST00403,2026-02-17,Mobile App,Sports & Outdoors,4,51.99,207.96
TXN0002872,CUST00403,2025-09-03,Website,Toys,3,5.14,15.42
TXN0002873,CUST00403,2026-07-02,Website,Home & Kitchen,1,23.1,23.1
TXN0002874,CUST00403,2025-09-26,Website,Groceries,2,4.75,9.49
TXN0002875,CUST00404,2026-07-23,Website,Toys,4,10.57,42.27
TXN0002876,CUST00404,2026-08-12,Website,Sports & Outdoors,1,81.96,81.96
TXN0002877,CUST00404,2026-08-14,In-Store,Apparel,4,33.57,134.28
TXN0002878,CUST00404,2026-07-08,Mobile App,Electronics,1,549.74,549.74
TXN0002879,CUST00404,2026-07-05,In-Store,Home & Kitchen,4,70.31,281.23
TXN0002880,CUST00405,2026-04-20,Mobile App,Toys,3,22.84,68.52
TXN0002881,CUST00405,2025-09-28,Website,Beauty,4,4.6,18.39
TXN0002882,CUST00405,2026-08-01,Website,Beauty,3,4.59,13.77
TXN0002883,CUST00405,2026-05-14,Website,Home & Kitchen,2,37.23,74.46
TXN0002884,CUST00405,2025-10-16,Mobile App,Home & Kitchen,3,46.51,139.54
TXN0002885,CUST00405,2025-10-06,In-Store,Beauty,1,10.05,10.05
TXN0002886,CUST00406,2026-07-29,In-Store,Groceries,1,59.54,59.54
TXN0002887,CUST00406,2026-08-15,Website,Home & Kitchen,4,69.74,278.95
TXN0002888,CUST00406,2026-07-09,Website,Toys,3,24.98,74.94
TXN0002889,CUST00406,2026-08-06,Mobile App,Sports & Outdoors,3,71.63,214.89
TXN0002890,CUST00406,2026-08-17,Mobile App,Sports & Outdoors,3,54.47,163.41
TXN0002891,CUST00407,2026-07-28,Website,Groceries,2,32.73,65.46
TXN0002892,CUST00407,2025-11-25,Website,Electronics,3,125.14,375.41
TXN0002893,CUST00407,2026-07-11,Website,Groceries,4,10.61,42.42
TXN0002894,CUST00407,2025-11-20,Website,Groceries,3,21.71,65.13
TXN0002895,CUST00407,2025-10-10,Website,Home & Kitchen,2,87.7,175.4
TXN0002896,CUST00408,2026-06-13,Mobile App,Home & Kitchen,3,93.1,279.29
TXN0002897,CUST00408,2025-12-23,Mobile App,Books,3,7.14,21.42
TXN0002898,CUST00408,2026-03-25,Website,Beauty,4,6.16,24.62
TXN0002899,CUST00408,2026-01-14,In-Store,Apparel,1,119.62,119.62
TXN0002900,CUST00408,2026-05-23,Mobile App,Books,4,3.23,12.93
TXN0002901,CUST00408,2025-11-19,In-Store,Sports & Outdoors,1,235.33,235.33
TXN0002902,CUST00408,2026-01-26,Website,Toys,4,20.08,80.33
TXN0002903,CUST00408,2025-10-17,In-Store,Books,4,6.71,26.83
TXN0002904,CUST00408,2025-10-29,Mobile App,Beauty,2,17.89,35.78
TXN0002905,CUST00408,2026-08-11,Website,Sports & Outdoors,1,154.46,154.46
TXN0002906,CUST00408,2026-02-01,Website,Apparel,1,122.49,122.49
TXN0002907,CUST00408,2025-11-26,Website,Books,1,23.76,23.76
TXN0002908,CUST00408,2026-03-27,In-Store,Home & Kitchen,1,297.71,297.71
TXN0002909,CUST00408,2026-02-19,Mobile App,Electronics,3,50.04,150.11
TXN0002910,CUST00408,2026-01-08,Mobile App,Sports & Outdoors,1,171.52,171.52
TXN0002911,CUST00408,2026-08-03,Website,Groceries,1,29.76,29.76
TXN0002912,CUST00408,2025-12-18,In-Store,Apparel,1,148.4,148.4
TXN0002913,CUST00409,2026-01-26,In-Store,Books,4,8.59,34.37
TXN0002914,CUST00409,2026-04-29,Website,Groceries,1,51.16,51.16
TXN0002915,CUST00409,2026-08-08,In-Store,Groceries,4,3.85,15.4
TXN0002916,CUST00409,2026-07-09,Mobile App,Groceries,1,16.8,16.8
TXN0002917,CUST00409,2026-07-30,Mobile App,Beauty,1,72.01,72.01
TXN0002918,CUST00409,2026-01-04,Website,Sports & Outdoors,4,42.82,171.28
TXN0002919,CUST00409,2026-05-11,In-Store,Sports & Outdoors,3,79.55,238.65
TXN0002920,CUST00409,2026-06-18,Website,Books,2,10.69,21.38
TXN0002921,CUST00409,2025-09-03,In-Store,Groceries,2,27.48,54.97
TXN0002922,CUST00409,2026-08-10,Website,Home & Kitchen,1,216.91,216.91
TXN0002923,CUST00409,2026-04-02,Website,Apparel,4,8.73,34.94
TXN0002924,CUST00410,2026-08-18,Website,Apparel,3,17.71,53.13
TXN0002925,CUST00410,2026-08-15,Mobile App,Beauty,4,18.67,74.68
TXN0002926,CUST00410,2026-08-20,Mobile App,Groceries,2,37.66,75.31
TXN0002927,CUST00410,2026-08-16,In-Store,Electronics,4,80.79,323.16
TXN0002928,CUST00410,2026-08-17,Website,Apparel,3,7.2,21.6
TXN0002929,CUST00411,2025-11-21,Website,Toys,4,11.77,47.08
TXN0002930,CUST00411,2026-03-13,In-Store,Sports & Outdoors,3,40.22,120.66
TXN0002931,CUST00411,2025-12-16,Mobile App,Books,2,14.54,29.07
TXN0002932,CUST00411,2026-08-07,Website,Home & Kitchen,4,71.8,287.2
TXN0002933,CUST00411,2026-01-04,Website,Sports & Outdoors,2,24.91,49.82
TXN0002934,CUST00411,2026-06-15,Website,Toys,2,43.28,86.57
TXN0002935,CUST00411,2025-10-09,Mobile App,Books,1,9.23,9.23
TXN0002936,CUST00412,2026-07-05,Mobile App,Sports & Outdoors,1,94.24,94.24
TXN0002937,CUST00412,2026-07-01,Mobile App,Beauty,3,9.67,29.0
TXN0002938,CUST00412,2026-01-13,Mobile App,Groceries,2,22.41,44.82
TXN0002939,CUST00413,2026-07-20,In-Store,Electronics,3,130.4,391.21
TXN0002940,CUST00413,2026-01-15,Mobile App,Toys,3,4.52,13.56
TXN0002941,CUST00413,2026-08-14,Website,Apparel,4,19.77,79.06
TXN0002942,CUST00413,2025-11-26,In-Store,Beauty,2,46.54,93.08
TXN0002943,CUST00413,2025-09-28,Mobile App,Groceries,1,71.86,71.86
TXN0002944,CUST00413,2026-06-19,In-Store,Groceries,1,34.61,34.61
TXN0002945,CUST00413,2025-11-19,Mobile App,Electronics,4,54.09,216.35
TXN0002946,CUST00414,2026-04-06,Website,Books,1,9.53,9.53
TXN0002947,CUST00414,2026-08-02,In-Store,Groceries,4,11.29,45.14
TXN0002948,CUST00415,2026-07-24,Mobile App,Groceries,1,62.67,62.67
TXN0002949,CUST00415,2026-04-20,Mobile App,Beauty,3,19.36,58.07
TXN0002950,CUST00415,2026-07-12,In-Store,Beauty,4,23.33,93.31
TXN0002951,CUST00415,2026-06-04,Mobile App,Sports & Outdoors,2,28.32,56.65
TXN0002952,CUST00416,2026-07-15,Mobile App,Apparel,2,29.69,59.38
TXN0002953,CUST00416,2026-06-22,In-Store,Electronics,3,41.53,124.59
TXN0002954,CUST00416,2026-08-13,Website,Groceries,4,13.85,55.39
TXN0002955,CUST00416,2026-08-10,Website,Books,2,7.26,14.53
TXN0002956,CUST00417,2026-07-31,Website,Groceries,1,28.21,28.21
TXN0002957,CUST00417,2026-02-12,Website,Home & Kitchen,1,264.5,264.5
TXN0002958,CUST00417,2026-01-22,In-Store,Apparel,3,40.04,120.12
TXN0002959,CUST00418,2026-06-25,Website,Toys,4,9.25,37.0
TXN0002960,CUST00418,2026-05-12,Mobile App,Toys,3,21.15,63.44
TXN0002961,CUST00418,2026-07-08,In-Store,Sports & Outdoors,3,66.81,200.42
TXN0002962,CUST00418,2026-06-18,Website,Beauty,3,19.69,59.08
TXN0002963,CUST00418,2026-06-19,Mobile App,Apparel,2,74.47,148.94
TXN0002964,CUST00419,2026-07-23,Website,Beauty,3,17.69,53.08
TXN0002965,CUST00419,2026-07-05,Website,Books,4,8.34,33.37
TXN0002966,CUST00420,2025-12-31,In-Store,Books,2,7.4,14.8
TXN0002967,CUST00421,2026-08-02,Mobile App,Apparel,2,73.39,146.78
TXN0002968,CUST00421,2026-08-12,In-Store,Toys,4,13.65,54.6
TXN0002969,CUST00421,2026-08-08,Website,Sports & Outdoors,1,61.79,61.79
TXN0002970,CUST00421,2026-07-25,Website,Beauty,3,3.44,10.33
TXN0002971,CUST00421,2026-07-04,Website,Sports & Outdoors,4,41.86,167.45
TXN0002972,CUST00422,2025-09-14,In-Store,Sports & Outdoors,1,217.57,217.57
TXN0002973,CUST00422,2026-04-14,Website,Apparel,1,95.28,95.28
TXN0002974,CUST00422,2026-04-10,Mobile App,Toys,3,16.52,49.55
TXN0002975,CUST00422,2026-06-07,Website,Electronics,3,213.2,639.61
TXN0002976,CUST00422,2025-10-14,Website,Books,1,17.39,17.39
TXN0002977,CUST00422,2026-01-18,Website,Groceries,2,27.43,54.86
TXN0002978,CUST00422,2026-04-10,Mobile App,Books,3,13.33,39.98
TXN0002979,CUST00422,2025-12-17,Website,Books,3,13.13,39.4
TXN0002980,CUST00422,2025-09-25,Website,Groceries,4,15.1,60.4
TXN0002981,CUST00423,2026-04-01,Website,Groceries,1,29.58,29.58
TXN0002982,CUST00423,2026-06-01,In-Store,Apparel,1,63.94,63.94
TXN0002983,CUST00423,2026-08-16,In-Store,Sports & Outdoors,1,89.8,89.8
TXN0002984,CUST00423,2026-07-24,Website,Beauty,1,62.4,62.4
TXN0002985,CUST00423,2026-07-12,Website,Groceries,1,28.36,28.36
TXN0002986,CUST00423,2026-07-27,In-Store,Groceries,3,24.32,72.97
TXN0002987,CUST00423,2026-06-29,Website,Books,1,32.07,32.07
TXN0002988,CUST00423,2026-07-17,Website,Books,3,3.66,10.97
TXN0002989,CUST00423,2026-04-28,Website,Electronics,1,152.67,152.67
TXN0002990,CUST00423,2026-05-25,In-Store,Electronics,4,32.53,130.12
TXN0002991,CUST00423,2026-07-08,Website,Sports & Outdoors,1,110.41,110.41
TXN0002992,CUST00423,2026-04-19,Website,Beauty,2,8.69,17.38
TXN0002993,CUST00423,2026-06-30,Website,Apparel,1,100.16,100.16
TXN0002994,CUST00423,2026-07-23,Mobile App,Home & Kitchen,2,33.71,67.42
TXN0002995,CUST00424,2026-06-10,Website,Groceries,2,24.12,48.25
TXN0002996,CUST00424,2025-11-06,Mobile App,Beauty,2,7.67,15.34
TXN0002997,CUST00424,2026-01-23,Mobile App,Books,3,4.72,14.16
TXN0002998,CUST00424,2025-10-31,Website,Books,4,9.79,39.16
TXN0002999,CUST00424,2026-07-08,In-Store,Groceries,1,25.2,25.2
TXN0003000,CUST00424,2026-08-02,Mobile App,Groceries,4,13.41,53.63
TXN0003001,CUST00424,2026-07-11,Website,Apparel,2,34.88,69.75
TXN0003002,CUST00425,2026-08-01,Website,Home & Kitchen,1,181.45,181.45
TXN0003003,CUST00425,2026-08-20,In-Store,Beauty,1,21.92,21.92
TXN0003004,CUST00425,2026-08-19,Website,Beauty,1,77.04,77.04
TXN0003005,CUST00425,2026-08-12,Mobile App,Home & Kitchen,3,96.75,290.26
TXN0003006,CUST00425,2026-08-11,In-Store,Electronics,1,538.89,538.89
TXN0003007,CUST00425,2026-08-19,In-Store,Electronics,3,120.01,360.02
TXN0003008,CUST00425,2026-08-21,Website,Home & Kitchen,1,61.16,61.16
TXN0003009,CUST00425,2026-07-31,In-Store,Sports & Outdoors,4,61.16,244.65
TXN0003010,CUST00425,2026-08-13,Mobile App,Groceries,2,19.13,38.26
TXN0003011,CUST00426,2026-05-05,Website,Sports & Outdoors,2,29.59,59.18
TXN0003012,CUST00426,2026-06-05,Mobile App,Groceries,3,12.6,37.81
TXN0003013,CUST00427,2026-02-25,Mobile App,Home & Kitchen,1,37.19,37.19
TXN0003014,CUST00428,2026-05-13,Mobile App,Groceries,1,20.29,20.29
TXN0003015,CUST00428,2026-04-20,In-Store,Home & Kitchen,2,49.68,99.36
TXN0003016,CUST00428,2026-05-28,Mobile App,Electronics,1,404.93,404.93
TXN0003017,CUST00428,2026-08-14,Mobile App,Sports & Outdoors,2,43.12,86.25
TXN0003018,CUST00428,2026-04-23,Mobile App,Groceries,4,16.99,67.96
TXN0003019,CUST00428,2026-07-14,Website,Toys,2,13.82,27.65
TXN0003020,CUST00428,2026-06-06,Website,Beauty,4,17.02,68.07
TXN0003021,CUST00428,2026-08-11,Website,Home & Kitchen,3,16.92,50.75
TXN0003022,CUST00428,2026-06-08,Mobile App,Apparel,3,17.23,51.69
TXN0003023,CUST00429,2026-05-26,Mobile App,Apparel,1,91.57,91.57
TXN0003024,CUST00429,2025-12-27,Website,Groceries,2,11.96,23.91
TXN0003025,CUST00429,2026-06-05,In-Store,Home & Kitchen,1,195.71,195.71
TXN0003026,CUST00429,2026-01-16,Website,Electronics,4,73.88,295.53
TXN0003027,CUST00429,2026-07-15,Mobile App,Electronics,2,205.38,410.76
TXN0003028,CUST00429,2026-06-24,Website,Groceries,4,14.77,59.07
TXN0003029,CUST00429,2026-02-11,Website,Groceries,4,12.24,48.96
TXN0003030,CUST00429,2026-04-07,Mobile App,Sports & Outdoors,4,9.39,37.58
TXN0003031,CUST00429,2025-12-31,Mobile App,Beauty,3,13.07,39.22
TXN0003032,CUST00430,2026-07-01,Mobile App,Beauty,4,14.48,57.92
TXN0003033,CUST00430,2026-03-31,Website,Electronics,1,567.3,567.3
TXN0003034,CUST00430,2026-08-20,Mobile App,Home & Kitchen,1,84.77,84.77
TXN0003035,CUST00430,2025-12-06,Website,Books,1,25.12,25.12
TXN0003036,CUST00430,2026-04-27,Website,Toys,2,33.73,67.47
TXN0003037,CUST00430,2026-01-24,Mobile App,Beauty,1,43.38,43.38
TXN0003038,CUST00431,2026-01-21,Website,Books,3,3.95,11.85
TXN0003039,CUST00431,2025-10-18,Mobile App,Toys,1,81.45,81.45
TXN0003040,CUST00431,2025-12-09,Website,Beauty,1,65.06,65.06
TXN0003041,CUST00432,2026-05-20,In-Store,Beauty,3,4.66,13.98
TXN0003042,CUST00432,2026-07-04,Mobile App,Electronics,4,186.17,744.67
TXN0003043,CUST00432,2026-08-10,In-Store,Beauty,3,27.21,81.62
TXN0003044,CUST00433,2026-02-08,Website,Beauty,3,31.08,93.23
TXN0003045,CUST00433,2026-05-16,Website,Sports & Outdoors,4,58.66,234.64
TXN0003046,CUST00433,2026-03-07,Mobile App,Home & Kitchen,1,27.53,27.53
TXN0003047,CUST00433,2025-10-20,In-Store,Electronics,2,275.24,550.47
TXN0003048,CUST00434,2025-10-13,In-Store,Beauty,2,38.19,76.37
TXN0003049,CUST00434,2025-12-21,Website,Beauty,3,9.26,27.79
TXN0003050,CUST00434,2026-05-03,Mobile App,Toys,2,14.03,28.05
TXN0003051,CUST00434,2026-05-01,Website,Beauty,3,14.33,43.0
TXN0003052,CUST00434,2026-05-10,In-Store,Books,1,12.93,12.93
TXN0003053,CUST00434,2026-05-09,In-Store,Home & Kitchen,1,152.64,152.64
TXN0003054,CUST00434,2026-05-18,Website,Electronics,4,112.44,449.77
TXN0003055,CUST00434,2025-11-27,Website,Home & Kitchen,2,39.65,79.3
TXN0003056,CUST00434,2025-09-30,Mobile App,Books,2,7.67,15.34
TXN0003057,CUST00434,2025-09-17,Website,Sports & Outdoors,2,111.65,223.3
TXN0003058,CUST00435,2025-12-24,In-Store,Beauty,4,23.96,95.83
TXN0003059,CUST00435,2025-11-19,Website,Toys,3,10.78,32.33
TXN0003060,CUST00435,2026-07-19,Mobile App,Electronics,3,65.73,197.2
TXN0003061,CUST00435,2026-08-20,Website,Toys,1,84.18,84.18
TXN0003062,CUST00435,2026-07-31,In-Store,Home & Kitchen,2,136.12,272.23
TXN0003063,CUST00435,2026-08-10,Mobile App,Apparel,4,22.65,90.61
TXN0003064,CUST00435,2026-03-30,In-Store,Home & Kitchen,2,17.39,34.79
TXN0003065,CUST00435,2026-05-23,Mobile App,Beauty,2,40.95,81.9
TXN0003066,CUST00435,2025-09-12,In-Store,Apparel,1,47.6,47.6
TXN0003067,CUST00435,2025-11-26,Website,Apparel,3,16.68,50.05
TXN0003068,CUST00436,2026-04-07,Website,Home & Kitchen,4,8.08,32.33
TXN0003069,CUST00436,2025-12-13,In-Store,Beauty,2,11.29,22.57
TXN0003070,CUST00436,2026-01-16,Mobile App,Apparel,4,21.23,84.92
TXN0003071,CUST00436,2026-01-07,Website,Apparel,3,38.2,114.6
TXN0003072,CUST00436,2026-08-10,Mobile App,Groceries,3,26.49,79.46
TXN0003073,CUST00436,2026-03-16,Website,Electronics,1,635.04,635.04
TXN0003074,CUST00436,2026-03-23,In-Store,Electronics,2,56.37,112.73
TXN0003075,CUST00436,2025-11-28,In-Store,Apparel,2,13.08,26.16
TXN0003076,CUST00437,2026-02-24,In-Store,Apparel,3,24.75,74.26
TXN0003077,CUST00437,2026-07-27,Website,Electronics,3,196.47,589.42
TXN0003078,CUST00437,2026-07-09,Website,Apparel,3,40.76,122.28
TXN0003079,CUST00437,2025-10-13,In-Store,Groceries,2,8.47,16.95
TXN0003080,CUST00438,2025-12-19,Mobile App,Toys,1,32.97,32.97
TXN0003081,CUST00438,2026-03-05,Website,Groceries,1,42.61,42.61
TXN0003082,CUST00438,2025-10-17,Website,Toys,4,3.31,13.23
TXN0003083,CUST00438,2025-10-08,Mobile App,Electronics,1,499.41,499.41
TXN0003084,CUST00438,2025-09-11,Mobile App,Beauty,3,14.67,44.01
TXN0003085,CUST00438,2025-10-12,Website,Groceries,4,11.19,44.75
TXN0003086,CUST00438,2026-07-06,Website,Apparel,2,23.41,46.83
TXN0003087,CUST00438,2026-06-23,In-Store,Beauty,3,33.05,99.16
TXN0003088,CUST00439,2026-05-23,Website,Home & Kitchen,4,59.96,239.84
TXN0003089,CUST00440,2026-07-26,Website,Electronics,1,518.76,518.76
TXN0003090,CUST00440,2025-12-06,Mobile App,Beauty,4,11.73,46.92
TXN0003091,CUST00440,2026-07-08,Mobile App,Electronics,2,314.63,629.27
TXN0003092,CUST00440,2026-04-04,Website,Electronics,1,250.86,250.86
TXN0003093,CUST00440,2026-05-28,In-Store,Books,1,16.09,16.09
TXN0003094,CUST00440,2025-11-29,In-Store,Electronics,3,82.07,246.21
TXN0003095,CUST00440,2025-12-17,In-Store,Home & Kitchen,4,43.32,173.29
TXN0003096,CUST00440,2026-07-14,Mobile App,Beauty,4,14.1,56.41
TXN0003097,CUST00440,2025-12-18,Mobile App,Beauty,1,57.55,57.55
TXN0003098,CUST00441,2026-08-20,Website,Home & Kitchen,2,104.22,208.44
TXN0003099,CUST00441,2026-05-28,Mobile App,Groceries,3,19.82,59.45
TXN0003100,CUST00441,2025-10-20,Mobile App,Home & Kitchen,4,6.45,25.8
TXN0003101,CUST00441,2026-06-30,In-Store,Home & Kitchen,4,30.78,123.11
TXN0003102,CUST00441,2026-04-20,Website,Groceries,3,25.69,77.06
TXN0003103,CUST00441,2026-06-10,Website,Electronics,3,222.18,666.53
TXN0003104,CUST00441,2025-09-15,In-Store,Books,3,4.34,13.01
TXN0003105,CUST00441,2025-10-19,In-Store,Electronics,2,94.97,189.94
TXN0003106,CUST00441,2025-11-17,Mobile App,Sports & Outdoors,2,47.44,94.88
TXN0003107,CUST00441,2025-09-08,Website,Electronics,4,137.88,551.5
TXN0003108,CUST00441,2025-11-28,Website,Books,3,11.12,33.35
TXN0003109,CUST00441,2026-05-08,Mobile App,Electronics,1,629.03,629.03
TXN0003110,CUST00441,2026-01-31,Website,Home & Kitchen,3,84.17,252.52
TXN0003111,CUST00441,2026-08-20,Website,Home & Kitchen,1,150.39,150.39
TXN0003112,CUST00441,2026-07-26,Mobile App,Sports & Outdoors,1,23.82,23.82
TXN0003113,CUST00441,2025-09-10,In-Store,Groceries,2,11.46,22.91
TXN0003114,CUST00441,2026-01-02,Website,Sports & Outdoors,3,20.22,60.67
TXN0003115,CUST00441,2026-05-09,Mobile App,Apparel,2,34.15,68.29
TXN0003116,CUST00441,2026-02-17,In-Store,Apparel,4,6.79,27.16
TXN0003117,CUST00441,2026-02-20,Mobile App,Apparel,2,44.24,88.49
TXN0003118,CUST00442,2026-06-27,Mobile App,Beauty,2,27.16,54.33
TXN0003119,CUST00442,2026-07-05,Mobile App,Sports & Outdoors,1,249.87,249.87
TXN0003120,CUST00442,2025-10-13,In-Store,Electronics,1,592.52,592.52
TXN0003121,CUST00442,2025-10-02,In-Store,Toys,3,23.56,70.67
TXN0003122,CUST00442,2026-07-05,In-Store,Apparel,4,19.33,77.33
TXN0003123,CUST00443,2026-02-26,Mobile App,Electronics,2,29.0,58.0
TXN0003124,CUST00443,2026-02-24,Website,Electronics,1,797.95,797.95
TXN0003125,CUST00443,2026-05-08,Mobile App,Sports & Outdoors,1,197.98,197.98
TXN0003126,CUST00443,2026-03-18,Mobile App,Electronics,4,58.32,233.29
TXN0003127,CUST00443,2026-07-29,Website,Toys,3,10.37,31.11
TXN0003128,CUST00443,2026-05-24,In-Store,Apparel,4,36.16,144.65
TXN0003129,CUST00443,2026-05-24,In-Store,Beauty,3,15.09,45.26
TXN0003130,CUST00443,2026-08-15,Website,Electronics,1,107.19,107.19
TXN0003131,CUST00443,2026-05-12,In-Store,Groceries,3,4.39,13.16
TXN0003132,CUST00443,2026-05-21,Website,Books,3,8.32,24.96
TXN0003133,CUST00443,2026-04-18,In-Store,Home & Kitchen,4,57.96,231.83
TXN0003134,CUST00443,2026-02-04,Website,Home & Kitchen,2,141.82,283.65
TXN0003135,CUST00443,2026-07-03,Website,Toys,3,10.67,32.0
TXN0003136,CUST00443,2026-06-13,Mobile App,Apparel,1,49.44,49.44
TXN0003137,CUST00443,2026-07-28,Mobile App,Groceries,4,3.69,14.75
TXN0003138,CUST00443,2026-01-24,In-Store,Electronics,1,672.19,672.19
TXN0003139,CUST00443,2026-06-14,In-Store,Sports & Outdoors,4,17.71,70.85
TXN0003140,CUST00443,2026-06-14,Mobile App,Electronics,1,439.5,439.5
TXN0003141,CUST00443,2026-04-13,Website,Home & Kitchen,1,139.42,139.42
TXN0003142,CUST00443,2026-05-25,In-Store,Beauty,1,88.73,88.73
TXN0003143,CUST00443,2026-08-11,Mobile App,Beauty,4,10.63,42.52
TXN0003144,CUST00443,2026-07-17,In-Store,Apparel,1,125.45,125.45
TXN0003145,CUST00443,2026-02-21,Website,Toys,2,7.91,15.81
TXN0003146,CUST00443,2026-02-05,Website,Home & Kitchen,3,78.31,234.93
TXN0003147,CUST00443,2026-07-16,In-Store,Sports & Outdoors,4,6.81,27.23
TXN0003148,CUST00443,2026-06-09,Mobile App,Home & Kitchen,1,142.15,142.15
TXN0003149,CUST00444,2026-05-11,Mobile App,Toys,2,21.98,43.96
TXN0003150,CUST00444,2026-08-13,Mobile App,Groceries,1,26.78,26.78
TXN0003151,CUST00444,2026-06-07,Website,Groceries,1,72.23,72.23
TXN0003152,CUST00444,2026-02-17,In-Store,Toys,3,24.14,72.42
TXN0003153,CUST00445,2026-08-11,Website,Home & Kitchen,2,67.05,134.09
TXN0003154,CUST00445,2026-04-20,Website,Sports & Outdoors,1,159.41,159.41
TXN0003155,CUST00445,2026-08-04,Website,Sports & Outdoors,1,121.11,121.11
TXN0003156,CUST00446,2026-03-10,In-Store,Sports & Outdoors,1,248.4,248.4
TXN0003157,CUST00446,2026-06-17,In-Store,Groceries,1,48.06,48.06
TXN0003158,CUST00446,2026-06-18,Mobile App,Toys,2,44.67,89.35
TXN0003159,CUST00446,2026-08-11,Mobile App,Books,4,8.13,32.53
TXN0003160,CUST00446,2026-05-08,In-Store,Groceries,4,16.82,67.27
TXN0003161,CUST00447,2026-02-13,In-Store,Groceries,3,5.3,15.89
TXN0003162,CUST00448,2025-09-13,Website,Beauty,1,23.22,23.22
TXN0003163,CUST00448,2026-04-15,Website,Groceries,2,23.86,47.71
TXN0003164,CUST00448,2025-12-21,In-Store,Beauty,2,9.88,19.75
TXN0003165,CUST00448,2025-09-15,Website,Home & Kitchen,4,59.34,237.36
TXN0003166,CUST00448,2025-09-21,Mobile App,Electronics,1,355.86,355.86
TXN0003167,CUST00449,2026-08-05,Mobile App,Books,4,7.12,28.49
TXN0003168,CUST00449,2026-01-24,In-Store,Electronics,2,265.73,531.45
TXN0003169,CUST00449,2026-01-30,Mobile App,Groceries,2,23.56,47.12
TXN0003170,CUST00449,2025-11-16,Mobile App,Beauty,3,13.11,39.32
TXN0003171,CUST00449,2026-08-10,Mobile App,Home & Kitchen,1,204.03,204.03
TXN0003172,CUST00450,2026-08-05,In-Store,Groceries,3,22.37,67.1
TXN0003173,CUST00450,2026-05-05,In-Store,Apparel,4,36.88,147.52
TXN0003174,CUST00450,2026-08-04,Website,Home & Kitchen,3,44.58,133.74
TXN0003175,CUST00450,2026-05-14,Mobile App,Home & Kitchen,3,47.19,141.56
TXN0003176,CUST00450,2026-07-26,Website,Books,3,8.78,26.33
TXN0003177,CUST00450,2026-05-28,Mobile App,Apparel,2,69.83,139.67
TXN0003178,CUST00450,2026-07-23,Website,Toys,1,74.7,74.7
TXN0003179,CUST00450,2026-07-11,Mobile App,Home & Kitchen,3,78.21,234.62
TXN0003180,CUST00450,2026-05-09,Mobile App,Apparel,2,24.5,49.01
TXN0003181,CUST00450,2026-06-22,In-Store,Books,2,12.66,25.33
TXN0003182,CUST00451,2026-01-29,In-Store,Groceries,3,22.91,68.73
TXN0003183,CUST00451,2026-06-13,Mobile App,Electronics,2,345.49,690.98
TXN0003184,CUST00451,2025-12-16,Mobile App,Beauty,4,2.52,10.09
TXN0003185,CUST00451,2026-04-30,Mobile App,Books,1,10.0,10.0
TXN0003186,CUST00451,2025-10-13,Website,Books,1,24.12,24.12
TXN0003187,CUST00452,2026-04-23,Mobile App,Sports & Outdoors,1,208.54,208.54
TXN0003188,CUST00453,2026-07-27,In-Store,Books,3,8.3,24.89
TXN0003189,CUST00453,2026-06-09,Website,Apparel,3,43.6,130.81
TXN0003190,CUST00453,2026-06-05,Website,Books,2,16.38,32.76
TXN0003191,CUST00453,2026-08-04,In-Store,Toys,2,30.68,61.37
TXN0003192,CUST00453,2026-06-03,Website,Sports & Outdoors,3,22.27,66.82
TXN0003193,CUST00453,2026-06-17,Website,Toys,3,15.08,45.25
TXN0003194,CUST00453,2026-05-26,Website,Electronics,4,146.44,585.74
TXN0003195,CUST00453,2026-07-16,In-Store,Books,4,8.1,32.41
TXN0003196,CUST00454,2026-06-14,Website,Home & Kitchen,1,116.47,116.47
TXN0003197,CUST00454,2026-04-04,Mobile App,Toys,4,17.0,68.0
TXN0003198,CUST00454,2026-01-30,In-Store,Electronics,1,786.49,786.49
TXN0003199,CUST00454,2026-01-27,In-Store,Groceries,3,2.24,6.71
TXN0003200,CUST00454,2025-09-10,Website,Beauty,4,6.96,27.86
TXN0003201,CUST00454,2025-12-28,Website,Home & Kitchen,3,95.72,287.17
TXN0003202,CUST00454,2026-02-09,Website,Home & Kitchen,4,19.18,76.73
TXN0003203,CUST00454,2025-11-15,Website,Apparel,2,38.84,77.67
TXN0003204,CUST00454,2026-05-01,In-Store,Home & Kitchen,1,209.85,209.85
TXN0003205,CUST00454,2025-10-21,Mobile App,Electronics,2,167.44,334.87
TXN0003206,CUST00454,2026-02-21,In-Store,Beauty,3,28.09,84.27
TXN0003207,CUST00454,2026-04-10,Website,Toys,3,17.9,53.69
TXN0003208,CUST00454,2026-03-03,Website,Beauty,1,29.64,29.64
TXN0003209,CUST00454,2025-12-09,In-Store,Groceries,1,28.03,28.03
TXN0003210,CUST00454,2026-01-31,Mobile App,Home & Kitchen,3,87.36,262.08
TXN0003211,CUST00454,2026-07-19,Website,Books,1,17.41,17.41
TXN0003212,CUST00454,2026-02-14,In-Store,Apparel,3,24.4,73.21
TXN0003213,CUST00454,2025-10-19,In-Store,Beauty,3,16.89,50.66
TXN0003214,CUST00454,2025-10-12,In-Store,Books,1,23.05,23.05
TXN0003215,CUST00454,2026-07-18,In-Store,Toys,4,17.32,69.27
TXN0003216,CUST00454,2026-06-25,Mobile App,Home & Kitchen,1,276.25,276.25
TXN0003217,CUST00454,2026-03-03,Website,Home & Kitchen,4,49.73,198.94
TXN0003218,CUST00454,2025-12-11,In-Store,Home & Kitchen,2,24.32,48.65
TXN0003219,CUST00454,2025-09-13,Website,Books,3,4.5,13.49
TXN0003220,CUST00455,2026-03-05,In-Store,Toys,4,7.18,28.71
TXN0003221,CUST00455,2026-02-27,In-Store,Beauty,2,44.37,88.73
TXN0003222,CUST00455,2026-03-10,In-Store,Home & Kitchen,3,57.39,172.18
TXN0003223,CUST00455,2026-05-08,Mobile App,Sports & Outdoors,4,17.2,68.79
TXN0003224,CUST00456,2025-09-30,Mobile App,Books,1,20.89,20.89
TXN0003225,CUST00457,2026-04-21,Mobile App,Electronics,4,88.0,351.99
TXN0003226,CUST00457,2026-03-19,Website,Books,2,12.29,24.58
TXN0003227,CUST00457,2025-11-26,In-Store,Electronics,1,323.81,323.81
TXN0003228,CUST00457,2025-11-26,Website,Home & Kitchen,2,21.81,43.62
TXN0003229,CUST00458,2025-09-25,Website,Sports & Outdoors,2,46.02,92.05
TXN0003230,CUST00458,2026-02-24,Website,Books,3,9.91,29.72
TXN0003231,CUST00458,2025-10-07,Website,Sports & Outdoors,4,35.42,141.68
TXN0003232,CUST00458,2026-04-22,In-Store,Groceries,2,17.68,35.37
TXN0003233,CUST00458,2025-10-30,Mobile App,Home & Kitchen,2,20.18,40.37
TXN0003234,CUST00458,2025-10-31,Website,Books,1,39.01,39.01
TXN0003235,CUST00458,2026-01-15,Mobile App,Groceries,3,7.55,22.64
TXN0003236,CUST00458,2025-09-25,In-Store,Electronics,2,382.41,764.82
TXN0003237,CUST00458,2026-07-08,In-Store,Electronics,1,688.15,688.15
TXN0003238,CUST00458,2025-12-12,In-Store,Beauty,4,17.4,69.61
TXN0003239,CUST00459,2026-03-26,Mobile App,Groceries,3,14.35,43.05
TXN0003240,CUST00459,2026-02-06,Mobile App,Groceries,3,23.73,71.19
TXN0003241,CUST00459,2026-04-25,In-Store,Apparel,3,34.13,102.38
TXN0003242,CUST00459,2026-04-08,Website,Toys,1,86.99,86.99
TXN0003243,CUST00459,2025-11-30,Mobile App,Toys,2,8.66,17.33
TXN0003244,CUST00460,2026-08-10,In-Store,Books,4,5.58,22.32
TXN0003245,CUST00460,2026-07-06,Website,Home & Kitchen,4,6.83,27.34
TXN0003246,CUST00461,2026-04-07,Website,Apparel,1,145.08,145.08
TXN0003247,CUST00461,2026-04-07,Mobile App,Toys,4,12.4,49.59
TXN0003248,CUST00461,2026-07-10,Website,Home & Kitchen,4,64.99,259.97
TXN0003249,CUST00462,2026-04-01,Mobile App,Home & Kitchen,2,127.19,254.37
TXN0003250,CUST00462,2026-07-06,Website,Beauty,1,54.45,54.45
TXN0003251,CUST00462,2025-10-04,In-Store,Sports & Outdoors,1,175.17,175.17
TXN0003252,CUST00462,2026-03-07,Website,Home & Kitchen,2,105.53,211.05
TXN0003253,CUST00462,2025-08-29,Website,Groceries,3,23.74,71.23
TXN0003254,CUST00462,2025-10-08,In-Store,Books,3,6.73,20.19
TXN0003255,CUST00462,2025-10-27,Mobile App,Electronics,1,72.98,72.98
TXN0003256,CUST00462,2026-02-14,Website,Home & Kitchen,3,79.32,237.95
TXN0003257,CUST00463,2026-05-03,Website,Home & Kitchen,4,70.39,281.58
TXN0003258,CUST00463,2026-07-05,Mobile App,Books,3,4.76,14.28
TXN0003259,CUST00463,2026-08-09,In-Store,Groceries,2,9.46,18.93
TXN0003260,CUST00463,2026-03-31,Mobile App,Home & Kitchen,3,70.46,211.39
TXN0003261,CUST00463,2026-02-18,In-Store,Beauty,2,43.98,87.97
TXN0003262,CUST00463,2026-04-06,Mobile App,Apparel,2,30.46,60.93
TXN0003263,CUST00463,2026-08-12,Website,Sports & Outdoors,3,19.62,58.85
TXN0003264,CUST00463,2026-01-03,Mobile App,Toys,3,8.08,24.23
TXN0003265,CUST00463,2026-04-26,Website,Home & Kitchen,2,66.51,133.02
TXN0003266,CUST00463,2026-05-02,In-Store,Beauty,3,13.63,40.9
TXN0003267,CUST00463,2026-01-16,Website,Apparel,4,22.65,90.59
TXN0003268,CUST00463,2025-12-13,Website,Electronics,4,190.93,763.72
TXN0003269,CUST00463,2025-10-11,Mobile App,Books,3,12.8,38.39
TXN0003270,CUST00463,2025-08-31,Website,Sports & Outdoors,3,64.22,192.66
TXN0003271,CUST00463,2025-10-06,In-Store,Beauty,3,3.56,10.68
TXN0003272,CUST00463,2025-09-01,Mobile App,Apparel,1,133.5,133.5
TXN0003273,CUST00463,2026-08-11,In-Store,Apparel,4,34.59,138.37
TXN0003274,CUST00463,2026-07-02,Website,Beauty,3,18.98,56.94
TXN0003275,CUST00463,2025-11-10,Mobile App,Groceries,1,64.51,64.51
TXN0003276,CUST00464,2026-05-01,Website,Groceries,3,3.87,11.62
TXN0003277,CUST00464,2026-05-01,Mobile App,Sports & Outdoors,2,104.75,209.49
TXN0003278,CUST00464,2026-02-22,Website,Home & Kitchen,2,61.26,122.51
TXN0003279,CUST00465,2026-06-01,Mobile App,Apparel,4,11.79,47.15
TXN0003280,CUST00465,2026-07-07,Mobile App,Sports & Outdoors,3,8.59,25.76
TXN0003281,CUST00465,2026-02-26,In-Store,Home & Kitchen,1,215.2,215.2
TXN0003282,CUST00465,2026-03-22,Website,Apparel,3,6.58,19.75
TXN0003283,CUST00466,2026-02-09,Mobile App,Apparel,4,27.24,108.97
TXN0003284,CUST00466,2026-02-13,Mobile App,Home & Kitchen,1,232.17,232.17
TXN0003285,CUST00466,2025-09-03,Website,Home & Kitchen,3,28.6,85.8
TXN0003286,CUST00466,2025-10-25,Mobile App,Home & Kitchen,4,70.46,281.85
TXN0003287,CUST00466,2025-10-20,Mobile App,Sports & Outdoors,4,54.51,218.05
TXN0003288,CUST00467,2026-05-06,Mobile App,Groceries,2,13.7,27.4
TXN0003289,CUST00467,2026-08-08,Website,Sports & Outdoors,3,44.97,134.9
TXN0003290,CUST00467,2026-02-12,Mobile App,Sports & Outdoors,4,46.81,187.23
TXN0003291,CUST00467,2026-07-02,In-Store,Sports & Outdoors,3,66.7,200.09
TXN0003292,CUST00468,2026-03-25,Mobile App,Groceries,1,76.85,76.85
TXN0003293,CUST00468,2025-11-07,In-Store,Books,1,39.53,39.53
TXN0003294,CUST00468,2026-03-19,Website,Electronics,1,711.87,711.87
TXN0003295,CUST00468,2026-06-23,Website,Groceries,2,16.47,32.94
TXN0003296,CUST00468,2025-09-14,Mobile App,Beauty,2,8.28,16.55
TXN0003297,CUST00469,2025-08-29,Mobile App,Apparel,3,40.97,122.91
TXN0003298,CUST00469,2026-04-10,Website,Electronics,4,73.25,292.98
TXN0003299,CUST00470,2026-05-10,Mobile App,Books,2,12.89,25.78
TXN0003300,CUST00471,2026-08-14,Website,Groceries,4,17.21,68.83
TXN0003301,CUST00471,2026-06-28,Website,Toys,2,10.77,21.53
TXN0003302,CUST00471,2026-05-19,Mobile App,Toys,3,22.52,67.55
TXN0003303,CUST00471,2026-03-29,Mobile App,Home & Kitchen,2,114.56,229.13
TXN0003304,CUST00471,2026-03-14,Website,Home & Kitchen,3,92.46,277.39
TXN0003305,CUST00471,2025-12-09,Website,Apparel,2,42.99,85.99
TXN0003306,CUST00471,2026-02-18,Mobile App,Apparel,2,57.25,114.5
TXN0003307,CUST00471,2026-02-17,In-Store,Home & Kitchen,2,38.02,76.05
TXN0003308,CUST00471,2026-03-27,In-Store,Electronics,1,520.18,520.18
TXN0003309,CUST00472,2026-04-04,Website,Electronics,2,357.06,714.11
TXN0003310,CUST00472,2026-04-28,Mobile App,Toys,4,5.7,22.81
TXN0003311,CUST00472,2026-06-17,Website,Home & Kitchen,4,58.69,234.74
TXN0003312,CUST00472,2026-02-18,Mobile App,Apparel,2,52.4,104.8
TXN0003313,CUST00472,2026-05-11,In-Store,Sports & Outdoors,3,42.61,127.82
TXN0003314,CUST00472,2026-03-05,Website,Sports & Outdoors,3,49.03,147.08
TXN0003315,CUST00472,2026-01-25,Mobile App,Books,1,12.95,12.95
TXN0003316,CUST00472,2025-12-18,Website,Apparel,4,21.0,83.98
TXN0003317,CUST00473,2026-04-06,In-Store,Beauty,4,18.91,75.66
TXN0003318,CUST00473,2026-08-06,Website,Home & Kitchen,1,221.12,221.12
TXN0003319,CUST00473,2026-05-28,Mobile App,Home & Kitchen,2,18.86,37.73
TXN0003320,CUST00473,2026-06-05,Website,Beauty,2,46.66,93.32
TXN0003321,CUST00474,2026-02-21,Website,Home & Kitchen,2,31.73,63.45
TXN0003322,CUST00474,2026-07-31,Mobile App,Home & Kitchen,4,71.88,287.5
TXN0003323,CUST00474,2025-12-29,In-Store,Apparel,2,50.73,101.45
TXN0003324,CUST00474,2026-05-05,Mobile App,Home & Kitchen,2,43.1,86.21
TXN0003325,CUST00474,2025-09-03,Website,Sports & Outdoors,2,90.04,180.08
TXN0003326,CUST00474,2025-12-08,In-Store,Beauty,3,12.94,38.82
TXN0003327,CUST00474,2025-11-04,Website,Apparel,4,20.26,81.03
TXN0003328,CUST00474,2025-12-28,Mobile App,Toys,4,6.88,27.51
TXN0003329,CUST00475,2025-11-18,Website,Electronics,3,159.43,478.28
TXN0003330,CUST00475,2025-11-14,In-Store,Toys,1,58.9,58.9
TXN0003331,CUST00475,2026-07-20,Website,Toys,4,14.57,58.29
TXN0003332,CUST00476,2025-12-27,Website,Home & Kitchen,2,71.62,143.24
TXN0003333,CUST00476,2026-03-31,Website,Beauty,4,17.5,70.0
TXN0003334,CUST00476,2026-06-26,In-Store,Toys,2,33.75,67.5
TXN0003335,CUST00476,2026-04-20,Mobile App,Sports & Outdoors,2,23.75,47.49
TXN0003336,CUST00477,2025-10-13,Website,Apparel,3,11.06,33.19
TXN0003337,CUST00477,2025-12-10,Website,Electronics,2,230.49,460.98
TXN0003338,CUST00477,2026-05-10,Website,Electronics,4,62.24,248.98
TXN0003339,CUST00477,2026-08-07,Mobile App,Toys,4,12.87,51.49
TXN0003340,CUST00477,2026-06-22,Website,Beauty,3,24.13,72.4
TXN0003341,CUST00477,2026-04-26,Mobile App,Sports & Outdoors,4,14.6,58.39
TXN0003342,CUST00477,2026-05-18,In-Store,Electronics,3,67.17,201.5
TXN0003343,CUST00477,2026-06-09,In-Store,Beauty,1,93.03,93.03
TXN0003344,CUST00477,2026-06-10,In-Store,Sports & Outdoors,1,40.73,40.73
TXN0003345,CUST00477,2026-06-27,Website,Home & Kitchen,1,287.15,287.15
TXN0003346,CUST00478,2026-04-07,In-Store,Home & Kitchen,3,79.39,238.18
TXN0003347,CUST00478,2025-12-06,Mobile App,Apparel,4,13.97,55.88
TXN0003348,CUST00478,2026-05-23,Website,Beauty,2,7.55,15.1
TXN0003349,CUST00478,2026-04-24,In-Store,Books,1,39.75,39.75
TXN0003350,CUST00479,2025-10-12,Mobile App,Toys,1,17.43,17.43
TXN0003351,CUST00479,2025-11-06,Website,Electronics,2,262.49,524.97
TXN0003352,CUST00479,2026-04-02,Website,Home & Kitchen,4,13.27,53.06
TXN0003353,CUST00479,2025-10-02,Mobile App,Home & Kitchen,1,34.98,34.98
TXN0003354,CUST00479,2026-01-23,Website,Books,2,10.45,20.89
TXN0003355,CUST00480,2026-08-19,Website,Electronics,3,128.29,384.87
TXN0003356,CUST00480,2025-12-14,Mobile App,Toys,2,42.3,84.59
TXN0003357,CUST00480,2025-11-10,In-Store,Beauty,2,6.67,13.33
TXN0003358,CUST00480,2025-09-12,Mobile App,Sports & Outdoors,1,63.97,63.97
TXN0003359,CUST00480,2025-09-02,Mobile App,Toys,3,20.68,62.05
TXN0003360,CUST00481,2026-08-20,Mobile App,Home & Kitchen,3,78.01,234.02
TXN0003361,CUST00481,2026-08-14,Website,Apparel,4,13.35,53.4
TXN0003362,CUST00481,2026-08-11,Mobile App,Home & Kitchen,1,278.14,278.14
TXN0003363,CUST00481,2026-08-19,Mobile App,Sports & Outdoors,2,122.89,245.77
TXN0003364,CUST00481,2026-08-20,Mobile App,Books,2,6.06,12.12
TXN0003365,CUST00481,2026-08-10,Mobile App,Sports & Outdoors,3,82.91,248.72
TXN0003366,CUST00481,2026-08-10,Mobile App,Apparel,1,124.41,124.41
TXN0003367,CUST00481,2026-08-15,In-Store,Beauty,3,24.8,74.41
TXN0003368,CUST00481,2026-08-17,Website,Toys,1,75.88,75.88
TXN0003369,CUST00481,2026-08-11,Website,Toys,3,6.5,19.49
TXN0003370,CUST00482,2025-11-15,Mobile App,Sports & Outdoors,3,48.06,144.18
TXN0003371,CUST00482,2025-11-27,Website,Home & Kitchen,1,79.36,79.36
TXN0003372,CUST00483,2025-12-27,In-Store,Home & Kitchen,4,6.79,27.18
TXN0003373,CUST00483,2026-01-01,In-Store,Books,2,5.97,11.94
TXN0003374,CUST00483,2025-09-12,Mobile App,Toys,2,16.11,32.23
TXN0003375,CUST00484,2026-07-08,Mobile App,Toys,1,67.51,67.51
TXN0003376,CUST00484,2025-12-01,Mobile App,Electronics,2,179.63,359.26
TXN0003377,CUST00484,2025-10-20,Website,Groceries,1,44.83,44.83
TXN0003378,CUST00484,2026-05-02,Website,Groceries,2,38.23,76.47
TXN0003379,CUST00484,2026-02-28,In-Store,Electronics,3,72.13,216.38
TXN0003380,CUST00485,2026-04-25,Website,Apparel,3,5.76,17.28
TXN0003381,CUST00485,2026-05-08,In-Store,Books,4,9.65,38.61
TXN0003382,CUST00485,2026-07-26,Website,Groceries,3,17.24,51.72
TXN0003383,CUST00485,2026-01-31,Mobile App,Sports & Outdoors,4,25.6,102.41
TXN0003384,CUST00486,2026-02-14,In-Store,Groceries,1,40.97,40.97
TXN0003385,CUST00486,2026-06-27,Website,Groceries,1,39.63,39.63
TXN0003386,CUST00487,2025-10-30,Website,Electronics,1,626.87,626.87
TXN0003387,CUST00487,2025-10-29,Website,Electronics,4,163.64,654.57
TXN0003388,CUST00487,2026-04-14,Mobile App,Apparel,3,25.22,75.66
TXN0003389,CUST00487,2026-06-10,In-Store,Apparel,4,20.25,81.01
TXN0003390,CUST00487,2026-08-04,Mobile App,Electronics,3,145.88,437.64
TXN0003391,CUST00487,2026-06-24,Mobile App,Home & Kitchen,1,185.97,185.97
TXN0003392,CUST00487,2025-10-07,In-Store,Electronics,2,198.79,397.59
TXN0003393,CUST00487,2025-10-28,Mobile App,Books,2,11.24,22.49
TXN0003394,CUST00487,2026-04-21,Website,Beauty,1,39.89,39.89
TXN0003395,CUST00488,2026-07-06,Website,Groceries,2,20.95,41.9
TXN0003396,CUST00488,2026-07-20,In-Store,Home & Kitchen,2,25.99,51.98
TXN0003397,CUST00488,2025-10-22,Website,Books,3,4.61,13.82
TXN0003398,CUST00489,2025-12-10,Mobile App,Books,4,6.77,27.08
TXN0003399,CUST00489,2026-02-01,Website,Apparel,3,30.26,90.77
TXN0003400,CUST00489,2026-02-25,Website,Beauty,2,32.31,64.63
TXN0003401,CUST00489,2026-05-17,In-Store,Toys,4,20.94,83.76
TXN0003402,CUST00490,2025-10-01,Mobile App,Home & Kitchen,1,42.1,42.1
TXN0003403,CUST00490,2026-04-16,Mobile App,Home & Kitchen,4,53.96,215.85
TXN0003404,CUST00490,2025-12-25,Website,Electronics,4,196.22,784.87
TXN0003405,CUST00490,2025-10-15,Mobile App,Apparel,3,18.98,56.93
TXN0003406,CUST00491,2026-06-28,Website,Apparel,1,122.34,122.34
TXN0003407,CUST00491,2026-02-01,Mobile App,Toys,1,63.32,63.32
TXN0003408,CUST00491,2026-01-23,In-Store,Electronics,3,21.58,64.74
TXN0003409,CUST00491,2026-05-30,Mobile App,Apparel,3,41.92,125.77
TXN0003410,CUST00491,2025-11-23,Mobile App,Sports & Outdoors,1,73.58,73.58
TXN0003411,CUST00492,2026-06-14,In-Store,Electronics,1,241.64,241.64
TXN0003412,CUST00492,2025-12-27,In-Store,Groceries,4,13.37,53.49
TXN0003413,CUST00492,2026-02-24,In-Store,Books,4,8.27,33.07
TXN0003414,CUST00492,2025-09-26,Mobile App,Apparel,4,10.46,41.82
TXN0003415,CUST00492,2026-01-08,Mobile App,Books,3,6.74,20.23
TXN0003416,CUST00492,2026-05-25,Website,Books,2,19.29,38.57
TXN0003417,CUST00493,2026-01-03,Mobile App,Electronics,3,137.92,413.77
TXN0003418,CUST00493,2026-04-23,Website,Home & Kitchen,4,58.35,233.41
TXN0003419,CUST00494,2025-10-20,Website,Groceries,1,48.71,48.71
TXN0003420,CUST00494,2026-05-25,In-Store,Toys,1,74.56,74.56
TXN0003421,CUST00495,2026-01-25,Website,Books,2,17.57,35.14
TXN0003422,CUST00495,2025-11-17,Website,Toys,4,3.52,14.08
TXN0003423,CUST00495,2026-06-11,In-Store,Home & Kitchen,4,12.4,49.59
TXN0003424,CUST00496,2026-06-06,In-Store,Electronics,3,174.37,523.12
TXN0003425,CUST00497,2026-01-21,In-Store,Apparel,4,11.69,46.75
TXN0003426,CUST00498,2026-02-08,In-Store,Apparel,1,146.76,146.76
TXN0003427,CUST00498,2026-06-29,Mobile App,Groceries,1,74.59,74.59
TXN0003428,CUST00498,2026-06-09,In-Store,Apparel,4,36.51,146.02
TXN0003429,CUST00498,2026-01-04,In-Store,Groceries,2,22.57,45.13
TXN0003430,CUST00498,2025-09-06,In-Store,Toys,3,28.58,85.74
TXN0003431,CUST00499,2025-10-18,Mobile App,Beauty,4,15.35,61.4
TXN0003432,CUST00499,2025-08-30,In-Store,Sports & Outdoors,1,117.85,117.85
TXN0003433,CUST00499,2026-06-13,Mobile App,Electronics,3,219.63,658.9
TXN0003434,CUST00499,2026-08-01,Mobile App,Books,4,5.79,23.18
TXN0003435,CUST00499,2025-09-26,Mobile App,Home & Kitchen,4,63.95,255.79
TXN0003436,CUST00499,2025-12-18,Mobile App,Groceries,1,49.68,49.68
TXN0003437,CUST00499,2026-08-15,In-Store,Apparel,4,35.28,141.11
TXN0003438,CUST00499,2025-10-25,Mobile App,Groceries,4,16.09,64.36
TXN0003439,CUST00499,2025-09-18,Mobile App,Home & Kitchen,4,37.44,149.74
TXN0003440,CUST00499,2026-05-27,Mobile App,Toys,1,63.17,63.17
TXN0003441,CUST00499,2026-04-21,Website,Sports & Outdoors,1,68.89,68.89
TXN0003442,CUST00499,2026-04-14,Website,Apparel,4,30.42,121.67
TXN0003443,CUST00499,2026-07-17,Website,Books,2,4.71,9.41
TXN0003444,CUST00499,2025-09-16,Website,Groceries,2,27.78,55.56
TXN0003445,CUST00499,2026-04-11,Website,Books,4,4.83,19.33
TXN0003446,CUST00499,2026-05-10,Mobile App,Books,1,13.82,13.82
TXN0003447,CUST00499,2026-04-21,In-Store,Books,3,10.15,30.46
TXN0003448,CUST00499,2026-03-02,In-Store,Books,2,10.14,20.28
TXN0003449,CUST00499,2025-12-11,Mobile App,Books,4,2.21,8.82
TXN0003450,CUST00499,2026-01-18,Mobile App,Home & Kitchen,1,38.13,38.13
TXN0003451,CUST00499,2026-04-29,Website,Sports & Outdoors,2,19.51,39.02
TXN0003452,CUST00499,2026-03-14,Website,Sports & Outdoors,2,75.65,151.3
TXN0003453,CUST00500,2025-12-14,Mobile App,Groceries,2,22.85,45.7
TXN0003454,CUST00500,2026-05-21,Website,Beauty,4,8.48,33.93
TXN0003455,CUST00500,2026-07-20,Mobile App,Beauty,4,16.32,65.27
TXN0003456,CUST00500,2025-08-29,Website,Groceries,2,17.32,34.64
TXN0003457,CUST00500,2025-12-05,In-Store,Toys,1,58.16,58.16
TXN0003458,CUST00500,2026-03-05,Mobile App,Apparel,1,27.04,27.04
TXN0003459,CUST00500,2026-07-24,Website,Apparel,2,47.09,94.18
TXN0003460,CUST00500,2026-05-06,Website,Home & Kitchen,2,149.8,299.6
TXN0003461,CUST00500,2026-02-03,Mobile App,Apparel,4,11.6,46.41
TXN0003462,CUST00500,2025-11-08,Mobile App,Electronics,2,153.15,306.3
